title,totalScore,reviewsCount,street,city,state,countryCode,website,phone,categories/0,categories/1,categories/2,categories/3,categories/4,categories/5,categories/6,url,categoryName,
Kost HDR putra 3,5,6,Jl. Teratai V RT 04 RW 12 Kel,Bandung City,West Java,ID,,+62 898-2920-527,Lodge,,,,,,,https://www.google.com/maps/search/?api=1&query=Kost%20HDR%20putra%203&query_place_id=ChIJz31oLxHDaC4R4QW4ENxhYJA,Lodge,
Rumah Kos Satata Panyileukan Bandung ( Putra ),5,7,Jl. Sakola II No.21A,Bandung City,West Java,ID,,+62 888-0220-1565,Religious lodging,,,,,,,https://www.google.com/maps/search/?api=1&query=Rumah%20Kos%20Satata%20Panyileukan%20Bandung%20(%20Putra%20)&query_place_id=ChIJN7edbivDaC4R6V7kghwg918,Religious lodging,
Kost Asri Putra,5,9,"komplek Patra Asri, Blk. AB No.08, RT.003/RW.2",Bandung City,West Java,ID,,+62 821-1545-7323,Boarding house,,,,,,,https://www.google.com/maps/search/?api=1&query=Kost%20Asri%20Putra&query_place_id=ChIJ43WXjVzdaC4RiFeHVHJ2OFs,Boarding house,
Kost Bumi Rahayu Panyileukan,4.9,45,Jl. Terusan Panyileukan Gg.Samian No.7,Bandung City,West Java,ID,,,Cottage rental,,,,,,,https://www.google.com/maps/search/?api=1&query=Kost%20Bumi%20Rahayu%20Panyileukan&query_place_id=ChIJw2U3MOHDaC4RcXw2flYmJ1E,Cottage rental,
Kost Shafira 2,4.9,11,3P86+5MG,Bandung City,West Java,ID,,,Indoor lodging,,,,,,,https://www.google.com/maps/search/?api=1&query=Kost%20Shafira%202&query_place_id=ChIJP485TB_DaC4RoINhpg4axuQ,Indoor lodging,
Kost Galuh UIN Bandung,4.7,30,Jl. Manisi No.73,Bandung City,West Java,ID,,+62 812-9112-2420,Hotel,,,,,,,https://www.google.com/maps/search/?api=1&query=Kost%20Galuh%20UIN%20Bandung&query_place_id=ChIJZTnBEinDaC4RpxvSDwsuaE0,Hotel,
Kost 3RS Blok Pilar,5,13,Jl. Terusan Panyileukan,Bandung City,West Java,ID,,+62 812-2150-8866,Homestay,,,,,,,https://www.google.com/maps/search/?api=1&query=Kost%203RS%20Blok%20Pilar&query_place_id=ChIJlQoVGHbDaC4R1je91ttQEOA,Homestay,
THE KOSAN Kost Bandung,5,25,"Komp. Bumi Panyileukan Jl. Sehati 10 No.5, RT.04/RW.09",Bandung City,West Java,ID,,+62 878-2145-0102,Boarding house,Indoor lodging,,,,,,https://www.google.com/maps/search/?api=1&query=THE%20KOSAN%20Kost%20Bandung&query_place_id=ChIJF_WA7QvDaC4RdfYKuSAmCXo,Boarding house,
Kost Pak Heri,4.9,33,Jl. Babakansari No.79,Bandung City,West Java,ID,,,Lodging,,,,,,,https://www.google.com/maps/search/?api=1&query=Kost%20Pak%20Heri&query_place_id=ChIJKwS_R2DDaC4Rlfe_MKlLXDs,Lodging,
Kos Putra,5,1,Gg. Bakti 5 No.4,Bandung City,West Java,ID,,+62 821-1589-3394,Housing society,,,,,,,https://www.google.com/maps/search/?api=1&query=Kos%20Putra&query_place_id=ChIJpRHyIQDDaC4RSnNSiAJuiJU,Housing society,
Kost Almuktafa,5,10,"Jl. AH. Nasution, RT.:01 RW:06/RW.No 147",Bandung City,West Java,ID,,+62 821-2702-1001,Boarding house,,,,,,,https://www.google.com/maps/search/?api=1&query=Kost%20Almuktafa&query_place_id=ChIJS3XUhUvDaC4RUf6BLSpjk3U,Boarding house,
Kost Hidayah,4.5,16,Jl. Sakola II,Bandung City,West Java,ID,https://mamikos.com/room/kost-kota-bandung-kost-campur-murah-kost-hidayah-panyileukan-bandung-1,+62 877-0065-0152,Lodge,Cottage rental,,,,,,https://www.google.com/maps/search/?api=1&query=Kost%20Hidayah&query_place_id=ChIJr-mgNFvDaC4RL12TRY3cFEY,Lodge,
Mandiri Kost 2 UIN Bandung,4.8,4,"Jl. Kosambi Kelurahan No.35, RT.002/RW.002",Bandung City,West Java,ID,,+62 813-2282-7408,Property investment company,,,,,,,https://www.google.com/maps/search/?api=1&query=Mandiri%20Kost%202%20UIN%20Bandung&query_place_id=ChIJo2K45ojdaC4R0_Jc9YbJXuI,Property investment company,
KOST PUTRA PUTRI AL MUJIB,4,4,"Komplek patra asri, Jl. Pertamina No.Rt01 Rw 02 Blok L17",Bandung City,West Java,ID,,+62 889-7696-5646,Religious lodging,Hostel,,,,,,https://www.google.com/maps/search/?api=1&query=KOST%20PUTRA%20PUTRI%20AL%20MUJIB&query_place_id=ChIJ_X6FDgDDaC4RNbCorDoJIjc,Religious lodging,
Alfa House Kost,4.7,35,Unnamed Road,Bandung City,West Java,ID,https://mamikos.com/room/kost-bandung-kost-campur-murah-kost-alfa-house-tipe-a-panyileukan-bandung-1,,Boarding house,,,,,,,https://www.google.com/maps/search/?api=1&query=Alfa%20House%20Kost&query_place_id=ChIJt-fLauHDaC4RUl6Xuw-fLu0,Boarding house,
Kost Pondok Delima Putra,5,5,"Pondok Delima Putra, Jl. Cikuda No.20, RT.5/RW.10",Bandung City,West Java,ID,,,Lodge,,,,,,,https://www.google.com/maps/search/?api=1&query=Kost%20Pondok%20Delima%20Putra&query_place_id=ChIJg1rtosTdaC4RKx_LXPT_HSQ,Lodge,
Kost Bu Dewi Mantap (kosan putra),4.7,3,3PC9+5MP,Bandung City,West Java,ID,,+62 819-0111-1959,Hotel,,,,,,,https://www.google.com/maps/search/?api=1&query=Kost%20Bu%20Dewi%20Mantap%20(kosan%20putra)&query_place_id=ChIJz5Ri5E_DaC4RqxBnk3ysPVU,Hotel,
Rumah Kost Puteri Seanu 2,4.8,33,"Kompleks Patra Asri A22 [PERTAMINA, Jl. Soekarno-Hatta No.857",Bandung City,West Java,ID,,+62 811-2240-547,Boarding house,,,,,,,https://www.google.com/maps/search/?api=1&query=Rumah%20Kost%20Puteri%20Seanu%202&query_place_id=ChIJZTqx2tnCaC4RukLw0a5bGq0,Boarding house,
KOST PONDOK SUMBER MULYA,4.1,23,Jl. Gg. Kujang No.65,Bandung City,West Java,ID,,,Extended stay hotel,,,,,,,https://www.google.com/maps/search/?api=1&query=KOST%20PONDOK%20SUMBER%20MULYA&query_place_id=ChIJrckEItbCaC4Rv7xRCyVNDeE,Extended stay hotel,
KOST RIUNG BANDUNG - Riung Agri,4.7,26,Jl. Riung Arum Barat VIII No.115,Bandung City,West Java,ID,,+62 899-7074-121,Homestay,Hotel,,,,,,https://www.google.com/maps/search/?api=1&query=KOST%20RIUNG%20BANDUNG%20-%20Riung%20Agri&query_place_id=ChIJn56LOfXDaC4R_wPGhmURGTI,Homestay,
Kost Madina House,4.6,56,Jl. Mandala No.50,Bandung City,West Java,ID,,+62 821-1617-6815,Extended stay hotel,,,,,,,https://www.google.com/maps/search/?api=1&query=Kost%20Madina%20House&query_place_id=ChIJE7HGadnCaC4RKvKtt1OZm2g,Extended stay hotel,
Kost vgh,3.9,21,Jl. Sakola No.2,Bandung City,West Java,ID,,+62 853-1836-9236,Extended stay hotel,,,,,,,https://www.google.com/maps/search/?api=1&query=Kost%20vgh&query_place_id=ChIJqZY7WgvDaC4ROz-U0dom1CA,Extended stay hotel,
Wisma Arrahman,4.6,32,"Jalan Terusan Saluyu No. 7. RT.8 / RW.12, Kec. Derwati, Bandung",Bandung City,West Java,ID,,+62 812-2342-4492,Guest house,,,,,,,https://www.google.com/maps/search/?api=1&query=Wisma%20Arrahman&query_place_id=ChIJk_oAc5nCaC4RouTyiLC5iVI,Guest house,
Kost Putri Zahra UIN Bandung,4.9,29,Jl. Desa Cipadung No.104,Bandung City,West Java,ID,https://mamikos.com/room/kost-kota-bandung-kost-putri-murah-kost-zahra-cibiru-bandung#/,+62 857-7751-72788,Boarding house,,,,,,,https://www.google.com/maps/search/?api=1&query=Kost%20Putri%20Zahra%20UIN%20Bandung&query_place_id=ChIJCfISMT3DaC4RDkWtZ6cHSbE,Boarding house,
Kost KANIA 1 (Khusus Putra),4.8,6,Jl. Manisi No.125,Bandung City,West Java,ID,,+62 822-9999-1914,Homestay,,,,,,,https://www.google.com/maps/search/?api=1&query=Kost%20KANIA%201%20(Khusus%20Putra)&query_place_id=ChIJG_uNVRzDaC4RFeYyn0JrFhw,Homestay,
Umi Kost ( kosan summarecon bandung ),4.6,9,Jl. Gedebage Selatan,Bandung City,West Java,ID,,+62 853-5280-2023,Hostel,,,,,,,https://www.google.com/maps/search/?api=1&query=Umi%20Kost%20(%20kosan%20summarecon%20bandung%20)&query_place_id=ChIJAS8tZPjDaC4RLHombmwmjWQ,Hostel,
Kosan ibu yati,5,2,Jl. Gg. Kujang No.106,Bandung City,West Java,ID,,+62 853-5381-8119,Extended stay hotel,,,,,,,https://www.google.com/maps/search/?api=1&query=Kosan%20ibu%20yati&query_place_id=ChIJCdFb8lHDaC4RBMmSRvvoaxg,Extended stay hotel,
Kost Kadipaten 1 Antapani (Rumah Biru),4.8,5,"Rumah kos, jln kadipaten 1 2A, belakang griya No.03, RT.05",Bandung City,West Java,ID,,,Condominium complex,,,,,,,https://www.google.com/maps/search/?api=1&query=Kost%20Kadipaten%201%20Antapani%20(Rumah%20Biru)&query_place_id=ChIJqQrw6pHnaC4RTSajfIdYKA8,Condominium complex,
Kosan Putra - Putri pojok ( si uwa ),4.5,13,"3PH2+X4J, Jl. Sindang Sari V",Bandung City,West Java,ID,,,Lodge,,,,,,,https://www.google.com/maps/search/?api=1&query=Kosan%20Putra%20-%20Putri%20pojok%20(%20si%20uwa%20)&query_place_id=ChIJI3lbTojdaC4RGtdf5q-QSLM,Lodge,
Kos putra putri warna hijau sebelah kiri kalau dari bbws,,,"2MV6+X83, Jl. Rancabolang Blk. H",Bandung City,West Java,ID,,,Hostel,,,,,,,https://www.google.com/maps/search/?api=1&query=Kos%20putra%20putri%20warna%20hijau%20sebelah%20kiri%20kalau%20dari%20bbws&query_place_id=ChIJpWAiDQDpaC4RMDKhHGZ19no,Hostel,
Kos Gima Putra/Putri,5,3,Jl. Neptunus Utara II No.5,Bandung City,West Java,ID,,+62 878-2289-9681,Homestay,,,,,,,https://www.google.com/maps/search/?api=1&query=Kos%20Gima%20Putra%2FPutri&query_place_id=ChIJwZDvq7jpaC4R_tngNtV321Q,Homestay,
Kost Putra Putri Mekar Mulya,4.3,6,Jl. Mekar Mulya No.102,Bandung City,West Java,ID,,+62 851-5059-9664,Homestay,,,,,,,https://www.google.com/maps/search/?api=1&query=Kost%20Putra%20Putri%20Mekar%20Mulya&query_place_id=ChIJfZRiGXPdaC4Rd0miwdFIdFc,Homestay,
Kos Putra Manisi 40,,,Jl. Manisi,Bandung City,West Java,ID,,+62 896-4315-3914,Guest house,,,,,,,https://www.google.com/maps/search/?api=1&query=Kos%20Putra%20Manisi%2040&query_place_id=ChIJQyiW4AjDaC4Rot3DskTW31Y,Guest house,
MARIA KOST BULBUL,4.6,25,"Blok N2 No. 15 Sekajati, Jl. Jupiter Barat No.II",Bandung City,West Java,ID,,+62 877-2000-7062,Boarding house,,,,,,,https://www.google.com/maps/search/?api=1&query=MARIA%20KOST%20BULBUL&query_place_id=ChIJtV-7ExnoaC4RW5UwMiI0Asc,Boarding house,
Kobi Kost 1 Buahbatu,4.3,15,Jl. Jupiter Tengah I No.36,Bandung City,West Java,ID,,+62 811-1380-2372,Lodge,,,,,,,https://www.google.com/maps/search/?api=1&query=Kobi%20Kost%201%20Buahbatu&query_place_id=ChIJsxTxSC3paC4R_ZpwullElO4,Lodge,
Kost Orchid Buah Batu Bandung,4.7,23,Jl. Kencana Wangi I No.16,Bandung City,West Java,ID,http://www.instagram.com/kost_orchidbuahbatubandung,+62 896-1076-8228,Lodge,,,,,,,https://www.google.com/maps/search/?api=1&query=Kost%20Orchid%20Buah%20Batu%20Bandung&query_place_id=ChIJBT4Rg_3paC4RJMbFM0FHQDI,Lodge,
Kosan Bebas,3.7,18,"3M75+HW8, Jl. Kawaluyaan Indah VII",Bandung City,West Java,ID,,,Hotel,,,,,,,https://www.google.com/maps/search/?api=1&query=Kosan%20Bebas&query_place_id=ChIJW6xftAfpaC4RexSGwRdKEz4,Hotel,
pondok kost bray ca'ang,4.8,26,,Bandung City,West Java,ID,,+62 882-1435-2125,Boarding house,,,,,,,https://www.google.com/maps/search/?api=1&query=pondok%20kost%20bray%20ca'ang&query_place_id=ChIJOd33P-znaC4RgvSkZnJRCJI,Boarding house,
Pondok Kangdilla,4.8,83,"Jl. Sukamanah Baru No.7, RT.005/RW.013",Bandung City,West Java,ID,,+62 815-6002-421,Boarding house,,,,,,,https://www.google.com/maps/search/?api=1&query=Pondok%20Kangdilla&query_place_id=ChIJC4zxxr_paC4RhLTgJ1P5mog,Boarding house,
Little Spring Rooms,5,13,Jl. Jkt 2 No.18,Bandung City,West Java,ID,,+62 821-7825-1916,Homestay,Lodging,,,,,,https://www.google.com/maps/search/?api=1&query=Little%20Spring%20Rooms&query_place_id=ChIJlYn_B83naC4RtoeB-X_ymW8,Homestay,
Kost Margahayu,4.2,33,"Komplek Perumahan, Jl. Yupiter Utama II Jl. Yupiter Barat XII No.4 Blk e2",Bandung City,West Java,ID,,+62 812-8783-2611,Homestay,,,,,,,https://www.google.com/maps/search/?api=1&query=Kost%20Margahayu&query_place_id=ChIJf8-fkBjoaC4RYQhdNnANp5s,Homestay,
Kost Bandung,5,3,Jl. Jupiter Barat No.34,Bandung City,West Java,ID,,,Homestay,,,,,,,https://www.google.com/maps/search/?api=1&query=Kost%20Bandung&query_place_id=ChIJrcKr9NHpaC4RUTB5aXBq4-8,Homestay,
Kost Ibu Tres,4.8,5,Jl. Malangbong 5 No.20,Bandung City,West Java,ID,,+62 815-6066-494,Homestay,,,,,,,https://www.google.com/maps/search/?api=1&query=Kost%20Ibu%20Tres&query_place_id=ChIJTwXOr4nnaC4RvCmgjsUmWlE,Homestay,
Kost HDR family,5,1,Jl kavling p dan k No.32,Bandung City,West Java,ID,,+62 838-2557-3532,Indoor lodging,,,,,,,https://www.google.com/maps/search/?api=1&query=Kost%20HDR%20family&query_place_id=ChIJcSkH09nDaC4RtvRdbKMF8JM,Indoor lodging,
Kosan firdaus indah (Kost Putra),5,2,"3PC7+C5X, Gang Pesantren",Bandung City,West Java,ID,,+62 895-3336-48331,Lodge,,,,,,,https://www.google.com/maps/search/?api=1&query=Kosan%20firdaus%20indah%20(Kost%20Putra)&query_place_id=ChIJWYzIeQDDaC4RXH0hN8dqmNo,Lodge,
KOST SALWA,4.8,9,"Komplek, Jl. Permai Raya No.1, RT.4/RW.8",Bandung City,West Java,ID,,+62 811-2120-086,Lodge,,,,,,,https://www.google.com/maps/search/?api=1&query=KOST%20SALWA&query_place_id=ChIJ5_SuQQzDaC4RB9cePFVx6rs,Lodge,
KOST TIARA HOUSE 2 FASILITAS LENGKAP,4.6,19,"Komplek Bumi Panyileukan, G9 No. 17",Bandung City,West Java,ID,,+62 851-3694-9657,Lodging,,,,,,,https://www.google.com/maps/search/?api=1&query=KOST%20TIARA%20HOUSE%202%20FASILITAS%20LENGKAP&query_place_id=ChIJQSqTDRjDaC4Rr3dxv1BETIQ,Lodging,
Kost Biyono Bandung (khusus Putri),4.7,7,Jl. Graha No.G 01,Bandung City,West Java,ID,,+62 858-5862-5106,Youth hostel,,,,,,,https://www.google.com/maps/search/?api=1&query=Kost%20Biyono%20Bandung%20(khusus%20Putri)&query_place_id=ChIJkUqabDXDaC4RMScV2slQmI0,Youth hostel,
Kost Wisma Elok 2,4.5,24,"Jl. Desa Cipadung, RT.04/RW.04",Bandung City,West Java,ID,,,Lodge,,,,,,,https://www.google.com/maps/search/?api=1&query=Kost%20Wisma%20Elok%202&query_place_id=ChIJGQEqe5rDaC4RQ9k_eW18qDI,Lodge,
KOSTAN ALVARO,4.9,9,"Jl. AH. Nasution Gg, Masjid (Damri No.2",Bandung City,West Java,ID,,+62 878-2182-7586,Homestay,,,,,,,https://www.google.com/maps/search/?api=1&query=KOSTAN%20ALVARO&query_place_id=ChIJU_m6CBXDaC4RDSnlwPc_BsU,Homestay,
Kos putra Terajana,5,2,"3PC9+2GQ, Jl. Manisi",Bandung City,West Java,ID,,,Housing society,,,,,,,https://www.google.com/maps/search/?api=1&query=Kos%20putra%20Terajana&query_place_id=ChIJZVfbcADDaC4R_ZGCijtezfQ,Housing society,
TIBRA KOST,5,2,3PG7+4Q9,Bandung City,West Java,ID,,,Motel,,,,,,,https://www.google.com/maps/search/?api=1&query=TIBRA%20KOST&query_place_id=ChIJkTEdUJ_DaC4Re9whUKHk_f0,Motel,
Kosan Putra,,,"3P54+6X9 Kosan Putra dekat Seserahan Bandung by Sofia, Jl. Sakola",Bandung City,West Java,ID,,,Homestay,,,,,,,https://www.google.com/maps/search/?api=1&query=Kosan%20Putra&query_place_id=ChIJ0WU3HNTDaC4R52727Fxb__E,Homestay,
Kost Cipadung Permai 1/3,5,7,Jl. Permai I No.3,Bandung City,West Java,ID,,+62 821-8328-9514,Extended stay hotel,,,,,,,https://www.google.com/maps/search/?api=1&query=Kost%20Cipadung%20Permai%201%2F3&query_place_id=ChIJ_zKoHAjDaC4RIvg2w445rGw,Extended stay hotel,
Jeni kost,4.5,57,Jl. Sman No.21,Bandung City,West Java,ID,,,Boarding house,,,,,,,https://www.google.com/maps/search/?api=1&query=Jeni%20kost&query_place_id=ChIJwXWeK53CaC4RhG0i2nNwWvg,Boarding house,
KOSAN PONDOK CEMARA,5,10,"3P66+6VP, Jl. Terusan Panyileukan",Bandung City,West Java,ID,,+62 857-0802-5361,Hostel,,,,,,,https://www.google.com/maps/search/?api=1&query=KOSAN%20PONDOK%20CEMARA&query_place_id=ChIJNWzMmRPDaC4R_8UxayV7pIE,Hostel,
Kost N 77 putri sholehah,5,6,Jl. Yupiter Barat XII Blok N II No.77,Bandung City,West Java,ID,,+62 811-2343-991,Hotel,,,,,,,https://www.google.com/maps/search/?api=1&query=Kost%20N%2077%20putri%20sholehah&query_place_id=ChIJFbaWBBvpaC4R5c0xV86Kcnw,Hotel,
Kost Pondok Aren,5,1,"3M46+GH9, Jl. Jupiter Barat",Bandung City,West Java,ID,,+62 878-2212-7222,Hotel,,,,,,,https://www.google.com/maps/search/?api=1&query=Kost%20Pondok%20Aren&query_place_id=ChIJDfCFALfpaC4RjFYCvcgsFSk,Hotel,
Kamar kos,,,Jl. Antapani Lama,Bandung City,West Java,ID,,+62 895-3755-33696,Lodge,,,,,,,https://www.google.com/maps/search/?api=1&query=Kamar%20kos&query_place_id=ChIJx1X6varCaC4RLEN4jkegSr4,Lodge,
Kosan Bu Cucu,4,4,"Jl. Kaum Kidul, RT. 04/01 . No 27A",Bandung City,West Java,ID,https://mamikos.com/room/kost-kota-bandung-kost-campur-murah-kost-ibu-cucu-sukamulya-cinambo-bandung,+62 815-7378-0097,Hostel,,,,,,,https://www.google.com/maps/search/?api=1&query=Kosan%20Bu%20Cucu&query_place_id=ChIJkZdbIl7daC4R0J28nZ7cCZ0,Hostel,
Kost bintangloka rancabolang,4.6,14,Jl. Rancabolang No.28b,Bandung City,West Java,ID,https://mamikos.com/room/kost-kota-bandung-kost-campur-murah-kost-pondok-bintangloka-buahbatu-bandung-2,,Lodge,,,,,,,https://www.google.com/maps/search/?api=1&query=Kost%20bintangloka%20rancabolang&query_place_id=ChIJ01bQoILpaC4R-P6oB5BM8SI,Lodge,
Kost Aina,5,2,Jalan Jupiter Selatan 12 Blok S2 54/58 KAV 1,Bandung City,West Java,ID,,+62 821-1356-5936,Guest house,,,,,,,https://www.google.com/maps/search/?api=1&query=Kost%20Aina&query_place_id=ChIJwRBhClfpaC4RFKPnak1OOfM,Guest house,
Kost pak samudji,4.5,10,"3P44+4R6, Jl. Teratai II",Bandung City,West Java,ID,,+62 853-2046-0987,Lodge,,,,,,,https://www.google.com/maps/search/?api=1&query=Kost%20pak%20samudji&query_place_id=ChIJeTOBybrDaC4R30QPcfPJaDU,Lodge,
Kos Rafli (Putra),,,Jl. Merkuri Utara V No.5,Bandung City,West Java,ID,,,Hostel,,,,,,,https://www.google.com/maps/search/?api=1&query=Kos%20Rafli%20(Putra)&query_place_id=ChIJh05WVQDpaC4RleZgVri63rs,Hostel,
Kost Kosan Cibiru Kosambi Pak Rudy,,,3P89+VV2,Bandung City,West Java,ID,,+62 838-2547-3009,Homestay,Boarding house,Extended stay hotel,Hostel,,,,https://www.google.com/maps/search/?api=1&query=Kost%20Kosan%20Cibiru%20Kosambi%20Pak%20Rudy&query_place_id=ChIJ_XnkzPDDaC4Rhjv2Wfi_nrY,Homestay,
Rumah Kita Kost,4.5,88,"bekas asrama dharma husada, jl.antapani lama no.50, sebelah smpn No.49 Kel",Bandung City,West Java,ID,https://goo.gl/maps/acY2TTkzgWq,+62 878-2186-2692,Boarding house,,,,,,,https://www.google.com/maps/search/?api=1&query=Rumah%20Kita%20Kost&query_place_id=ChIJ4YaFnPLnaC4R8-ePmnLhcHw,Boarding house,
Kosan D'flamboyan,4.5,25,Jl. Antapani Lama Gg. Tarumasari No.6,Bandung City,West Java,ID,,+62 895-2570-2469,Boarding house,Lodging,,,,,,https://www.google.com/maps/search/?api=1&query=Kosan%20D'flamboyan&query_place_id=ChIJ4Qn-gPLnaC4R5yNXclGuSAM,Boarding house,
Kost ababil,,,"3P8C+C3W, Jl. Kosambi",Bandung City,West Java,ID,,,Hostel,,,,,,,https://www.google.com/maps/search/?api=1&query=Kost%20ababil&query_place_id=ChIJzwsFNgDDaC4ReiFJ2RjI5wk,Hostel,
Kosan El-Wina Putri,4.7,44,"Jl. Gg. Kujang No.11, RT.01/RW.06",Bandung City,West Java,ID,,+62 816-831-554,Homestay,,,,,,,https://www.google.com/maps/search/?api=1&query=Kosan%20El-Wina%20Putri&query_place_id=ChIJ97SyG8bDaC4RUwDOi7JSJDo,Homestay,
Cipadung Indah Park,4.3,275,"taman cipadung indah, Komplek Jl. Kemala No.27",Bandung City,West Java,ID,,+62 822-1727-0628,Lodge,Housing development,,,,,,https://www.google.com/maps/search/?api=1&query=Cipadung%20Indah%20Park&query_place_id=ChIJ2dWKsNvCaC4RwurMZJnTLHM,Lodge,
Kos Kamila Panyileukan,5,2,Komp. Bumi Panyileukan No.e12 No 9,Bandung City,West Java,ID,http://instagram.com/houseofshina,+62 878-2407-5689,Boarding house,Homestay,,,,,,https://www.google.com/maps/search/?api=1&query=Kos%20Kamila%20Panyileukan&query_place_id=ChIJLcG-iunDaC4Ri4W2od8JJVE,Boarding house,
Guest House Husna,4.9,11,Jl. Melati Utama No.58 A,Bandung City,West Java,ID,,+62 813-2000-0651,Holiday apartment rental,,,,,,,https://www.google.com/maps/search/?api=1&query=Guest%20House%20Husna&query_place_id=ChIJj3H9eaDDaC4RYyArSfoSTco,Holiday apartment rental,
Kost Putri Pondok Kabumi,4.7,36,"3P45+XF8, Jl. Anyelir 1",Bandung City,West Java,ID,http://wa.me/6285966295444,+62 819-0500-0156,Boarding house,,,,,,,https://www.google.com/maps/search/?api=1&query=Kost%20Putri%20Pondok%20Kabumi&query_place_id=ChIJ3xymtd3CaC4RCnRUCDd5wg0,Boarding house,
Kost Classy,4.5,18,3P55+F67,Bandung City,West Java,ID,,,Hostel,,,,,,,https://www.google.com/maps/search/?api=1&query=Kost%20Classy&query_place_id=ChIJmTH4WZvDaC4RTTMOM4-DgXs,Hostel,
Kosan Metro,4.4,54,"Venus Timur IX No. 1 Margahayu, Jl. Venus Tim. IX No.1",Bandung City,West Java,ID,,+62 812-2122-2260,Indoor lodging,,,,,,,https://www.google.com/maps/search/?api=1&query=Kosan%20Metro&query_place_id=ChIJzTmIVafCaC4Rzup54hqhdHE,Indoor lodging,
Kost Paviliun Mawar,4.4,45,Jl. Parakan Saat III No.145b,Bandung City,West Java,ID,,+62 812-2344-134,Extended stay hotel,,,,,,,https://www.google.com/maps/search/?api=1&query=Kost%20Paviliun%20Mawar&query_place_id=ChIJTcE1J7LDaC4Rk3oZYKUa2rY,Extended stay hotel,
Kost pelita bunda,3.3,16,,Bandung City,West Java,ID,,+62 897-8910-037,Lodge,,,,,,,https://www.google.com/maps/search/?api=1&query=Kost%20pelita%20bunda&query_place_id=ChIJueQ7333DaC4R034g5woGIOg,Lodge,
Kost Pondok Batra,4.3,28,Jl. Baturaden VIII No.6,Bandung City,West Java,ID,,+62 813-2144-9843,Extended stay hotel,,,,,,,https://www.google.com/maps/search/?api=1&query=Kost%20Pondok%20Batra&query_place_id=ChIJ0S6C9iroaC4RZl1t76zA90w,Extended stay hotel,
Kost Pondok Arjuna,5,5,3PC8+2FF,Bandung City,West Java,ID,,+62 823-1605-8109,Lodging,,,,,,,https://www.google.com/maps/search/?api=1&query=Kost%20Pondok%20Arjuna&query_place_id=ChIJDQ1A3LvDaC4Rhq2v5tM0m2w,Lodging,
Kost Putri G-Homes Panyileukan,4.8,22,Bumi Panyileukan Blok Kav. IV RT 03/12,Bandung City,West Java,ID,https://mamikos.com/room/kost-kota-bandung-kost-putri-murah-kost-g-homes-panyileukan-bandung#/,+62 877-2246-8680,Student dormitory,,,,,,,https://www.google.com/maps/search/?api=1&query=Kost%20Putri%20G-Homes%20Panyileukan&query_place_id=ChIJu1X0p07DaC4RwdyRP8tC1AQ,Student dormitory,
Cream House Kost Eksklusif,5,3,"3P56+P6F, Jl. Sakola II",Bandung City,West Java,ID,,+62 878-8346-7835,Apartment building,,,,,,,https://www.google.com/maps/search/?api=1&query=Cream%20House%20Kost%20Eksklusif&query_place_id=ChIJc8uWZ6rDaC4RPxVYeXEnSww,Apartment building,
Kost Pondok Berkah,5,2,Jl. Cidurian Baru No.17,Bandung City,West Java,ID,,,Boarding house,,,,,,,https://www.google.com/maps/search/?api=1&query=Kost%20Pondok%20Berkah&query_place_id=ChIJ8_sfKibpaC4RU2FXLtbTFsU,Boarding house,
Kosan,3,1,Jl. Sukamaju No.3,Bandung City,West Java,ID,,,Apartment building,,,,,,,https://www.google.com/maps/search/?api=1&query=Kosan&query_place_id=ChIJC3kCxBvdaC4R8CllyXrXpXo,Apartment building,
Muzhaffar Kost,3.7,3,"Kel, Jl. Desa Cipadung Kp. Cisalatri No.100a, RT.02/RW.06",Bandung City,West Java,ID,,+62 859-5666-4710,Extended stay hotel,,,,,,,https://www.google.com/maps/search/?api=1&query=Muzhaffar%20Kost&query_place_id=ChIJb1jOJ-rdaC4REzLJmhYN9jM,Extended stay hotel,
B Kost Putri Panyileukan,4.5,18,,Bandung City,West Java,ID,,+62 819-1050-7372,Hotel,,,,,,,https://www.google.com/maps/search/?api=1&query=B%20Kost%20Putri%20Panyileukan&query_place_id=ChIJ7w6DPN_CaC4RKBpj8zq97DQ,Hotel,
Kosan Rahima,5,5,Jl. Teratai VII No.17,Bandung City,West Java,ID,,,Homestay,,,,,,,https://www.google.com/maps/search/?api=1&query=Kosan%20Rahima&query_place_id=ChIJlQaGGwDDaC4RCRhkgdgXpl8,Homestay,
Kos V74 Bandung,,,"Komplek Bina Marga Jl. Golf Selatan I Blk. V No.74, RT.04/RW.10",Bandung City,West Java,ID,,,Cottage rental,,,,,,,https://www.google.com/maps/search/?api=1&query=Kos%20V74%20Bandung&query_place_id=ChIJjw7eKTo6qWkRGxvfmU1Qk4o,Cottage rental,
KARYAIN Kost - Cibiru Manisi (Khusus Putri),4.8,32,"Jl. Sukasari No.30, RT.02/RW.10",Bandung City,West Java,ID,http://karyainkost.com/,+62 857-9400-0980,Marketing agency,Commercial agent,Commercial printer,Courier service,Digital printing service,Marketing consultant,Homestay,https://www.google.com/maps/search/?api=1&query=KARYAIN%20Kost%20-%20Cibiru%20Manisi%20(Khusus%20Putri)&query_place_id=ChIJH6yY1D_paC4RIAl9gz8Z_YA,Marketing agency,
Kost Sehati Antapani Bandung,5,3,Jl. Cikampek XVI No.17,Bandung City,West Java,ID,,+62 852-9407-0694,Boarding house,,,,,,,https://www.google.com/maps/search/?api=1&query=Kost%20Sehati%20Antapani%20Bandung&query_place_id=ChIJ02zmrrPnaC4RWVTybT5RmTQ,Boarding house,
Kost Putri Dekat Asrama ITB,3.8,6,Jl. Cisitu Lama IX No.25,Bandung City,West Java,ID,,+62 818-131-273,Extended stay hotel,,,,,,,https://www.google.com/maps/search/?api=1&query=Kost%20Putri%20Dekat%20Asrama%20ITB&query_place_id=ChIJ6w00fiPnaC4RJLSFb0_C03o,Extended stay hotel,
Kost Putri KANABATIGA (Gerbang Warna Kuning),4.8,28,Jl. Kanayakan Bawah No.3,Bandung City,West Java,ID,,+62 853-7757-8940,Homestay,,,,,,,https://www.google.com/maps/search/?api=1&query=Kost%20Putri%20KANABATIGA%20(Gerbang%20Warna%20Kuning)&query_place_id=ChIJj4o1mP3maC4RKjrW914FkyU,Homestay,
Rumah kost dekat ITB 2.1/1.8 jt. bayar 6 bulan sekaligus dapat diskon,4.3,43,Jl. Dagopojok No.19,Bandung City,West Java,ID,http://thecastilla.weebly.com/,+62 811-9440-583,Guest house,Grocery store,Student dormitory,,,,,https://www.google.com/maps/search/?api=1&query=Rumah%20kost%20dekat%20ITB%202.1%2F1.8%20jt.%20bayar%206%20bulan%20sekaligus%20dapat%20diskon&query_place_id=ChIJuX6-pePmaC4RP-Rb84yS3o4,Guest house,
Kost khusus putri,,,Jl. Panutan II No.15,Bandung City,West Java,ID,,,Boarding house,,,,,,,https://www.google.com/maps/search/?api=1&query=Kost%20khusus%20putri&query_place_id=ChIJtQMlQADdaC4RNSk7-qv0Dpw,Boarding house,
Kost Putri Ibu Diah Tamansari,4.9,8,"Jl. Kebun Binatang RT 04/07 No. 42/56, Jl. Tamansari",Bandung City,West Java,ID,,+62 857-5929-4141,Extended stay hotel,,,,,,,https://www.google.com/maps/search/?api=1&query=Kost%20Putri%20Ibu%20Diah%20Tamansari&query_place_id=ChIJk_6sWb3naC4Rsq3p3RTM8vw,Extended stay hotel,
Kost Putra Aspirasi,5,2,3P55+RM7,Bandung City,West Java,ID,,,Hostel,,,,,,,https://www.google.com/maps/search/?api=1&query=Kost%20Putra%20Aspirasi&query_place_id=ChIJg0EqRQDDaC4R0EI0Yz_DCKM,Hostel,
Kost Putra Griya Manisi 81,5,1,Jl. Manisi No.81,Bandung City,West Java,ID,,+62 896-9689-6282,Hostel,,,,,,,https://www.google.com/maps/search/?api=1&query=Kost%20Putra%20Griya%20Manisi%2081&query_place_id=ChIJX63fGwDDaC4R5L2NF2uktf4,Hostel,
Kost Putra Hani,5,11,"Dekat, Jl. Raya Cibiru No.11",Bandung City,West Java,ID,https://www.instagram.com/kost_putra_hani?igsh=MTFmaXh4ZWp4bmplbA%3D%3D&utm_source=qr,+62 831-1591-1810,Boarding house,,,,,,,https://www.google.com/maps/search/?api=1&query=Kost%20Putra%20Hani&query_place_id=ChIJv_qprlDDaC4R44ixlYPWVDA,Boarding house,
Kost Ibu. Diah,4.2,10,"Taman Cipadung Indah Jl. Aditya No.A26a, RT.008/RW.001",Bandung City,West Java,ID,,,Boarding house,,,,,,,https://www.google.com/maps/search/?api=1&query=Kost%20Ibu.%20Diah&query_place_id=ChIJZVlVoMbDaC4RWTocSTiKz7I,Boarding house,
Kost El - Fajar Putra,4,1,"3P98+VG5 Asrama Puri El-fajar, Jl. Gg. Kujang",Bandung City,West Java,ID,,,Lodge,,,,,,,https://www.google.com/maps/search/?api=1&query=Kost%20El%20-%20Fajar%20Putra&query_place_id=ChIJl7CUaCnDaC4RTEdZGymRcrU,Lodge,
Kost Pondok Mizan Putra,4.8,5,"Jl. Desa Cipadung No.19, RT.2/RW.8",Bandung City,West Java,ID,,+62 822-1922-4989,Motel,Boarding house,Lodge,,,,,https://www.google.com/maps/search/?api=1&query=Kost%20Pondok%20Mizan%20Putra&query_place_id=ChIJJS-XQirDaC4R6W15oTkSLus,Motel,
Kost Putra putri Wisma Dirgantara,4,4,"Gang H.Mulya No.76, RT.2/RW.6",Bandung City,West Java,ID,,+62 812-2175-312,Motel,,,,,,,https://www.google.com/maps/search/?api=1&query=Kost%20Putra%20putri%20Wisma%20Dirgantara&query_place_id=ChIJodY9rgTDaC4RV4Lka_zqsm8,Motel,
kost putri sekeloa tengah 27,4.7,41,4J69+3QW,Bandung City,West Java,ID,,+62 812-2011-7988,Boarding house,,,,,,,https://www.google.com/maps/search/?api=1&query=kost%20putri%20sekeloa%20tengah%2027&query_place_id=ChIJezzz5FTmaC4RKcg59p_gglo,Boarding house,
Kost Putri D&D,4.9,27,"Jl. Gedebage Selatan No.24c RT03, RW.02",Bandung City,West Java,ID,,,Homestay,,,,,,,https://www.google.com/maps/search/?api=1&query=Kost%20Putri%20D%26D&query_place_id=ChIJja0X8UXDaC4RBtQMt23OW5I,Homestay,
Kost Putri Chrysalis,4.6,31,Jl. Sekeloa A No.21,Bandung City,West Java,ID,https://www.facebook.com/Kost-Bandung-Sekeloa-Chrysalis-107182072664929,,Hotel,,,,,,,https://www.google.com/maps/search/?api=1&query=Kost%20Putri%20Chrysalis&query_place_id=ChIJOT9jHDjnaC4Rk2iSsdKnUVs,Hotel,
Kos Putri Al Barri,5,1,Jl. Pamekar Tim. XV No.29,Bandung City,West Java,ID,,,Homestay,,,,,,,https://www.google.com/maps/search/?api=1&query=Kos%20Putri%20Al%20Barri&query_place_id=ChIJV6jzbwDDaC4R4mscODnrm_U,Homestay,
Kosan Wisma Putri Sekeloa Timur,4.8,5,"Jl. Sekeloa Timur Jl. Dipati Ukur No.49, RT.002/RW.003",Bandung City,West Java,ID,,+62 821-6587-2163,Homestay,,,,,,,https://www.google.com/maps/search/?api=1&query=Kosan%20Wisma%20Putri%20Sekeloa%20Timur&query_place_id=ChIJU0QbtKbnaC4RgTaKhGgf0J4,Homestay,
Kost Putri Bunga Anyelir,4.9,12,Jl. Anyelir II No.27,Bandung City,West Java,ID,,+62 878-2805-6209,Lodge,,,,,,,https://www.google.com/maps/search/?api=1&query=Kost%20Putri%20Bunga%20Anyelir&query_place_id=ChIJv8PXVu7DaC4Rm-sEWPJAoBM,Lodge,
Detira Rumah Kost Putri,4.7,11,"Komp. Bumi Panyileukan No.13 Blok C 22, RT.03/RW.03",Bandung City,West Java,ID,,,Boarding house,,,,,,,https://www.google.com/maps/search/?api=1&query=Detira%20Rumah%20Kost%20Putri&query_place_id=ChIJgz-rCXDDaC4RUZfw8qYjpO4,Boarding house,
Kost Sekeloa,3.7,24,"Jl. Sekeloa No.33, RT.02/RW.06",Bandung City,West Java,ID,,+62 858-0627-3207,Extended stay hotel,,,,,,,https://www.google.com/maps/search/?api=1&query=Kost%20Sekeloa&query_place_id=ChIJm_P2pVXmaC4R-UbWXN09mzo,Extended stay hotel,
PONDOK IRAWATI (Kamar Kost Khusus Putri),5,10,Jl. Graha,Bandung City,West Java,ID,,,Apartment complex,Hostel,Homestay,,,,,https://www.google.com/maps/search/?api=1&query=PONDOK%20IRAWATI%20(Kamar%20Kost%20Khusus%20Putri)&query_place_id=ChIJvT1nRo3DaC4RXDrdTNadAgc,Apartment complex,
Home Y Kost Putri,5,23,Komp. Bumi Panyileukan No.14 blok G6,Bandung City,West Java,ID,,+62 857-5982-2848,Boarding house,,,,,,,https://www.google.com/maps/search/?api=1&query=Home%20Y%20Kost%20Putri&query_place_id=ChIJbZ6d9XPDaC4RsLCFewNdY7A,Boarding house,
Kost Pondok Putri Flamboyan 1,4.9,17,Jl. Flamboyan No.1,Bandung City,West Java,ID,https://mamikos.com/room/kost-kota-bandung-kost-putri-murah-kost-pondok-flamboyan-1-panyileukan-bandung,,Hostel,,,,,,,https://www.google.com/maps/search/?api=1&query=Kost%20Pondok%20Putri%20Flamboyan%201&query_place_id=ChIJt1kGoSLDaC4RdIlizR7wvyE,Hostel,
Kos Putri Pondok Rahayu,4.3,15,Jl. Teratai I No.19,Bandung City,West Java,ID,,+62 852-8452-8804,Boarding house,,,,,,,https://www.google.com/maps/search/?api=1&query=Kos%20Putri%20Pondok%20Rahayu&query_place_id=ChIJqw4QB93CaC4Ri5O7W9EcPr8,Boarding house,
Kosan Bowie,4.7,33,Jl. Cilengkrang II Jl. Palasari 2 No.7,Bandung City,West Java,ID,,+62 812-3451-5636,Lodge,,,,,,,https://www.google.com/maps/search/?api=1&query=Kosan%20Bowie&query_place_id=ChIJLciX6C7daC4Rxcph2HopPqA,Lodge,
Kost Ibu Deri,4.8,4,"Jl. Purbaendah Kelurahan No.C45, RT.004/RW.009",Bandung City,West Java,ID,https://mamikos.com/room/kost-kota-bandung-kost-campur-eksklusif-kost-ibu-deri-tipe-a-arcamanik-bandung,+62 838-7188-9345,Vacation home rental agency,,,,,,,https://www.google.com/maps/search/?api=1&query=Kost%20Ibu%20Deri&query_place_id=ChIJ7Z0hZ4LDaC4RNO_EnQxH_u0,Vacation home rental agency,
RIVA KOST,5,1,"3PGC+6GC, Jl. Jatikaler, RT.02/RW.07",Bandung City,West Java,ID,https://rivakostedi6d.beddealid.cfd/,,Lodge,,,,,,,https://www.google.com/maps/search/?api=1&query=RIVA%20KOST&query_place_id=ChIJLQ_FIQDDaC4RjQgkueRojVQ,Lodge,
Kost pidua sepuh,4.8,19,"3P66+868, Jl. Pesantren Al-Mahabbah",Bandung City,West Java,ID,,+62 852-8441-1890,Lodging,,,,,,,https://www.google.com/maps/search/?api=1&query=Kost%20pidua%20sepuh&query_place_id=ChIJEdqiitjDaC4RLMHa26tIwhY,Lodging,
Kost T&W,4.8,5,Jl. Panca Tengah Raya No.6,Bandung City,West Java,ID,https://mamikos.com/room/kost-bandung-kost-campur-eksklusif-kost-tw-cisaranten-arcamanik-bandung#/,+62 878-2507-2107,Homestay,,,,,,,https://www.google.com/maps/search/?api=1&query=Kost%20T%26W&query_place_id=ChIJ43NCGr_DaC4RmPk_R3lrAKU,Homestay,
Kosan 16,4.9,16,3PGC+3J8,Bandung City,West Java,ID,,+62 812-2093-1516,Extended stay hotel,,,,,,,https://www.google.com/maps/search/?api=1&query=Kosan%2016&query_place_id=ChIJL0pwWyvDaC4RFFLHyRQLWl8,Extended stay hotel,
Kost Eksklusif,4.2,56,Jl. Jati Jl. Manisi,Bandung City,West Java,ID,,,Lodging,,,,,,,https://www.google.com/maps/search/?api=1&query=Kost%20Eksklusif&query_place_id=ChIJtXsE5yvDaC4RixOsLnK7L7o,Lodging,
Pondok Gayo 2,4.6,30,,Bandung City,West Java,ID,,,Boarding house,,,,,,,https://www.google.com/maps/search/?api=1&query=Pondok%20Gayo%202&query_place_id=ChIJid94_yvDaC4R2pBe6WVwjn0,Boarding house,
Kosan Citra KDI,4.2,57,"3PG9+FQ5, Jl. Desa Cipadung No.27",Bandung City,West Java,ID,,+62 813-1322-0872,Extended stay hotel,,,,,,,https://www.google.com/maps/search/?api=1&query=Kosan%20Citra%20KDI&query_place_id=ChIJ-_BnYNTcaC4RQ7nYvtA5_Ao,Extended stay hotel,
KOSAN PUTRI 32,4.9,23,Jl. Purwakarta III No.32,Bandung City,West Java,ID,https://api.whatsapp.com/send?phone=6282219064722,+62 822-1906-4722,Hotel,Hostel,,,,,,https://www.google.com/maps/search/?api=1&query=KOSAN%20PUTRI%2032&query_place_id=ChIJk6OMCZ3naC4RGmkXdbTrU1o,Hotel,
Kost Putri Pondok Az-Zahra,4.7,15,Jl. Rancabolang Indah II No.25,Bandung City,West Java,ID,,,Boarding house,,,,,,,https://www.google.com/maps/search/?api=1&query=Kost%20Putri%20Pondok%20Az-Zahra&query_place_id=ChIJl8hz1iPoaC4RRUfCh8KnV_I,Boarding house,
Rumah Kos Putri & Puspa,5,12,Jl. Kencana Puri 2 No.1,Bandung City,West Java,ID,,+62 822-2507-2601,Boarding house,,,,,,,https://www.google.com/maps/search/?api=1&query=Rumah%20Kos%20Putri%20%26%20Puspa&query_place_id=ChIJrziJJdDpaC4RHoSgpwBHufA,Boarding house,
Kos Putri Imah Incu,5,1,Jl. Kalijati 19 No.6,Bandung City,West Java,ID,https://s.id/KosImahIncu_Bandung,+62 821-1894-4433,Guest house,,,,,,,https://www.google.com/maps/search/?api=1&query=Kos%20Putri%20Imah%20Incu&query_place_id=ChIJd4g6mn7naC4RbZ4pEWREiC8,Guest house,
Dela Kost,4.3,108,Jl. Cibodas Baru Jl. Cibodas Raya No.27,Bandung City,West Java,ID,,+62 812-2116-920,Guest house,,,,,,,https://www.google.com/maps/search/?api=1&query=Dela%20Kost&query_place_id=ChIJpQ3ASfnnaC4RchLEZJduT7M,Guest house,
Kos Putri Mantrisa,4.8,5,Jl. Cikajang Raya II No.16 Blok A,Bandung City,West Java,ID,,+62 819-7345-6787,Boarding house,,,,,,,https://www.google.com/maps/search/?api=1&query=Kos%20Putri%20Mantrisa&query_place_id=ChIJybv6aPjnaC4RWSlxr4WHw4w,Boarding house,
Kos Putri Aman Hasanah,4,1,Jl. Fatwa No.F19,Bandung City,West Java,ID,,,Housing complex,,,,,,,https://www.google.com/maps/search/?api=1&query=Kos%20Putri%20Aman%20Hasanah&query_place_id=ChIJy-UUBQDDaC4RkHt6_kYw6I4,Housing complex,
Kost Edelweis (Khusus Putri),4.4,14,"mukti, Jl. Giri Rahayu Jl. Babakan Desa",Bandung City,West Java,ID,,+62 823-2588-5301,Hotel,,,,,,,https://www.google.com/maps/search/?api=1&query=Kost%20Edelweis%20(Khusus%20Putri)&query_place_id=ChIJ_crjMlPDaC4RlJ5vj9D5qrM,Hotel,
Kost vgh 2,4.3,6,Jl. Cikampek XV No.28,Bandung City,West Java,ID,,,Hostel,,,,,,,https://www.google.com/maps/search/?api=1&query=Kost%20vgh%202&query_place_id=ChIJcVjikaTnaC4RvxSoni8zNaA,Hostel,
Kost ciwastra,3,3,Jl. Cijawura Hilir 17 No.99,Bandung City,West Java,ID,,,Lodge,Lodging,,,,,,https://www.google.com/maps/search/?api=1&query=Kost%20ciwastra&query_place_id=ChIJBxr5PELpaC4RMglmArsGnaQ,Lodge,
KOS AGAN MIM,4.9,18,Jl. Yupiter Barat XII No.37 Blk M2,Bandung City,West Java,ID,,+62 851-3500-0341,Boarding house,Hostel,,,,,,https://www.google.com/maps/search/?api=1&query=KOS%20AGAN%20MIM&query_place_id=ChIJBTikAgDpaC4R5wpPrLEetY0,Boarding house,
Kost Putri Wisma Nugraha,5,1,Jl. Fatwa No.16,Bandung City,West Java,ID,,,Boarding house,,,,,,,https://www.google.com/maps/search/?api=1&query=Kost%20Putri%20Wisma%20Nugraha&query_place_id=ChIJxzb7e13DaC4RTRv-VciGtKo,Boarding house,
Kost Eyang Putri,4.9,7,"Jl. Nirwana VII, AC 9 Jl. Citra Bumi Panyileukan No.20, RT.05/RW.13",Bandung City,West Java,ID,,+62 858-3106-2991,Hostel,,,,,,,https://www.google.com/maps/search/?api=1&query=Kost%20Eyang%20Putri&query_place_id=ChIJs78EwUPDaC4Rj-GKlEF23Tg,Hostel,
Kost Putri Airis,4.1,13,Jl. Riung Mungpulung 2 No.11,Bandung City,West Java,ID,https://mamikos.com/room/kost-bandung-kost-putri-murah-kost-airis-riung-bandung-gedebage-bandung/preview#/,+62 811-235-601,Homestay,,,,,,,https://www.google.com/maps/search/?api=1&query=Kost%20Putri%20Airis&query_place_id=ChIJXwnwQ0LDaC4ReXeX2AwDA8Y,Homestay,
Kost Khanza Putri,4.8,5,"Jl. Gg. Kujang No.47, RT.01/RW.06",Bandung City,West Java,ID,,+62 899-4128-293,Extended stay hotel,,,,,,,https://www.google.com/maps/search/?api=1&query=Kost%20Khanza%20Putri&query_place_id=ChIJO4nT0yjDaC4R8CCd6iKqu1Q,Extended stay hotel,
Kost Putri TAQYMALIK,5,7,Jl. Purwakarta IV No.18,Bandung City,West Java,ID,,+62 821-1177-7364,Guest house,,,,,,,https://www.google.com/maps/search/?api=1&query=Kost%20Putri%20TAQYMALIK&query_place_id=ChIJe_fZV3XnaC4RHPSTtwiNmO4,Guest house,
Kost Putri Fathiza,5,14,Jl. Manisi Jati No.17,Bandung City,West Java,ID,,+62 812-2422-913,Lodge,,,,,,,https://www.google.com/maps/search/?api=1&query=Kost%20Putri%20Fathiza&query_place_id=ChIJk2D9fRHDaC4RhHBe9f41cDg,Lodge,
Kosan Putri Tarnis,5,4,Jl. Rancabolang Indah II No.15a,Bandung City,West Java,ID,,+62 895-3406-47281,Extended stay hotel,,,,,,,https://www.google.com/maps/search/?api=1&query=Kosan%20Putri%20Tarnis&query_place_id=ChIJ0TRr6qDpaC4RMHb-uIj5lCs,Extended stay hotel,
Kost Putri Athasa,4.6,9,Saturnus regency No.6B 1/2,Bandung City,West Java,ID,https://mamikos.com/room/kost-bandung-kost-putri-murah-kost-putri-saturnus-tipe-b-rancasari-bandung-1#/,+62 812-8026-2113,Boarding house,,,,,,,https://www.google.com/maps/search/?api=1&query=Kost%20Putri%20Athasa&query_place_id=ChIJa4kgDIzpaC4ReLB_rmq5cBg,Boarding house,
Kost Putri Pondok Alamanda,5,20,Jl. Cisaranten Kulon IV No.09,Bandung City,West Java,ID,,+62 851-3481-2895,Lodge,,,,,,,https://www.google.com/maps/search/?api=1&query=Kost%20Putri%20Pondok%20Alamanda&query_place_id=ChIJnzNMxnXDaC4R-0k9uvKilrY,Lodge,
Kos Ku Warna Hijau,4.8,10,Jl. Cisaranten Kulon IV No.12,Bandung City,West Java,ID,,+62 822-1746-6556,Boarding house,,,,,,,https://www.google.com/maps/search/?api=1&query=Kos%20Ku%20Warna%20Hijau&query_place_id=ChIJdz4eXn7DaC4RmBB8T2FWr_o,Boarding house,
Dkost,5,6,Jl. Kadipaten 14 No.23,Bandung City,West Java,ID,https://mamikos.com/room/kost-kota-bandung-kost-campur-murah-kost-dkost-antapani-bandung,,Boarding house,,,,,,,https://www.google.com/maps/search/?api=1&query=Dkost&query_place_id=ChIJe4cWVQHnaC4RPgd4k5aYl3U,Boarding house,
Kost Bu Cicih,4.8,5,"Jalan Manisi I no 30, RT.001/RW.003",Bandung City,West Java,ID,,,Homestay,,,,,,,https://www.google.com/maps/search/?api=1&query=Kost%20Bu%20Cicih&query_place_id=ChIJ72Z3LwDDaC4Rv891eC37XyQ,Homestay,
Kos Ibu Yayan,4.3,21,"3MVF+F2R, Jl. Banjir Sari",Bandung City,West Java,ID,,+62 882-2289-8456,Lodging,,,,,,,https://www.google.com/maps/search/?api=1&query=Kos%20Ibu%20Yayan&query_place_id=ChIJcaJGN17daC4RzF4OHuHMWEE,Lodging,
Kost Bu ayu,4.4,11,"Jl. Cigending No.206, RT./Rw/RW.07/08",Bandung City,West Java,ID,,,Homestay,,,,,,,https://www.google.com/maps/search/?api=1&query=Kost%20Bu%20ayu&query_place_id=ChIJqaJOly3daC4Rk79okPJ1-Yg,Homestay,
Amerta Kost,4.2,71,"3P44+XJQ, Jl. Cimincrang",Bandung City,West Java,ID,,,Boarding house,,,,,,,https://www.google.com/maps/search/?api=1&query=Amerta%20Kost&query_place_id=ChIJ40RGHd3CaC4RG2w2t_0_67I,Boarding house,
Kobi Kost 2 buahbatu,,,Jl. Uranus No.C3 No.16,Bandung City,West Java,ID,https://linktr.ee/kobi.kost,+62 811-1380-2372,Homestay,,,,,,,https://www.google.com/maps/search/?api=1&query=Kobi%20Kost%202%20buahbatu&query_place_id=ChIJ9TqzQwDpaC4Rp5RvwOmd2cU,Homestay,
Kost Putri Salsabila,4.9,16,"belakang RM sambal cibiuk, Jl. Desa Cipadung",Bandung City,West Java,ID,,+62 898-8798-012,Cottage rental,,,,,,,https://www.google.com/maps/search/?api=1&query=Kost%20Putri%20Salsabila&query_place_id=ChIJTwmn_1vDaC4RY6xLNJrkH_w,Cottage rental,
Kos kosan Putri Hudassari,4.9,9,"Komplek Bumi Asri No.A-23, RT.02/RW.06",Bandung City,West Java,ID,,+62 822-8888-8691,Holiday apartment rental,,,,,,,https://www.google.com/maps/search/?api=1&query=Kos%20kosan%20Putri%20Hudassari&query_place_id=ChIJdc-2ywvdaC4R3r6_Goliifk,Holiday apartment rental,
Kost Putri - Kost Hijau Bapak Sidik (BUKAN SUBANG 36),4.5,21,"Jalan Purwakarta 9. 34, BUKAN SUBANG No.36",Bandung City,West Java,ID,,,Lodge,,,,,,,https://www.google.com/maps/search/?api=1&query=Kost%20Putri%20-%20Kost%20Hijau%20Bapak%20Sidik%20(BUKAN%20SUBANG%2036)&query_place_id=ChIJe05t7-7naC4Rxv0FF7SvujA,Lodge,
KOST MU 83 [Kost PUTRI],5,18,"Komp. Margahayu Raya, Jl. Merkuri Utara VIII No.3",Bandung City,West Java,ID,http://instagram.com/kostmu83bandung,+62 812-2366-1027,Boarding house,,,,,,,https://www.google.com/maps/search/?api=1&query=KOST%20MU%2083%20%5BKost%20PUTRI%5D&query_place_id=ChIJZS1YIX7paC4RiaD6h4k7IzA,Boarding house,
kost Putri Bumi Shafira,4.5,19,Jl. Purwakarta 1 No.23,Bandung City,West Java,ID,,+62 812-2138-743,Lodging,,,,,,,https://www.google.com/maps/search/?api=1&query=kost%20Putri%20Bumi%20Shafira&query_place_id=ChIJD9Ag83_naC4RZaXJmt0gHCw,Lodging,
Tadaima Kos Putri,5,4,Jl. Cisaranten Kulon II No.19B,Bandung City,West Java,ID,,+62 823-1634-3023,Boarding house,,,,,,,https://www.google.com/maps/search/?api=1&query=Tadaima%20Kos%20Putri&query_place_id=ChIJR3xENADDaC4Rv9T8L1uGdQc,Boarding house,
Kos Putri gg Darussalam,5,3,3P56+4P4,Bandung City,West Java,ID,,,Apartment complex,,,,,,,https://www.google.com/maps/search/?api=1&query=Kos%20Putri%20gg%20Darussalam&query_place_id=ChIJ77CdawDDaC4R7HHZSCemxbY,Apartment complex,
ciskul 410 kost putri,4.8,5,Jl. Cisaranten Kulon IV No.10,Bandung City,West Java,ID,https://mamikos.com/room/kost-bandung-kost-putri-murah-kost-ciskul410-arcamanik-bandung-3,+62 811-209-910,Extended stay hotel,,,,,,,https://www.google.com/maps/search/?api=1&query=ciskul%20410%20kost%20putri&query_place_id=ChIJywxtkw7DaC4Rbce1iDqZL1I,Extended stay hotel,
Kos Putri Pondok Nadia UIN,4.8,20,Jl. Mekarsari 1 No.4,Bandung City,West Java,ID,,+62 852-1651-7892,Boarding house,,,,,,,https://www.google.com/maps/search/?api=1&query=Kos%20Putri%20Pondok%20Nadia%20UIN&query_place_id=ChIJKa02tNTcaC4RlBJ8G8VJZ_k,Boarding house,
KOS ALMI PUTRI,5,1,"Gudang Sikat Gg. Mama Darma W, Jalan, RT.04/RW.02",Bandung City,West Java,ID,https://mamikos.com/room/kost-kota-bandung-kost-putri-murah-kost-almi-blok-c-cibiru-bandung-2,+62 822-3417-4920,Hostel,,,,,,,https://www.google.com/maps/search/?api=1&query=KOS%20ALMI%20PUTRI&query_place_id=ChIJB8WSFQDdaC4R-5cGYMYOx-A,Hostel,
AKP1,4.4,15,"Jl. Terusan Panyileukan kav. PDK No.7, RT.06/RW.01 kel",Bandung City,West Java,ID,,+62 813-2003-4568,Real estate rental agency,,,,,,,https://www.google.com/maps/search/?api=1&query=AKP1&query_place_id=ChIJB3bpWtnCaC4RS-oIvrutdxU,Real estate rental agency,
Kosan Tanita (Kosan Khusus Putri),4.9,8,Jl. Neptunus Timur No.16 Blok A28,Bandung City,West Java,ID,,+62 812-1475-9818,Boarding house,,,,,,,https://www.google.com/maps/search/?api=1&query=Kosan%20Tanita%20(Kosan%20Khusus%20Putri)&query_place_id=ChIJRRvazJ3paC4R7BmiZYCsIP0,Boarding house,
F. Kost Putri Antapani,5,2,Jl. Purwakarta 1 No.30,Bandung City,West Java,ID,,+62 857-2309-7799,Guest house,,,,,,,https://www.google.com/maps/search/?api=1&query=F.%20Kost%20Putri%20Antapani&query_place_id=ChIJE69Q57znaC4RJUSBxtwZMxo,Guest house,
Cempaka Putri Kost,,,Jl. Griya Cempaka Arum No.14 Blok AA01,Bandung City,West Java,ID,,+62 853-2026-4411,Hotel,,,,,,,https://www.google.com/maps/search/?api=1&query=Cempaka%20Putri%20Kost&query_place_id=ChIJ2xalgBTvaC4ROm1g4Nx1b-w,Hotel,
Kost Anugerah,4.7,3,Gg. 1 No.28A 153A,Bandung City,West Java,ID,,,Lodge,,,,,,,https://www.google.com/maps/search/?api=1&query=Kost%20Anugerah&query_place_id=ChIJu8mxO0fnaC4RMpQHlFVAl9w,Lodge,
kost putra sekeloa tengah 29A,5,1,Jl. Sekeloa Tengah No.29A,Bandung City,West Java,ID,,+62 812-2011-7988,Hostel,,,,,,,https://www.google.com/maps/search/?api=1&query=kost%20putra%20sekeloa%20tengah%2029A&query_place_id=ChIJY0099BjnaC4RgO2MB0W6_Pk,Hostel,
Kost Putra,4.8,10,Jl. Kanayakan No.D 60,Bandung City,West Java,ID,,+62 22 2503290,Homestay,,,,,,,https://www.google.com/maps/search/?api=1&query=Kost%20Putra&query_place_id=ChIJn6VXg_3maC4RQM1-H8vogfQ,Homestay,
Kosan D'Shopie,4,3,Jl. Manisi No.37,Bandung City,West Java,ID,,+62 852-2271-1120,Indoor lodging,,,,,,,https://www.google.com/maps/search/?api=1&query=Kosan%20D'Shopie&query_place_id=ChIJZdDkwivDaC4RzWLEvqKOuZ8,Indoor lodging,
Kost Pondok Klara,4.2,5,"10, Jl. Raya Panyileukan. D2-10 Kel, Kec",Bandung City,West Java,ID,,+62 858-0465-7979,Extended stay hotel,,,,,,,https://www.google.com/maps/search/?api=1&query=Kost%20Pondok%20Klara&query_place_id=ChIJX0N54wfDaC4Rsy8G2kOMv7s,Extended stay hotel,
Kost P Martono,5,6,Jl. Depok VII No.160,Bandung City,West Java,ID,,+62 818-8283-4980,Hotel,,,,,,,https://www.google.com/maps/search/?api=1&query=Kost%20P%20Martono&query_place_id=ChIJbbhNXOrnaC4RsOKiVlqJ_Z8,Hotel,
Kost Pondok Bahagia Cipadung,,,Gg. Al Khairat 6 No.4b,Bandung City,West Java,ID,https://mamikos.com/room/kost-kota-bandung-kost-campur-murah-kost-pondok-bahagia-cipadung-tipe-medium-cibiru-bandung-2,+62 817-207-644,Boarding house,,,,,,,https://www.google.com/maps/search/?api=1&query=Kost%20Pondok%20Bahagia%20Cipadung&query_place_id=ChIJuba7jszDaC4RmG_iz6qZXlY,Boarding house,
Kost Puri Salatiga,,,Jl. Salatiga No.3a,Bandung City,West Java,ID,https://mamikos.com/room/kost-kota-bandung-kost-campur-eksklusif-kost-salatiga-puri-antapani-bandung,+62 821-1994-1313,Boarding house,,,,,,,https://www.google.com/maps/search/?api=1&query=Kost%20Puri%20Salatiga&query_place_id=ChIJaUcp2uXnaC4RB1SiRkcMde8,Boarding house,
Kost Ibu Tobing Antapani,5,6,Jl. Banjarsari Raya No.2,Bandung City,West Java,ID,https://mamikos.com/room/kost-kota-bandung-kost-campur-murah-kost-ase-maria-antapani-bandung,+62 812-1420-5658,Hostel,,,,,,,https://www.google.com/maps/search/?api=1&query=Kost%20Ibu%20Tobing%20Antapani&query_place_id=ChIJ-bmtoCfnaC4R9f2DZss7T8g,Hostel,
Kost Pa Dedi,4.3,3,3PHF+HM2,Bandung City,West Java,ID,,+62 881-4578-416,Lodge,Lodging,,,,,,https://www.google.com/maps/search/?api=1&query=Kost%20Pa%20Dedi&query_place_id=ChIJD93CXgndaC4Rd9U4iKvNWvo,Lodge,
KOST BU YUYU,,,"3M34+8MP, Gg. Masterja II",Bandung City,West Java,ID,,,Motel,,,,,,,https://www.google.com/maps/search/?api=1&query=KOST%20BU%20YUYU&query_place_id=ChIJETFnXQDpaC4R1M2R4lLSFT4,Motel,
Kost Putri Wisma Pribumi,5,2,3P88+VF3,Bandung City,West Java,ID,,+62 813-1290-5252,Extended stay hotel,,,,,,,https://www.google.com/maps/search/?api=1&query=Kost%20Putri%20Wisma%20Pribumi&query_place_id=ChIJl2fynZfDaC4R6_NrTlKtuZM,Extended stay hotel,
Kos Putri/ Pasutri Pak RW,4.7,3,Jl. Sindangsari 4 No.56,Bandung City,West Java,ID,,,Housing complex,,,,,,,https://www.google.com/maps/search/?api=1&query=Kos%20Putri%2F%20Pasutri%20Pak%20RW&query_place_id=ChIJ1ZcaQADdaC4RQqJHdvf-ito,Housing complex,
Rumah Kost Pelangi,4.9,22,,Bandung City,West Java,ID,,+62 821-1712-5586,Boarding house,,,,,,,https://www.google.com/maps/search/?api=1&query=Rumah%20Kost%20Pelangi&query_place_id=ChIJuXpEeNfCaC4RU4r9mBMFvmY,Boarding house,
Kost Lestari,5,4,Jl. Rancaloa No.18,Bandung City,West Java,ID,,+62 821-2614-4937,Hotel,,,,,,,https://www.google.com/maps/search/?api=1&query=Kost%20Lestari&query_place_id=ChIJN5F8KjDDaC4Rjlcqkud5_pw,Hotel,
Kost Putri Amalia,4.8,5,"Gg. Sastradinata No.131 A, RT.003/RW.006",Bandung City,West Java,ID,,,Lodge,Lodging,,,,,,https://www.google.com/maps/search/?api=1&query=Kost%20Putri%20Amalia&query_place_id=ChIJ728WOVjDaC4RtelkQcVAkX8,Lodge,
kos putri,5,2,"3PC9+7VM, Gg. Bakti 5 Jl. Manisi",Bandung City,West Java,ID,,,Hostel,,,,,,,https://www.google.com/maps/search/?api=1&query=kos%20putri&query_place_id=ChIJw585OwDDaC4RZFvHnWBU5YU,Hostel,
Kos Putri Jupiter Barat,4,1,3M46+596Jl. Jupiter Barat M II No. 21,Bandung City,West Java,ID,,+62 812-2411-5530,Boarding house,,,,,,,https://www.google.com/maps/search/?api=1&query=Kos%20Putri%20Jupiter%20Barat&query_place_id=ChIJvQGwplnpaC4RTO3j-v-1to4,Boarding house,
Kost Putri Kos Putri SAFA AL ZAHRA,3.8,4,"Jl. Flamboyan No.Blok C7/10, RT.01/RW.03",Bandung City,West Java,ID,,+62 838-9232-9288,Hostel,,,,,,,https://www.google.com/maps/search/?api=1&query=Kost%20Putri%20Kos%20Putri%20SAFA%20AL%20ZAHRA&query_place_id=ChIJH9bgUK7DaC4R7S7RxAwgZQ0,Hostel,
Kost Muslimah 2,4.9,7,Jl. Mars Sel. X No.4A,Bandung City,West Java,ID,,+62 812-9708-8763,Boarding house,,,,,,,https://www.google.com/maps/search/?api=1&query=Kost%20Muslimah%202&query_place_id=ChIJAbGArX7paC4RzcFk7HAyW7A,Boarding house,
KOST KALIJATI 32,4.7,3,Jl. Kalijati 6 No.32,Bandung City,West Java,ID,,+62 878-7240-9988,Hostel,,,,,,,https://www.google.com/maps/search/?api=1&query=KOST%20KALIJATI%2032&query_place_id=ChIJ5QmveADnaC4R5F7JFJoq_eY,Hostel,
Saylendra's Homestay (Kos Putri),4.1,15,Jl. Trs Pesantren VII No.95 Blok I,Bandung City,West Java,ID,,+62 813-2116-1711,Boarding house,,,,,,,https://www.google.com/maps/search/?api=1&query=Saylendra's%20Homestay%20(Kos%20Putri)&query_place_id=ChIJ2_cB2kTdaC4RIEX7-1pva74,Boarding house,
Kost Putri Kharisma,5,8,Jl. Patra Asri Timur 4 No.L 24 blok L 23,Bandung City,West Java,ID,,+62 821-2075-7891,Homestay,,,,,,,https://www.google.com/maps/search/?api=1&query=Kost%20Putri%20Kharisma&query_place_id=ChIJD7OS2gjnaC4RkOodQ9SNTPc,Homestay,
KOS DUA PUTRI RCB,,,2MX6+9XF,Bandung City,West Java,ID,,+62 881-0231-29940,Apartment building,,,,,,,https://www.google.com/maps/search/?api=1&query=KOS%20DUA%20PUTRI%20RCB&query_place_id=ChIJaa5APwDpaC4RGd4WGRHGpv4,Apartment building,
Kost Putri TW,4.3,3,3PC8+VH2,Bandung City,West Java,ID,,,Extended stay hotel,,,,,,,https://www.google.com/maps/search/?api=1&query=Kost%20Putri%20TW&query_place_id=ChIJWZ4bdSrDaC4RJ-6OanS9arM,Extended stay hotel,
Kost Putri C1/10,4,2,3P68+47W,Bandung City,West Java,ID,,,Hostel,,,,,,,https://www.google.com/maps/search/?api=1&query=Kost%20Putri%20C1%2F10&query_place_id=ChIJ-cnZWn_DaC4RX6M0ep6vVJs,Hostel,
Kost Putri Fazima 1,4.9,8,"Jl. Buana No.3 RT01, RW.01",Bandung City,West Java,ID,,+62 852-6416-6760,Hostel,,,,,,,https://www.google.com/maps/search/?api=1&query=Kost%20Putri%20Fazima%201&query_place_id=ChIJCRT_RC3DaC4ROKBU5kuL14c,Hostel,
Kost PERMATA (Khusus Putri),,,Jl. Flamboyan Barat No.14,Bandung City,West Java,ID,,,Hotel,,,,,,,https://www.google.com/maps/search/?api=1&query=Kost%20PERMATA%20(Khusus%20Putri)&query_place_id=ChIJN9hpRwDDaC4RV_s614ZZW-s,Hotel,
Elfita Kost Putri,4.4,22,Jl. Pertamina blok i no.3. Komplek Patra Asri. Cipadung Wetan Cipadung Wetan Panyileukan Cipadung Wetan Panyileukan Bandung Jawa Barat 40164 ID,Bandung City,West Java,ID,,+62 812-2010-2373,Student dormitory,,,,,,,https://www.google.com/maps/search/?api=1&query=Elfita%20Kost%20Putri&query_place_id=ChIJMSBMhtfCaC4RAG6Dj2Lmdpg,Student dormitory,
Kosan Putri Cempaka,4.5,78,Jl. Raya Cipadung No.318,Bandung City,West Java,ID,,+62 813-8395-1716,Hostel,,,,,,,https://www.google.com/maps/search/?api=1&query=Kosan%20Putri%20Cempaka&query_place_id=ChIJG8UT2tfCaC4RnQL4ffhyht4,Hostel,
KOST AWI (kost khusus putri),4.8,5,,Bandung City,West Java,ID,https://bit.ly/kost-awi,,Boarding house,Homestay,,,,,,https://www.google.com/maps/search/?api=1&query=KOST%20AWI%20(kost%20khusus%20putri)&query_place_id=ChIJzQugPaXDaC4R5BalXq4-t9o,Boarding house,
KOS PUTRI EKSLUSIF NO56,,,Jl. Permai III No.a56,Bandung City,West Java,ID,,+62 851-8220-6960,Hostel,,,,,,,https://www.google.com/maps/search/?api=1&query=KOS%20PUTRI%20EKSLUSIF%20NO56&query_place_id=ChIJO82no9HDaC4R6Lw_pbr5BrY,Hostel,
kosan khusus putri,5,9,"Samping TK Al Manar, Denibim, Jl. AH. Nasution kp gudang sikat No.22 rt03, RW.02",Bandung City,West Java,ID,https://posts.gle/FVPSLW1VJyJ3CsJp7,+62 852-8070-1677,Homestay,Boarding house,Hostel,Lodge,,,,https://www.google.com/maps/search/?api=1&query=kosan%20khusus%20putri&query_place_id=ChIJ1yvFzCXDaC4RH5FkkCgbU3g,Homestay,
Kost putri anyelir 1,4.3,6,Jl. Anyelir 1 No.19,Bandung City,West Java,ID,,,Motel,,,,,,,https://www.google.com/maps/search/?api=1&query=Kost%20putri%20anyelir%201&query_place_id=ChIJrbCWafLDaC4RdEwslYFGFNk,Motel,
Kost Putri Teratai,5,6,Jl. Teratai IV No.10,Bandung City,West Java,ID,,,Lodging,,,,,,,https://www.google.com/maps/search/?api=1&query=Kost%20Putri%20Teratai&query_place_id=ChIJjTqSXw3DaC4RQiAkKj0Qtz4,Lodging,
Kosan Humanisa (KOST PUTRI),4.9,12,Jl. Flamboyan No.3A,Bandung City,West Java,ID,,+62 821-2126-0009,Boarding house,,,,,,,https://www.google.com/maps/search/?api=1&query=Kosan%20Humanisa%20(KOST%20PUTRI)&query_place_id=ChIJR4CzZqbDaC4RmN8YzMj6Xis,Boarding house,
Kos Putri Hj Minny,5,4,Jl. Bina Asih IV No.8,Bandung City,West Java,ID,,+62 813-1122-5733,Housing complex,,,,,,,https://www.google.com/maps/search/?api=1&query=Kos%20Putri%20Hj%20Minny&query_place_id=ChIJm7WeJgDDaC4RdAXoNeoPoL0,Housing complex,
Kosan Kost Putri Ibu Rina Melia 11,4,1,Komp. Bumi Panyileukan No.4 Blk C5,Bandung City,West Java,ID,,+62 813-9482-8392,Extended stay hotel,,,,,,,https://www.google.com/maps/search/?api=1&query=Kosan%20Kost%20Putri%20Ibu%20Rina%20Melia%2011&query_place_id=ChIJ5StWYcHDaC4RnjxG2YwdwcY,Extended stay hotel,
Pondok Kost Talita,4.3,8,"blok c 22 no, Komp. Bumi Panyileukan kel No.17, RT.03/RW.03",Bandung City,West Java,ID,,+62 878-2199-9561,Lodging,,,,,,,https://www.google.com/maps/search/?api=1&query=Pondok%20Kost%20Talita&query_place_id=ChIJK7QQz1fDaC4RsQxiZDW1pkg,Lodging,
KOST PUTRI TENDA BIRU MANISI,4.2,14,"Samping Indomart Manisi, Jl. Manisi No.7a",Bandung City,West Java,ID,,,Student dormitory,,,,,,,https://www.google.com/maps/search/?api=1&query=KOST%20PUTRI%20TENDA%20BIRU%20MANISI&query_place_id=ChIJI_1xYinDaC4RQXSrTIzrQS8,Student dormitory,
Kost Putri 7,4.7,6,Jl. Manisi No.7,Bandung City,West Java,ID,,+62 813-2150-0228,Homestay,,,,,,,https://www.google.com/maps/search/?api=1&query=Kost%20Putri%207&query_place_id=ChIJNbs6cXHDaC4Ry7TfiW9a8pc,Homestay,
aLivindekost,5,14,"Jl. Arum Sari VII Dalam No.2 RT05, RW.12",Bandung City,West Java,ID,,+62 857-2207-2857,Homestay,,,,,,,https://www.google.com/maps/search/?api=1&query=aLivindekost&query_place_id=ChIJ5WYSYr7naC4RRSmVxEw3Wjk,Homestay,
KOST ENAM DELAPAN,5,22,Kompleks Margahayu Raya Barat Blok S2 No. 68,Bandung City,West Java,ID,https://www.instagram.com/kost.enamdelapan?igsh=MWJzaHNoZXcyZnQ3Mg==,+62 812-2148-0442,Boarding house,Guest house,Hostel,,,,,https://www.google.com/maps/search/?api=1&query=KOST%20ENAM%20DELAPAN&query_place_id=ChIJswPEcd3paC4RZR2Nc2v-v-k,Boarding house,
Kost Putri Arka House,5,7,Jl. Cikampek V No.31,Bandung City,West Java,ID,,+62 821-7404-2652,Housing complex,Apartment complex,,,,,,https://www.google.com/maps/search/?api=1&query=Kost%20Putri%20Arka%20House&query_place_id=ChIJ-RJwXgDnaC4RHU5b-hq9WQ0,Housing complex,
Kos putri riska,,,Jl. Damar 3 No.3,Bandung City,West Java,ID,,,Bed & breakfast,,,,,,,https://www.google.com/maps/search/?api=1&query=Kos%20putri%20riska&query_place_id=ChIJnRZ6OzzDaC4RfpTaTMSIBUc,Bed & breakfast,
Kost Putri Hasna,4.7,3,Jl. Desa Cipadung Gg. Ma ulung No.51,Bandung City,West Java,ID,,+62 813-2416-0405,Lodging,,,,,,,https://www.google.com/maps/search/?api=1&query=Kost%20Putri%20Hasna&query_place_id=ChIJx_Mgd0PDaC4REOc98TCs67Q,Lodging,
PONDOK PAKUAN (Kost Putri),4.4,9,Jl. Pakuan I No.5,Bandung City,West Java,ID,,+62 852-9515-8540,Boarding house,,,,,,,https://www.google.com/maps/search/?api=1&query=PONDOK%20PAKUAN%20(Kost%20Putri)&query_place_id=ChIJLal8zjLdaC4RuNENuStTnJU,Boarding house,
Kost Cahaya,5,1,Jl. Manisi Gg. Bakti 5 No.16,Bandung City,West Java,ID,,+62 812-2133-036,Hostel,,,,,,,https://www.google.com/maps/search/?api=1&query=Kost%20Cahaya&query_place_id=ChIJk4p3zH_DaC4RCmN_xP_tlnc,Hostel,
SM KOS PUTRI 4,,,"3P45+VHF, Jl. Anyelir 1",Bandung City,West Java,ID,,,Motel,,,,,,,https://www.google.com/maps/search/?api=1&query=SM%20KOS%20PUTRI%204&query_place_id=ChIJHeb3CwDDaC4R4VmEzr1_I1w,Motel,
Kos Putri Sindang Mekar,,,"3P88+RHJ Kos puteri Sindang Mekar, RT./RW/RW.01/10",Bandung City,West Java,ID,,,Boarding house,,,,,,,https://www.google.com/maps/search/?api=1&query=Kos%20Putri%20Sindang%20Mekar&query_place_id=ChIJuxB7CgDDaC4Rnmol1bHQ_Vw,Boarding house,
TS KOST PUTRI,2.3,3,3P55+63R,Bandung City,West Java,ID,https://www.instagram.com/reel/Con3UyyDgbz/?igshid=YmMyMTA2M2Y=,+62 821-1648-8259,Housing development,,,,,,,https://www.google.com/maps/search/?api=1&query=TS%20KOST%20PUTRI&query_place_id=ChIJLf9VpQ3DaC4R7Do1XhYI4bA,Housing development,
kos putri sutardjo,,,Jl. Manisi No.38,Bandung City,West Java,ID,,,Lodge,,,,,,,https://www.google.com/maps/search/?api=1&query=kos%20putri%20sutardjo&query_place_id=ChIJB4lffgDDaC4R3q60uBlgoE0,Lodge,
Kost Putri Bu Helmi,5,4,Jl. Permai Raya II No.29,Bandung City,West Java,ID,,+62 813-8637-3855,Boarding house,,,,,,,https://www.google.com/maps/search/?api=1&query=Kost%20Putri%20Bu%20Helmi&query_place_id=ChIJqcp_fu3DaC4RBdFe8I2iSkg,Boarding house,
Kost Amaris,5,9,Jl. Terusan Panyileukan No.7 Blk 1,Bandung City,West Java,ID,,+62 857-2463-8305,Extended stay hotel,,,,,,,https://www.google.com/maps/search/?api=1&query=Kost%20Amaris&query_place_id=ChIJU5xxslLDaC4RTc94OQL7n1Q,Extended stay hotel,
Kost Putri Pak Aas,5,3,"3P9C+R89, Jl. Kosambi Cibiru",Bandung City,West Java,ID,,+62 813-9498-9893,Gated community,,,,,,,https://www.google.com/maps/search/?api=1&query=Kost%20Putri%20Pak%20Aas&query_place_id=ChIJc5GPNwDDaC4R9Orrf45pdGk,Gated community,
Kost Putri,4.2,15,Jl. Manisi No.45,Bandung City,West Java,ID,,,Lodging,,,,,,,https://www.google.com/maps/search/?api=1&query=Kost%20Putri&query_place_id=ChIJnaIQZyjDaC4RsXePF6eFwpM,Lodging,
Kos Putri Pondokan Ambu,5,1,3P68+2HC,Bandung City,West Java,ID,,,Housing complex,,,,,,,https://www.google.com/maps/search/?api=1&query=Kos%20Putri%20Pondokan%20Ambu&query_place_id=ChIJ0QacO3XDaC4RD9mxuwbUkl0,Housing complex,
Graha Pesona Kost,4.3,75,"Perum Graha Pesona, Jl. Pesona III No.6 Blok G",Bandung City,West Java,ID,https://grahapesona.my.canva.site/,,Lodge,,,,,,,https://www.google.com/maps/search/?api=1&query=Graha%20Pesona%20Kost&query_place_id=ChIJq1JhZ0vdaC4RXK-jSILJNOo,Lodge,
Kost Teratai 7,4.7,19,"Jl. Teratai VII No.11, RT.04/RW.12",Bandung City,West Java,ID,https://mamikos.com/room/kost-kota-bandung-kost-putri-murah-kost-putri-teratai7-panyileukan-bandung,+62 852-2029-9269,Boarding house,,,,,,,https://www.google.com/maps/search/?api=1&query=Kost%20Teratai%207&query_place_id=ChIJXdy06N3CaC4R_CoNibVwtR8,Boarding house,
Lavista kost,4.9,7,"Jl. Desa Cipadung Gg. Sastradinata No.96B, RT.2/RW.06",Bandung City,West Java,ID,,+62 821-2732-1667,Housing complex,,,,,,,https://www.google.com/maps/search/?api=1&query=Lavista%20kost&query_place_id=ChIJq7mIKp3DaC4Rb2QzYbqrH8g,Housing complex,
KOST RATU EXECUTIVE,5,2,Jl. Bulutangkis No.20,Bandung City,West Java,ID,https://www.instagram.com/kostbandung.ratukostexecutive?igsh=anVwaWU4bzlhNGtp,+62 857-1679-0967,Boarding house,,,,,,,https://www.google.com/maps/search/?api=1&query=KOST%20RATU%20EXECUTIVE&query_place_id=ChIJ0TmOSsndaC4RJQX0Phr43xQ,Boarding house,
Kost Putri CBD 4 Bandung,4.5,8,Jl. Cisitu Baru Dalam No.4,Bandung City,West Java,ID,,+62 856-0168-2830,Boarding house,,,,,,,https://www.google.com/maps/search/?api=1&query=Kost%20Putri%20CBD%204%20Bandung&query_place_id=ChIJ4Uv0pfnmaC4RRk_0iEWsayU,Boarding house,
Kost Farros tamansari mulai 700rb | tengah Bandung | Khusus Putra | Type A,4.4,63,Jl. Tamansari Gg. Pancaniti No.7,Bandung City,West Java,ID,https://kostamansaribandung.blogspot.com/,+62 821-2698-3976,Boarding house,Hostel,Lodge,,,,,https://www.google.com/maps/search/?api=1&query=Kost%20Farros%20tamansari%20mulai%20700rb%20%7C%20tengah%20Bandung%20%7C%20Khusus%20Putra%20%7C%20Type%20A&query_place_id=ChIJZwktpEXmaC4RZtOqJ0yRlec,Boarding house,
Kostku,4.5,45,Jl. Sangkuriang Dalam No.74,Bandung City,West Java,ID,,+62 853-9148-9983,Homestay,Hotel,,,,,,https://www.google.com/maps/search/?api=1&query=Kostku&query_place_id=ChIJSZk7j_DmaC4Rj2sQSXL3ksU,Homestay,
Kost putri tiga saudara,4.8,8,Blok A no 4,Bandung City,West Java,ID,,,Housing complex,,,,,,,https://www.google.com/maps/search/?api=1&query=Kost%20putri%20tiga%20saudara&query_place_id=ChIJZVVsh1bnaC4RF60mBB-Rbpo,Housing complex,
Techno Kost,4.9,79,"Jl. Sangkuriang Dalam No.44/160A, RT.4/RW.12",Bandung City,West Java,ID,,,Homestay,,,,,,,https://www.google.com/maps/search/?api=1&query=Techno%20Kost&query_place_id=ChIJbTRcp8jnaC4RMHpVOzBrsOU,Homestay,
Kos Radiant,5,114,Jl. Ahmad 4 No.24,Bandung City,West Java,ID,,+62 813-2340-4118,Hotel,,,,,,,https://www.google.com/maps/search/?api=1&query=Kos%20Radiant&query_place_id=ChIJv0Z7Mc_naC4RItCV6t2jE6w,Hotel,
Kost Cisitu Baru,4.4,45,Jl. Cisitu Baru No.78,Bandung City,West Java,ID,,+62 812-1059-625,Extended stay hotel,Hotel,,,,,,https://www.google.com/maps/search/?api=1&query=Kost%20Cisitu%20Baru&query_place_id=ChIJz1lfAvnmaC4ReGny7sHFOv4,Extended stay hotel,
Cerys Kost 3.0 - Kost Khusus Putri,4.7,7,Gg. Pancaniti No.155/58,Bandung City,West Java,ID,,+62 812-1478-046,Boarding house,,,,,,,https://www.google.com/maps/search/?api=1&query=Cerys%20Kost%203.0%20-%20Kost%20Khusus%20Putri&query_place_id=ChIJSUfvo0XmaC4RsJjkgVemaVg,Boarding house,
Kost Putri Ibu Heni,4.4,16,"Jl. Raya Cimindi Gang Bapak Ohe No.66, RT.4/RW.5",Bandung City,West Java,ID,,+62 852-1860-017,Boarding house,Homestay,,,,,,https://www.google.com/maps/search/?api=1&query=Kost%20Putri%20Ibu%20Heni&query_place_id=ChIJ7_0ApOnlaC4RX1sE1aNGE0M,Boarding house,
Kos putri,5,1,Jl. Bukit Jarian No.33b,Bandung City,West Java,ID,,+62 821-1790-2033,Religious lodging,,,,,,,https://www.google.com/maps/search/?api=1&query=Kos%20putri&query_place_id=ChIJ-V7RXwDnaC4RvC3ueBCsoQc,Religious lodging,
Kos Putri Ganesha,4.3,8,Jl. Pelesiran,Bandung City,West Java,ID,,+62 856-9118-4267,Homestay,,,,,,,https://www.google.com/maps/search/?api=1&query=Kos%20Putri%20Ganesha&query_place_id=ChIJQ-4L5FrmaC4R9X5f6KVgJgI,Homestay,
Silver Kost 1 dekat Universitas Parahyangan UNPAR Bandung Utara Ciumbuleuit Bukit Jarian kos khusus mahasiswi atau putri,4.6,14,Jl. Bukit Jarian No.56,Bandung City,West Java,ID,https://mamikos.com/room/kost-kota-bandung-kost-putri-eksklusif-kost-silver-cidadap-bandung,,Boarding house,,,,,,,https://www.google.com/maps/search/?api=1&query=Silver%20Kost%201%20dekat%20Universitas%20Parahyangan%20UNPAR%20Bandung%20Utara%20Ciumbuleuit%20Bukit%20Jarian%20kos%20khusus%20mahasiswi%20atau%20putri&query_place_id=ChIJMw0Em6HnaC4RPAOE-r50FtA,Boarding house,
Griya Putri - - Kost Wanita,4.3,8,Jl. DR. Slamet No.1,Bandung City,West Java,ID,,+62 811-247-741,Hostel,,,,,,,https://www.google.com/maps/search/?api=1&query=Griya%20Putri%20-%20-%20Kost%20Wanita&query_place_id=ChIJpZzVTEPmaC4RVV2GCyi8iag,Hostel,
Kost Pondok Putri Ganesha,4.4,14,X Jl. Cisitu Lama No.7,Bandung City,West Java,ID,,,Boarding house,,,,,,,https://www.google.com/maps/search/?api=1&query=Kost%20Pondok%20Putri%20Ganesha&query_place_id=ChIJf6CDvvvmaC4RpMsLAJDalEc,Boarding house,
CSI Kost Bandung,4.7,25,Jl. Cisitu Indah VII No.15,Bandung City,West Java,ID,,+62 812-9280-7055,Boarding house,,,,,,,https://www.google.com/maps/search/?api=1&query=CSI%20Kost%20Bandung&query_place_id=ChIJnfrBdwrnaC4RTTFW51e3d_0,Boarding house,
Kost Harian & Bulanan Putri Bandung,4.3,15,Jl. Bagusrangin No.17B,Bandung City,West Java,ID,http://kostbara17b.blogspot.co.id/,+62 838-9550-7057,Extended stay hotel,,,,,,,https://www.google.com/maps/search/?api=1&query=Kost%20Harian%20%26%20Bulanan%20Putri%20Bandung&query_place_id=ChIJDyuUclLmaC4Ri6BnvLNubBo,Extended stay hotel,
Ayahome Kost Putri No.74,4.4,27,"Cisitu Indah, Dalam V No.74",Bandung City,West Java,ID,https://www.sewakost.com/jabar/bandung/ayahome-kost-putri-dekat-itb-unpad-ithb-unikom-unisba-bip-3932.html,+62 22 2508183,Hotel,,,,,,,https://www.google.com/maps/search/?api=1&query=Ayahome%20Kost%20Putri%20No.74&query_place_id=ChIJRWRJcQHnaC4RMnB2N3Q_Mec,Hotel,
Kos Putri Rengganis,,,"Kos Putri Rengganis, Jl. A.H. Nasution Gang Lio Selatan No.110, RT.02/RW.01",Bandung City,West Java,ID,,,Housing complex,,,,,,,https://www.google.com/maps/search/?api=1&query=Kos%20Putri%20Rengganis&query_place_id=ChIJ0SZbHQDDaC4RPAJixs_YZtg,Housing complex,
Kost putri pak hendi,4,1,"3P57+QW2, Jalan Raya",Bandung City,West Java,ID,,,Indoor lodging,,,,,,,https://www.google.com/maps/search/?api=1&query=Kost%20putri%20pak%20hendi&query_place_id=ChIJFVdzgdDDaC4R0RjuWRmfj_I,Indoor lodging,
Kos Putri Griya 33,,,"Jl. Griya Cempaka Arum Jl. Ali Bin Abi Tholib No.33 Blk G1, RT.03/Rw05",Bandung City,West Java,ID,,+62 815-7209-0934,Housing complex,,,,,,,https://www.google.com/maps/search/?api=1&query=Kos%20Putri%20Griya%2033&query_place_id=ChIJQzSC5EjDaC4RA6c7xUzQvbI,Housing complex,
Rumah Kos Reynaldo Yodia,,,Jl. Jupiter Tengah I No.11a,Bandung City,West Java,ID,https://mamikos.com/room/kost-kota-bandung-kost-putri-murah-kost-yupiter-tengah-buahbatu-bandung,+62 838-9705-7940,Boarding house,,,,,,,https://www.google.com/maps/search/?api=1&query=Rumah%20Kos%20Reynaldo%20Yodia&query_place_id=ChIJ52b_SgzpaC4RoapBWUVai34,Boarding house,
tempat kost,5,2,"Jl. Kalijati Indah Raya No.2, RW.no.61",Bandung City,West Java,ID,,+62 812-222-764,Housing complex,,,,,,,https://www.google.com/maps/search/?api=1&query=tempat%20kost&query_place_id=ChIJs5UmDADnaC4Ryd5E_Jx3dbw,Housing complex,
Kost Putra (The Barran),5,13,Jl. Cisitu Indah V Indah Dalam No.43,Bandung City,West Java,ID,,+62 812-2268-0073,Boarding house,,,,,,,https://www.google.com/maps/search/?api=1&query=Kost%20Putra%20(The%20Barran)&query_place_id=ChIJaQKveTnnaC4Rr7YTQycqrP8,Boarding house,
Bhakti Kost (Kost Putra),4.8,25,Jl. Tamansari No.43a/56,Bandung City,West Java,ID,,+62 857-1024-2104,Lodging,,,,,,,https://www.google.com/maps/search/?api=1&query=Bhakti%20Kost%20(Kost%20Putra)&query_place_id=ChIJLdcB38jnaC4R3pRQW8AFlOk,Lodging,
Kost Putra Kiara 2,4.9,14,Jl. Pak Gatot Raya,Bandung City,West Java,ID,,+62 857-2197-5990,Extended stay hotel,,,,,,,https://www.google.com/maps/search/?api=1&query=Kost%20Putra%20Kiara%202&query_place_id=ChIJO5jMTRLnaC4RFs_LRmgUIbk,Extended stay hotel,
Kost 2Bro,4.4,53,Jl. Cisitu Indah V No.70A,Bandung City,West Java,ID,,+62 815-4853-2224,Boarding house,,,,,,,https://www.google.com/maps/search/?api=1&query=Kost%202Bro&query_place_id=ChIJcdxn4eTmaC4Riew254nvQdI,Boarding house,
Kosan Annisa (Khusus Putra / Laki),4.7,6,Jl. Kebun Binatang No.24/56 RT 03/07,Bandung City,West Java,ID,https://mamikos.com/room/kost-bandung-kost-putra-eksklusif-kost-annisa-coblong-bandung#/,+62 813-2131-0888,Lodge,,,,,,,https://www.google.com/maps/search/?api=1&query=Kosan%20Annisa%20(Khusus%20Putra%20%2F%20Laki)&query_place_id=ChIJgdSByp3naC4R82gKwKCG-oQ,Lodge,
Kost SOEKRIL FAMILY,4.3,16,"Jl. Pelesiran Siliwangi No.78/56, RT.02/RW.05",Bandung City,West Java,ID,,+62 822-4059-5757,Boarding house,,,,,,,https://www.google.com/maps/search/?api=1&query=Kost%20SOEKRIL%20FAMILY&query_place_id=ChIJGQFilFrmaC4RLly_obLyybs,Boarding house,
Kost Putra Yussi Dorm Tamansari No. 48/56,5,9,"Jl. Tamansari No.48, RW.56",Bandung City,West Java,ID,,+62 822-1905-6668,Halfway house,Boarding house,Hostel,,,,,https://www.google.com/maps/search/?api=1&query=Kost%20Putra%20Yussi%20Dorm%20Tamansari%20No.%2048%2F56&query_place_id=ChIJyYXaUgDnaC4R2owYbeHXpIg,Halfway house,
Kost Putra Ibu Bambang Sukajadi,4.7,16,Jl. Karang Layung Dalam No.12,Bandung City,West Java,ID,https://mamikos.com/room/kost-kota-bandung-kost-putra-murah-kost-ibu-bambang-tipe-a-sukajadi-bandung,+62 857-7018-1984,Boarding house,,,,,,,https://www.google.com/maps/search/?api=1&query=Kost%20Putra%20Ibu%20Bambang%20Sukajadi&query_place_id=ChIJLfjUem_naC4Rov6wgSoBdzM,Boarding house,
Kos Cisitu 48,5,6,"Jl. Cisitu Baru No.48, RT.07/RW.11",Bandung City,West Java,ID,,+62 899-8266-669,Hotel,,,,,,,https://www.google.com/maps/search/?api=1&query=Kos%20Cisitu%2048&query_place_id=ChIJcxCHZv3naC4RQTPdf1g7z0Y,Hotel,
Kost Putra,4.1,25,Jl. Gegerkalong Tengah 7 No.53D,Bandung City,West Java,ID,,+62 813-3455-0060,Boarding house,Extended stay hotel,,,,,,https://www.google.com/maps/search/?api=1&query=Kost%20Putra&query_place_id=ChIJg34r973maC4RsLAy9QGyuig,Boarding house,
Kos Putra Flamboyan,4.7,6,Jl. Pelesiran No.33 BLK,Bandung City,West Java,ID,,+62 821-2723-5084,Homestay,,,,,,,https://www.google.com/maps/search/?api=1&query=Kos%20Putra%20Flamboyan&query_place_id=ChIJZYVfnVXnaC4RlhHX0pVKNms,Homestay,
KOS 20B,4.6,23,"Jln. Terusan Gatot Raya Gg. Gegersuni 4 No.20B, RT.07/RW.05",Bandung City,West Java,ID,,+62 852-2128-8749,Lodge,,,,,,,https://www.google.com/maps/search/?api=1&query=KOS%2020B&query_place_id=ChIJuxeV1EbnaC4RR_pjU7KgKaE,Lodge,
Cozy Place Kost Putra,4.3,8,Jl. Sarijadi Raya No.110 Blk II,Bandung City,West Java,ID,,+62 813-2194-2227,Homestay,,,,,,,https://www.google.com/maps/search/?api=1&query=Cozy%20Place%20Kost%20Putra&query_place_id=ChIJcUJuluvnaC4Rhol00xBM6qg,Homestay,
Kost H. Dedy Cililin 101/154C,5,6,Jl. Cisitu Lama No.101 154c,Bandung City,West Java,ID,,+62 831-3703-3253,Hotel,,,,,,,https://www.google.com/maps/search/?api=1&query=Kost%20H.%20Dedy%20Cililin%20101%2F154C&query_place_id=ChIJI_OzF97naC4RQXbW6DKQMJA,Hotel,
Kost Putri Pondok Assyifa 2,5,12,Jl. Kebun Binatang No.29,Bandung City,West Java,ID,https://mamikos.com/room/kost-kost-putri-eksklusif-kost-pondok-assyifa-2-tamansari-1,+62 818-201-721,Boarding house,,,,,,,https://www.google.com/maps/search/?api=1&query=Kost%20Putri%20Pondok%20Assyifa%202&query_place_id=ChIJ2zDGpMTnaC4RBLCo_CnRZ1Y,Boarding house,
Kost Ibu Juartini Tamansari 42/56,3.4,7,Jl. Kebun Binatang Jl. Tamansari No.42/56 RT 04/07,Bandung City,West Java,ID,,,Extended stay hotel,,,,,,,https://www.google.com/maps/search/?api=1&query=Kost%20Ibu%20Juartini%20Tamansari%2042%2F56&query_place_id=ChIJ-_fsIxPnaC4RcTCa2kt5Epg,Extended stay hotel,
Kost Putri Raden Patah,4.5,27,Jl. Raden Patah No.41J,Bandung City,West Java,ID,,+62 877-2798-5968,Boarding house,,,,,,,https://www.google.com/maps/search/?api=1&query=Kost%20Putri%20Raden%20Patah&query_place_id=ChIJTV_mGVbmaC4R7AGGPjRywLs,Boarding house,
Kost Putri Bu Herman,5,9,Jl. Pelesiran Gg. Abah Mardi No.92/56,Bandung City,West Java,ID,,+62 822-3366-6800,Housing complex,,,,,,,https://www.google.com/maps/search/?api=1&query=Kost%20Putri%20Bu%20Herman&query_place_id=ChIJfTrs8hnnaC4RmIS9kCPQT20,Housing complex,
Kos Putri Imam Bonjol Dago,4.6,18,Jl. Imam Bonjol No.18,Bandung City,West Java,ID,,,Boarding house,,,,,,,https://www.google.com/maps/search/?api=1&query=Kos%20Putri%20Imam%20Bonjol%20Dago&query_place_id=ChIJ60i0b8jnaC4RIT9QZJ5QFo0,Boarding house,
kost Putri ibu Ema,4.3,6,"Jl. Pelesiran, no.120B, Gg. Abahwinata 56, RT.01/RW.06",Bandung City,West Java,ID,,,Boarding house,,,,,,,https://www.google.com/maps/search/?api=1&query=kost%20Putri%20ibu%20Ema&query_place_id=ChIJp7sc8VrmaC4RMEi64Xx_AtM,Boarding house,
Kost Putra HIKMAH D4,4.3,4,Jl. Tubagus Ismail Dalam No.29 RT.04/07,Bandung City,West Java,ID,,+62 821-1889-8030,Lodge,,,,,,,https://www.google.com/maps/search/?api=1&query=Kost%20Putra%20HIKMAH%20D4&query_place_id=ChIJDUor6wXnaC4RDFIA80-KLSM,Lodge,
Kosan Mang Dadang,4.8,8,"Jalan Ir. H. Juanda Gang, Jl. Babakan Muncang Kidul No.28",Bandung City,West Java,ID,,+62 813-2175-3097,Guest house,,,,,,,https://www.google.com/maps/search/?api=1&query=Kosan%20Mang%20Dadang&query_place_id=ChIJwTCqiPvmaC4RZ4Qpv5LVezM,Guest house,
Kost Putra Burger 9,4.9,7,Jl. Burung Gereja No.9,Bandung City,West Java,ID,,+62 838-1771-9633,Boarding house,,,,,,,https://www.google.com/maps/search/?api=1&query=Kost%20Putra%20Burger%209&query_place_id=ChIJeZv0ecHnaC4RlWpDhceZtoc,Boarding house,
Pondok Indah Kost Tubagus Ismail,4.4,24,Jl. Tubagus Ismail I No.14,Bandung City,West Java,ID,,+62 817-7928-7616,Student housing center,Student dormitory,,,,,,https://www.google.com/maps/search/?api=1&query=Pondok%20Indah%20Kost%20Tubagus%20Ismail&query_place_id=ChIJ5TBRyFnnaC4RxvOocobo5E8,Student housing center,
Kost Bu Gita,4.8,16,Haur mekar E 11 Coblong Kota Bandung Jawa Bandung,Bandung City,West Java,ID,,+62 878-2973-0269,Boarding house,,,,,,,https://www.google.com/maps/search/?api=1&query=Kost%20Bu%20Gita&query_place_id=ChIJl0nyXVPmaC4RtzH6nujEWOM,Boarding house,
Kosan Putra Bpk Paino,3.7,3,Jl. Sekeloa Jl. Kubang Sari IV No.7,Bandung City,West Java,ID,,,Homestay,,,,,,,https://www.google.com/maps/search/?api=1&query=Kosan%20Putra%20Bpk%20Paino&query_place_id=ChIJk91hHQ_naC4RkVJC6wwYVIc,Homestay,
Rumah Kost 35,4.5,4,Jl. Cisitu Baru No.35,Bandung City,West Java,ID,,,Boarding house,,,,,,,https://www.google.com/maps/search/?api=1&query=Rumah%20Kost%2035&query_place_id=ChIJkfU8kkznaC4RfGjNQWA6xuI,Boarding house,
Kost Putri Bumi Lestari Dago Bandung,5,4,Jl. Tubagus Ismail - Depan No.74,Bandung City,West Java,ID,,+62 859-5899-4389,Boarding house,,,,,,,https://www.google.com/maps/search/?api=1&query=Kost%20Putri%20Bumi%20Lestari%20Dago%20Bandung&query_place_id=ChIJrTWI-MPnaC4R7EW3Nl0FFrQ,Boarding house,
putri kos,3.7,3,"Jl. Cisitu Baru No.Dalam, RW.5",Bandung City,West Java,ID,,,Lodging,,,,,,,https://www.google.com/maps/search/?api=1&query=putri%20kos&query_place_id=ChIJaTAiqPnmaC4RC_AscghsnK8,Lodging,
KOST PUTRI HABIBIE,4.9,7,Gg. Cisitu Lama II No.128,Bandung City,West Java,ID,,,Housing complex,,,,,,,https://www.google.com/maps/search/?api=1&query=KOST%20PUTRI%20HABIBIE&query_place_id=ChIJr6S2rfDnaC4Rlv07EUudeZA,Housing complex,
Kost An-Nisa (khusus putri),5,17,"Gg. Tilil I No.251/144c, RT.004/RW.001",Bandung City,West Java,ID,https://mamikos.com/room/kost-kota-bandung-kost-putri-murah-kost-annisa-kost-cibeunying-kaler-bandung-1#/,+62 822-1411-9419,Boarding house,Homestay,,,,,,https://www.google.com/maps/search/?api=1&query=Kost%20An-Nisa%20(khusus%20putri)&query_place_id=ChIJD7wczMHnaC4R5Ctd45Q14ig,Boarding house,
Kost Putri Dago,5,2,Jl. Ir. H. Juanda No.291,Bandung City,West Java,ID,,+62 856-2400-0208,Boarding house,,,,,,,https://www.google.com/maps/search/?api=1&query=Kost%20Putri%20Dago&query_place_id=ChIJLRTQlfzmaC4RI2cb7lwvNQo,Boarding house,
Kost Bumi Katineung - Khusus Putri,4.8,22,"Jl. Cisitu Lama No.36/160A, RT.05/RW.12",Bandung City,West Java,ID,,+62 818-0914-9043,Homestay,,,,,,,https://www.google.com/maps/search/?api=1&query=Kost%20Bumi%20Katineung%20-%20Khusus%20Putri&query_place_id=ChIJL49mnj3naC4RbjtwVJRQOlA,Homestay,
Oemah Putri Kos,4.9,14,Jl. Dago Asri V No.3,Bandung City,West Java,ID,,+62 22 2500380,Boarding house,,,,,,,https://www.google.com/maps/search/?api=1&query=Oemah%20Putri%20Kos&query_place_id=ChIJiSsHdfvmaC4RzZprcWwGh8Q,Boarding house,
Kos Putri Pondok madania,4.3,17,"s, Jl. Tamansari Gg. H. Unen Sumantri, RT.07/RW.13, no5a/59",Bandung City,West Java,ID,,+62 813-2230-2868,Indoor lodging,,,,,,,https://www.google.com/maps/search/?api=1&query=Kos%20Putri%20Pondok%20madania&query_place_id=ChIJK11seuXnaC4RvEarixflTWk,Indoor lodging,
D'Resik Kos Putri,5,1,Jl. Tubagus Ismail Dalam No.20B,Bandung City,West Java,ID,,+62 812-2044-4892,Boarding house,,,,,,,https://www.google.com/maps/search/?api=1&query=D'Resik%20Kos%20Putri&query_place_id=ChIJqYJKCoXnaC4RKuXujgn30e8,Boarding house,
Kost putri maya dago,5,1,Jl. Dago No.296,Bandung City,West Java,ID,,+62 896-4635-2311,Hotel,,,,,,,https://www.google.com/maps/search/?api=1&query=Kost%20putri%20maya%20dago&query_place_id=ChIJM7lZmRjnaC4RmarhuNI4gG4,Hotel,
Lavender Home Kost Putri,5,9,Jl. Tengku Angkasa No.40,Bandung City,West Java,ID,,+62 817-228-988,Boarding house,,,,,,,https://www.google.com/maps/search/?api=1&query=Lavender%20Home%20Kost%20Putri&query_place_id=ChIJrc52hD3naC4RImblI9cJk8c,Boarding house,
Kost Muslimah Putri,,,Jl. Tubagus Ismail Bawah No.9,Bandung City,West Java,ID,,,Vacation home rental agency,,,,,,,https://www.google.com/maps/search/?api=1&query=Kost%20Muslimah%20Putri&query_place_id=ChIJzc42puznaC4RLxQw-Mlt-dM,Vacation home rental agency,
Wisma Cirebon Kost Putri,2.8,36,Jl. Sekeloa Utara 1 No.5,Bandung City,West Java,ID,,+62 812-2320-8540,Homestay,,,,,,,https://www.google.com/maps/search/?api=1&query=Wisma%20Cirebon%20Kost%20Putri&query_place_id=ChIJawB56cHnaC4RfJUzgHsFebY,Homestay,
Kost Putri Ciheulang 91,5,5,Jl. Ciheulang No.91,Bandung City,West Java,ID,,,Lodge,Corporate office,,,,,,https://www.google.com/maps/search/?api=1&query=Kost%20Putri%20Ciheulang%2091&query_place_id=ChIJy_koXyXnaC4R1u2e5_FwwYY,Lodge,
kost putri,5,8,Jl. Kanayakan No.39,Bandung City,West Java,ID,,,Homestay,,,,,,,https://www.google.com/maps/search/?api=1&query=kost%20putri&query_place_id=ChIJxZULDXnnaC4RzlP2f5K-JrE,Homestay,
Kos putri muslimah ibu nonon,5,3,Gg. Cisitu Lama I No.7,Bandung City,West Java,ID,,+62 812-2036-0436,Lodge,,,,,,,https://www.google.com/maps/search/?api=1&query=Kos%20putri%20muslimah%20ibu%20nonon&query_place_id=ChIJYyD7VIbnaC4R3ZU0lNxRgEU,Lodge,
Kost Sigma 19A,4.5,43,Jl. Tubagus Ismail Dalam No.19a,Bandung City,West Java,ID,https://mamikos.com/room/kost-kota-bandung-kost-putra-eksklusif-kost-sigma-tubagus-ismail-dago-coblong-bandung-rmz,+62 822-1523-6666,Boarding house,,,,,,,https://www.google.com/maps/search/?api=1&query=Kost%20Sigma%2019A&query_place_id=ChIJYRtF693naC4RTwrkAxJDkoA,Boarding house,
Kosan Putra Palm Palace,5,9,Jl. Pelesiran No.9,Bandung City,West Java,ID,,,Hotel,,,,,,,https://www.google.com/maps/search/?api=1&query=Kosan%20Putra%20Palm%20Palace&query_place_id=ChIJmzzWCiXnaC4RLDscFPxxkDw,Hotel,
Kost Putra Palm House Baru,4,4,"4J43+JQ6, Jl. Pelesiran Gang H Iyos",Bandung City,West Java,ID,,+62 22 70784486,Extended stay hotel,,,,,,,https://www.google.com/maps/search/?api=1&query=Kost%20Putra%20Palm%20House%20Baru&query_place_id=ChIJCwgaqFvmaC4RKghqg5p4zVg,Extended stay hotel,
Zhafran Kos Putra,,,Jl. Cisitu Baru No.65,Bandung City,West Java,ID,,+62 812-2018-3189,Guest house,,,,,,,https://www.google.com/maps/search/?api=1&query=Zhafran%20Kos%20Putra&query_place_id=ChIJcccG4gnnaC4RUVDYN8y8p_I,Guest house,
Kost Redhome putra,4.5,8,"No.107 A, Jl. Dipati Ukur",Bandung City,West Java,ID,,+62 822-1479-0413,Boarding house,Hostel,,,,,,https://www.google.com/maps/search/?api=1&query=Kost%20Redhome%20putra&query_place_id=ChIJB5GIYgDnaC4R0VHBqLdO-l4,Boarding house,
Kost Putra Kanayakan Baru 29-A,4.6,11,Jl. Kanayakan Baru No.29-A,Bandung City,West Java,ID,,+62 821-2602-4806,Homestay,,,,,,,https://www.google.com/maps/search/?api=1&query=Kost%20Putra%20Kanayakan%20Baru%2029-A&query_place_id=ChIJVwRtrvPnaC4RUNOHTSDcMIU,Homestay,
Kos Putra,,,Jl. Tubagus Ismail V No.33,Bandung City,West Java,ID,,,Housing complex,,,,,,,https://www.google.com/maps/search/?api=1&query=Kos%20Putra&query_place_id=ChIJAa6COwDnaC4RWQWmJiet8Wk,Housing complex,
Kost Putra Tubagus Ismail Depan 76A,5,7,Jl. Tubagus Ismail - Depan No.76A,Bandung City,West Java,ID,,+62 812-1301-015,Student housing center,,,,,,,https://www.google.com/maps/search/?api=1&query=Kost%20Putra%20Tubagus%20Ismail%20Depan%2076A&query_place_id=ChIJv3sexsTnaC4R02vp--_kTR0,Student housing center,
Kos Ibu Halimah Terima Kos Putra/Putri Harian/Bulanan,3.2,14,Jl. Sukagalih Jl. Sederhana No.19,Bandung City,West Java,ID,,,Homestay,,,,,,,https://www.google.com/maps/search/?api=1&query=Kos%20Ibu%20Halimah%20Terima%20Kos%20Putra%2FPutri%20Harian%2FBulanan&query_place_id=ChIJo_N4swvnaC4ReCHBIUGOH8A,Homestay,
Kost Putra Ciheulang Baru 3,4.9,8,Jl. Ciheulang Baru No.3,Bandung City,West Java,ID,,+62 22 2502707,Boarding house,,,,,,,https://www.google.com/maps/search/?api=1&query=Kost%20Putra%20Ciheulang%20Baru%203&query_place_id=ChIJD6fokP_maC4RATjgw_vTAu0,Boarding house,
Kost Bu Nani,4.6,16,"Sebelah warung seblak adils,kosan warna putih, Jl. Cisitu Lama No.78",Bandung City,West Java,ID,,+62 821-2984-8625,Homestay,,,,,,,https://www.google.com/maps/search/?api=1&query=Kost%20Bu%20Nani&query_place_id=ChIJQ2AKZPrmaC4RBNff4FYLgYQ,Homestay,
Kostan putra Bangbayang 22,5,7,Jl. Bangbayang No.22,Bandung City,West Java,ID,,+62 858-8566-2674,Youth hostel,,,,,,,https://www.google.com/maps/search/?api=1&query=Kostan%20putra%20Bangbayang%2022&query_place_id=ChIJI8LDAOvnaC4RJ_Y63PgXzRg,Youth hostel,
Kost Putra Muslim,5,2,"4J96+4PG, Jl. Cisitu Lama",Bandung City,West Java,ID,,,Housing complex,,,,,,,https://www.google.com/maps/search/?api=1&query=Kost%20Putra%20Muslim&query_place_id=ChIJBUPPbwDnaC4RF7DsPgH3FEI,Housing complex,
kost putra Ganesha,5,9,Jl. Kanayakan Blk. A No.14,Bandung City,West Java,ID,,+62 812-1952-7842,Hostel,,,,,,,https://www.google.com/maps/search/?api=1&query=kost%20putra%20Ganesha&query_place_id=ChIJaVEuwoHnaC4RRxhiUVg0yaY,Hostel,
Kost Putra Pavilion 2,4.4,23,Jl. Ciheulang Baru No.9,Bandung City,West Java,ID,,,Boarding house,,,,,,,https://www.google.com/maps/search/?api=1&query=Kost%20Putra%20Pavilion%202&query_place_id=ChIJ-_u6X_znaC4R2JA7goiqL7k,Boarding house,
Kost Putra Gagak 130 Pusat Kota Bandung,4.4,13,Jl. Gagak No.130,Bandung City,West Java,ID,,+62 812-2051-6114,Student dormitory,,,,,,,https://www.google.com/maps/search/?api=1&query=Kost%20Putra%20Gagak%20130%20Pusat%20Kota%20Bandung&query_place_id=ChIJ8zGmaqvnaC4RWGgidvBEtLM,Student dormitory,
Kost blueberry,3.7,3,Jl. Rancakendal No.96C,Bandung City,West Java,ID,,+62 853-2018-1155,Student dormitory,Homestay,,,,,,https://www.google.com/maps/search/?api=1&query=Kost%20blueberry&query_place_id=ChIJS7LUSdXnaC4RLW9GV6_zYKY,Student dormitory,
Kos Dylan Putra,,,Jl. Sekeloa Utara 2 No.4,Bandung City,West Java,ID,,,Hostel,,,,,,,https://www.google.com/maps/search/?api=1&query=Kos%20Dylan%20Putra&query_place_id=ChIJMSF0DADnaC4RlseImyr0bzo,Hostel,
Kost Putri Tubagus Ismail V No. 18,5,3,Jl. Tubagus Ismail V No.18,Bandung City,West Java,ID,,+62 813-1545-1987,Boarding house,,,,,,,https://www.google.com/maps/search/?api=1&query=Kost%20Putri%20Tubagus%20Ismail%20V%20No.%2018&query_place_id=ChIJoxA2uLXnaC4RHqpZQJdsijs,Boarding house,
Kos Wanita Cisitu Dago Bandung,4.9,8,Jl. Cisitu Baru No.70,Bandung City,West Java,ID,,+62 22 82524510,Lodge,,,,,,,https://www.google.com/maps/search/?api=1&query=Kos%20Wanita%20Cisitu%20Dago%20Bandung&query_place_id=ChIJF9pro_nmaC4RWwYCU7536-k,Lodge,
Kos Putri MY9,4.9,26,Jl. Maulana Yusuf No.9,Bandung City,West Java,ID,,+62 813-2028-5528,Boarding house,,,,,,,https://www.google.com/maps/search/?api=1&query=Kos%20Putri%20MY9&query_place_id=ChIJLf2k3E7maC4RaXzCVBOpIiU,Boarding house,
KOST PUTRI DagoAsri III H8 (datang langsung),4.8,4,"Komp. Dago Asri 4, Jl. Dago Asri Raya Jl. Dago Asri III No.H-8",Bandung City,West Java,ID,,,Boarding house,,,,,,,https://www.google.com/maps/search/?api=1&query=KOST%20PUTRI%20DagoAsri%20III%20H8%20(datang%20langsung)&query_place_id=ChIJq98efojnaC4RQAAV6sQ4WXU,Boarding house,
Beranda Sangkuriang Kost Putri,5,31,Jl. Sangkuriang Bawah No.42,Bandung City,West Java,ID,,+62 818-804-864,Residential college,,,,,,,https://www.google.com/maps/search/?api=1&query=Beranda%20Sangkuriang%20Kost%20Putri&query_place_id=ChIJQZy7GQXnaC4RvkJw4NbIQsU,Residential college,
Kos Putri Adipati 10,5,7,Jl. Adipati Kertabumi No.10,Bandung City,West Java,ID,https://mamikos.com/room/kost-kota-bandung-kost-putri-eksklusif-kost-adipati-10-bandung-wetan-bandung-2,+62 813-2200-4613,Hostel,,,,,,,https://www.google.com/maps/search/?api=1&query=Kos%20Putri%20Adipati%2010&query_place_id=ChIJ_Q0cr2fnaC4RUC0sc7BzTWM,Hostel,
Kost Putri Bangbayang,4.6,7,"4J99+PH5, Gg. Bangbayang Timur",Bandung City,West Java,ID,,+62 821-6400-6759,Extended stay hotel,,,,,,,https://www.google.com/maps/search/?api=1&query=Kost%20Putri%20Bangbayang&query_place_id=ChIJlVKmTj7naC4RRRr4QgnzHhM,Extended stay hotel,
Kos Putri Adelia,5,20,4JC7+XH7,Bandung City,West Java,ID,,+62 853-1490-9921,Lodge,Lodging,,,,,,https://www.google.com/maps/search/?api=1&query=Kos%20Putri%20Adelia&query_place_id=ChIJ_1Xp7R7naC4RcomrlPAyjWY,Lodge,
Kos Clover,4.8,32,Jl. Haur Pancuh No.80,Bandung City,West Java,ID,,+62 811-2345-081,Boarding house,Homestay,,,,,,https://www.google.com/maps/search/?api=1&query=Kos%20Clover&query_place_id=ChIJfWIX_InnaC4RpKN2VHChPls,Boarding house,
Kos putri C-5 Haurpancuh II,5,1,"4J59+3JH, Jl. Haurpancuh",Bandung City,West Java,ID,,,Hostel,,,,,,,https://www.google.com/maps/search/?api=1&query=Kos%20putri%20C-5%20Haurpancuh%20II&query_place_id=ChIJcUHN2F7naC4RuFRQDUCj5JE,Hostel,
Kost Feels like Home,4.6,10,Jl. Cisitu Baru No.15,Bandung City,West Java,ID,,+62 821-2620-4003,Hotel,,,,,,,https://www.google.com/maps/search/?api=1&query=Kost%20Feels%20like%20Home&query_place_id=ChIJVx6L__jmaC4RFfMxHL7lsd4,Hotel,
Kost Cisitu Baru No. 7,4.5,12,Jl. Cisitu Baru No.7,Bandung City,West Java,ID,,,Lodge,,,,,,,https://www.google.com/maps/search/?api=1&query=Kost%20Cisitu%20Baru%20No.%207&query_place_id=ChIJA1qyIBbnaC4Rkd44TTzdTFw,Lodge,
Kost Putri Sukajadi No 16J,4.6,24,"JNE, Jl Sukajadi Ruko No 16 J Sebelah Zest Hotel Sukajadi",Bandung City,West Java,ID,,+62 812-2005-8098,Boarding house,,,,,,,https://www.google.com/maps/search/?api=1&query=Kost%20Putri%20Sukajadi%20No%2016J&query_place_id=ChIJFz9_gF3maC4Rw3fzITKTlYs,Boarding house,
Kost Bu Eka,4.9,119,"No.42 B, Jl. Babakan Jeruk 1 No.42B",Bandung City,West Java,ID,https://www.99.co/id/properti/kost-disewa-1jt-sukajadi-1007956432?utm_source=copy-link&utm_medium=social&utm_campaign=ldp,+62 895-4013-45070,Hostel,Extended stay hotel,,,,,,https://www.google.com/maps/search/?api=1&query=Kost%20Bu%20Eka&query_place_id=ChIJgQDBsZvnaC4ROdkFi33AIPs,Hostel,
Kost Ibu Yadi Gojali Tipe B Sukajadi Bandung,5,11,Jl. Sukagalih Gg Hj Gojali No.215 RT 05,Bandung City,West Java,ID,https://kostibuyadi.web.app/,+62 815-4315-6708,Boarding house,,,,,,,https://www.google.com/maps/search/?api=1&query=Kost%20Ibu%20Yadi%20Gojali%20Tipe%20B%20Sukajadi%20Bandung&query_place_id=ChIJ440v5crnaC4RCod2us0z7Vk,Boarding house,
Kost Bukit Sari 9, dekat UNPAR ITB - Kos Mahasiswa,3.9,37,Jl. Bukit Sari No.9,Bandung City,West Java,ID,https://sites.google.com/view/kostbukitsari,+62 812-2106-000,Student dormitory,Extended stay hotel,Furnished apartment building,Homestay,Student housing center,,,https://www.google.com/maps/search/?api=1&query=Kost%20Bukit%20Sari%209%2C%20dekat%20UNPAR%20ITB%20-%20Kos%20Mahasiswa&query_place_id=ChIJh_Sk0fPmaC4R1UHbKu0OY-U,Student dormitory
Graha Setiabudi Bandung Kostan,4.8,140,"Jl. Dr. Setiabudi No.80A, RT.03/RW.04",Bandung City,West Java,ID,https://sites.google.com/view/grahasetiabudi/home,+62 858-7188-0037,Student dormitory,Boarding house,Hostel,Lodge,Youth hostel,,,https://www.google.com/maps/search/?api=1&query=Graha%20Setiabudi%20Bandung%20Kostan&query_place_id=ChIJfaaPdvHnaC4RYo1ejn7sR1o,Student dormitory,
Kost e Akhmadi ITB,4.6,14,Gg. Cisitu Lama IV No.154,Bandung City,West Java,ID,,,Boarding house,,,,,,,https://www.google.com/maps/search/?api=1&query=Kost%20e%20Akhmadi%20ITB&query_place_id=ChIJ-7qlGq7naC4RMQlqTAorQY4,Boarding house,
Kost D'Shaf,4.9,16,Jl. Kb. Bibit Barat No.41 D,Bandung City,West Java,ID,,+62 878-7828-6937,Hostel,,,,,,,https://www.google.com/maps/search/?api=1&query=Kost%20D'Shaf&query_place_id=ChIJA4Xglm_naC4Ri_D7C3WHQDE,Hostel,
Kost H Iyus,4.8,13,"Gg. Bongkaran No.174B/25, RT.06/RW.15",Bandung City,West Java,ID,,+62 877-2251-8088,Boarding house,,,,,,,https://www.google.com/maps/search/?api=1&query=Kost%20H%20Iyus&query_place_id=ChIJgUOQrjDnaC4ReRQ_uryM2_4,Boarding house,
Kostan Pak Anto,4.4,25,Jl. Sirnamanah Gg. Aki Nari No.2/181,Bandung City,West Java,ID,https://mamikos.com/room/kost-kota-bandung-kost-campur-eksklusif-kost-pak-anto-tipe-a-sukajadi-bandung,+62 815-6395-3220,Lodge,Lodging,,,,,,https://www.google.com/maps/search/?api=1&query=Kostan%20Pak%20Anto&query_place_id=ChIJn_REo73naC4RWP8Azh0Pwz4,Lodge,
Kost D'Homey,4.9,22,"Puri Syailendra, Jl. Terusan Setraria 2 Komplek No.32",Bandung City,West Java,ID,https://mamikos.com/room/kost-bandung-kost-campur-eksklusif-kost-dhomey-1-tipe-a-sukajadi-bandung-1,+62 811-8325-758,Boarding house,Hotel,,,,,,https://www.google.com/maps/search/?api=1&query=Kost%20D'Homey&query_place_id=ChIJpc1i6-rnaC4RbtousAOZ2q8,Boarding house,
Kost Pondok Teratai dekat UNPAR & ITB,4.9,20,,Bandung City,West Java,ID,,,Lodge,Lodging,,,,,,https://www.google.com/maps/search/?api=1&query=Kost%20Pondok%20Teratai%20dekat%20UNPAR%20%26%20ITB&query_place_id=ChIJR-CN0jDnaC4RWjIRqheFn88,Lodge,
Kost Modern,4.3,125,Jl. Gegerkalong Tengah No.20,Bandung City,West Java,ID,,+62 817-622-868,Extended stay hotel,Homestay,,,,,,https://www.google.com/maps/search/?api=1&query=Kost%20Modern&query_place_id=ChIJgzh1DJbmaC4R6VwgO-7TZ3Y,Extended stay hotel,
Kost Pa Agus,4.6,50,"Jl. Gegerkalong Girang No.47 G 6, RT.6/RW.3",Bandung City,West Java,ID,,,Boarding house,,,,,,,https://www.google.com/maps/search/?api=1&query=Kost%20Pa%20Agus&query_place_id=ChIJCS_c9Z_naC4Rx8E7_pPBxkU,Boarding house,
Ivan Kost,4,22,Jl. Cihampelas No.302,Bandung City,West Java,ID,,+62 812-2266-621,Extended stay hotel,,,,,,,https://www.google.com/maps/search/?api=1&query=Ivan%20Kost&query_place_id=ChIJn8O1cvbmaC4Rg4uO41Ew4jY,Extended stay hotel,
Kost Favorite,4.5,70,Jl. Prof. drg. Soeria Soemantri No.63A,Bandung City,West Java,ID,,+62 878-2147-7828,Guest house,,,,,,,https://www.google.com/maps/search/?api=1&query=Kost%20Favorite&query_place_id=ChIJkWK4PIfmaC4RLHL8Ff2uM-M,Guest house,
Kosan Ibu Ikah,4.9,17,"4HRV+R97, Jl. Negla",Bandung City,West Java,ID,,+62 821-3078-3554,Extended stay hotel,,,,,,,https://www.google.com/maps/search/?api=1&query=Kosan%20Ibu%20Ikah&query_place_id=ChIJefyn6rnmaC4RX9r6RlWH468,Extended stay hotel,
Kos Putra / Putri Pancaniti 273,5,1,Gg. Pancaniti No.273,Bandung City,West Java,ID,,+62 877-3357-4336,Boarding house,,,,,,,https://www.google.com/maps/search/?api=1&query=Kos%20Putra%20%2F%20Putri%20Pancaniti%20273&query_place_id=ChIJAVY61uXnaC4RitiL7KH_c2U,Boarding house,
Kost Tengku Angkasa,4.6,12,Jl. Tengku Angkasa No.38,Bandung City,West Java,ID,,+62 813-2064-3065,Extended stay hotel,,,,,,,https://www.google.com/maps/search/?api=1&query=Kost%20Tengku%20Angkasa&query_place_id=ChIJB8474VPmaC4Rbo8uIuDqPME,Extended stay hotel,
Kost Cisitu Baru No. 2,3.6,10,Jl. Cisitu Baru No.2,Bandung City,West Java,ID,,+62 896-6823-3421,Guest house,,,,,,,https://www.google.com/maps/search/?api=1&query=Kost%20Cisitu%20Baru%20No.%202&query_place_id=ChIJg5bEAvnmaC4RGUumqEEYQDQ,Guest house,
kost dago asri blok c no 17a,4.5,13,"C No.17, Jl. Dago Asri",Bandung City,West Java,ID,,+62 852-6564-9001,Boarding house,,,,,,,https://www.google.com/maps/search/?api=1&query=kost%20dago%20asri%20blok%20c%20no%2017a&query_place_id=ChIJJzzjYOPmaC4R-9lxed3tN-M,Boarding house,
Cool Kost Bandung Murah,4.4,60,Jl. Tubagus Ismail VIII Atas No.38,Bandung City,West Java,ID,https://kostbandungmurah.com/,+62 822-6149-1981,Boarding house,,,,,,,https://www.google.com/maps/search/?api=1&query=Cool%20Kost%20Bandung%20Murah&query_place_id=ChIJ7Y_rXSTnaC4RTEv04ptD8Mo,Boarding house,
INFO-Kost,4.5,17,Jl. Tubagus Ismail,Bandung City,West Java,ID,,,Boarding house,,,,,,,https://www.google.com/maps/search/?api=1&query=INFO-Kost&query_place_id=ChIJQ_iH2v7maC4RH1A70U_lv8A,Boarding house,
Kost Gagak Satu 25,4.8,37,"NO+WA, Gg. Gagak I No.25",Bandung City,West Java,ID,,+62 812-1476-2069,Hotel,,,,,,,https://www.google.com/maps/search/?api=1&query=Kost%20Gagak%20Satu%2025&query_place_id=ChIJHbPMw-LnaC4RxDn80U4vuak,Hotel,
Kost Putri Annisa Bandung,4.3,9,Gg. Aki Nari No. 690,Bandung City,West Java,ID,,+62 813-6346-8425,Lodge,,,,,,,https://www.google.com/maps/search/?api=1&query=Kost%20Putri%20Annisa%20Bandung&query_place_id=ChIJV4Ql61_maC4RIyvsrVap1DY,Lodge,
KOST PUTRI PAK KUMIS,4.7,3,"Jl. Sekeloa Sel. I Kelurahan No.94, RT.01/RW.02",Bandung City,West Java,ID,,,Lodge,,,,,,,https://www.google.com/maps/search/?api=1&query=KOST%20PUTRI%20PAK%20KUMIS&query_place_id=ChIJ676AOfznaC4RaH9jx9DpQ3E,Lodge,
Kost Putri Imah Hejo,5,3,Jl. Ciheulang Baru Gg. II no. 10B,Bandung City,West Java,ID,,+62 856-8760-506,Homestay,Nasi restaurant,,,,,,https://www.google.com/maps/search/?api=1&query=Kost%20Putri%20Imah%20Hejo&query_place_id=ChIJU9uMgv_maC4RBwdbp5x0r3s,Homestay,
Kost Putri Muslimah,4.5,2,Jl. Sangkuriang No.H-2,Bandung City,West Java,ID,,+62 22 92249966,Boarding house,,,,,,,https://www.google.com/maps/search/?api=1&query=Kost%20Putri%20Muslimah&query_place_id=ChIJT8qeU_fmaC4RjorB3Q97bj0,Boarding house,
Kos Putri White House,5,15,Jl. Dago Pojok I No.6,Bandung City,West Java,ID,,,Condominium complex,,,,,,,https://www.google.com/maps/search/?api=1&query=Kos%20Putri%20White%20House&query_place_id=ChIJIQUes-PmaC4RPkBeBFLvwZk,Condominium complex,
Kos Puteri Bumi Hejo,3.2,9,Jl. Tamansari No.15,Bandung City,West Java,ID,,,Indoor lodging,,,,,,,https://www.google.com/maps/search/?api=1&query=Kos%20Puteri%20Bumi%20Hejo&query_place_id=ChIJBWfnxUXmaC4R5c8p_fDAX3w,Indoor lodging,
Kost Putri Cipaganti Permai Bandung,4.9,8,Jl. Cipaganti Permai 3 No.4,Bandung City,West Java,ID,,+62 812-1514-4836,Boarding house,,,,,,,https://www.google.com/maps/search/?api=1&query=Kost%20Putri%20Cipaganti%20Permai%20Bandung&query_place_id=ChIJSbogYU7naC4Rix2H36iWlzk,Boarding house,
Kost Putri Terusan Cigadung 8,5,1,Jl. Terusan Cigadung No.8,Bandung City,West Java,ID,,+62 855-1003-372,Homestay,,,,,,,https://www.google.com/maps/search/?api=1&query=Kost%20Putri%20Terusan%20Cigadung%208&query_place_id=ChIJ9Rn1XADnaC4RhDQxN3Xm6Zc,Homestay,
Kost Putri Cisitu Indah II No. 12,4.2,5,Jl. Cisitu Indah 2 No.12,Bandung City,West Java,ID,,,Lodge,,,,,,,https://www.google.com/maps/search/?api=1&query=Kost%20Putri%20Cisitu%20Indah%20II%20No.%2012&query_place_id=ChIJWUTVv9znaC4RMeEIuLMbu9Y,Lodge,
Kos Putri Bumi Afiyah,4.1,9,Jl. Kanayakan Dalam No.3,Bandung City,West Java,ID,,,Lodging,,,,,,,https://www.google.com/maps/search/?api=1&query=Kos%20Putri%20Bumi%20Afiyah&query_place_id=ChIJkYEHnHjnaC4RMf2pK527Scc,Lodging,
Kosbiru - Kost Putri Dago,4.8,19,Jl. Terusan Bukit Dago Selatan No.7b,Bandung City,West Java,ID,,,Boarding house,,,,,,,https://www.google.com/maps/search/?api=1&query=Kosbiru%20-%20Kost%20Putri%20Dago&query_place_id=ChIJOVt2xePmaC4RWJNxqdEz_zY,Boarding house,
Ambar Kost Putri Muslimah,4.9,10,Jl. Sadang Tengah II No.2,Bandung City,West Java,ID,,+62 822-1139-3306,Homestay,,,,,,,https://www.google.com/maps/search/?api=1&query=Ambar%20Kost%20Putri%20Muslimah&query_place_id=ChIJc98McInnaC4RUNOTmKdz8a0,Homestay,
Padma Homestay dan Kost dekat ITB,4.2,173,Jl. Cisitu Indah V No.10,Bandung City,West Java,ID,,+62 816-1971-493,Hotel,Student dormitory,,,,,,https://www.google.com/maps/search/?api=1&query=Padma%20Homestay%20dan%20Kost%20dekat%20ITB&query_place_id=ChIJgSezxOTmaC4R25h7SWjsRp8,Hotel,
Kos Putri Annisaa,4.9,7,Gg. H. Tahyati No.36,Bandung City,West Java,ID,,+62 818-214-336,Student dormitory,,,,,,,https://www.google.com/maps/search/?api=1&query=Kos%20Putri%20Annisaa&query_place_id=ChIJJ4c4__zmaC4Rv7R-Bv1o5Ww,Student dormitory,
Kos Putri Muslimah,4.4,9,Jl. Ir. H. Juanda Gg. H. Tahyati No.13 158b,Bandung City,West Java,ID,,+62 812-2145-073,Vacation home rental agency,,,,,,,https://www.google.com/maps/search/?api=1&query=Kos%20Putri%20Muslimah&query_place_id=ChIJH1Uy9fzmaC4RGzakXjGBWII,Vacation home rental agency,
Kost Putri Pondok Rachika Dipatiukur,4.4,9,4J49+VR8,Bandung City,West Java,ID,,+62 812-2452-0098,Hotel,,,,,,,https://www.google.com/maps/search/?api=1&query=Kost%20Putri%20Pondok%20Rachika%20Dipatiukur&query_place_id=ChIJc0yHosHnaC4R61gwFvMRwc0,Hotel,
Kos Putri Sabar 7,5,4,Jl. Sabar No.7,Bandung City,West Java,ID,,+62 813-1211-2789,Boarding house,,,,,,,https://www.google.com/maps/search/?api=1&query=Kos%20Putri%20Sabar%207&query_place_id=ChIJWTI8U8PnaC4RoX-spgNW8AQ,Boarding house,
Mocca House (kost putri),4.6,39,Jl. Sadang Serang No.14,Bandung City,West Java,ID,https://mamikos.com/room/kost-kota-bandung-kost-putri-eksklusif-kost-mocca-house-tipe-a-coblong-bandung,,Extended stay hotel,,,,,,,https://www.google.com/maps/search/?api=1&query=Mocca%20House%20(kost%20putri)&query_place_id=ChIJac0GjavnaC4RO1miEgpdQjk,Extended stay hotel,
Kost Raben 5A Dekat Universitas Parahyangan UNPAR ( KOST PUTRI ),5,25,"Depan obc futsal, Jl. Rancabentang I No.5a",Bandung City,West Java,ID,https://msha.ke/kostan.raben5a,+62 899-0736-339,Boarding house,,,,,,,https://www.google.com/maps/search/?api=1&query=Kost%20Raben%205A%20Dekat%20Universitas%20Parahyangan%20UNPAR%20(%20KOST%20PUTRI%20)&query_place_id=ChIJJ5aoq37naC4Rf3JDb7op0jc,Boarding house,
Rumah Kost Bu Engkay,5,2,Jl. Karang Tineung Indah Dalam Gg. Pa Elas No.39E,Bandung City,West Java,ID,,,Hostel,,,,,,,https://www.google.com/maps/search/?api=1&query=Rumah%20Kost%20Bu%20Engkay&query_place_id=ChIJ15euHQLnaC4Rene-4v1Yugs,Hostel,
Sadang Green Kost,4.8,28,Jalan Terminal No.16A,Bandung City,West Java,ID,,+62 812-7796-2674,Lodge,Boarding house,,,,,,https://www.google.com/maps/search/?api=1&query=Sadang%20Green%20Kost&query_place_id=ChIJBax-gavnaC4RuJ6RbFV9rXQ,Lodge,
Kost Bu Aat,3,2,Jl Gg. Cisitu Lama VII No.12 C/154 B,Bandung City,West Java,ID,,+62 22 8330804,Hotel,,,,,,,https://www.google.com/maps/search/?api=1&query=Kost%20Bu%20Aat&query_place_id=ChIJw5xowj_naC4RCbMhWv3mQAg,Hotel,
Kost Cemara 455,4.6,13,"Jl. Cemara No.455/181, RT.02/RW.03",Bandung City,West Java,ID,https://mamikos.com/room/kost-bandung-kost-campur-murah-kost-keluarga-cemara-sukajadi-bandung#/,+62 819-1037-1955,Boarding house,,,,,,,https://www.google.com/maps/search/?api=1&query=Kost%20Cemara%20455&query_place_id=ChIJqWmYegjnaC4RQFCw5voh-tc,Boarding house,
Kosan pak Riki pa/pi - Mamapura,4.7,15,Jl. Jurang Gg. Mama Pura No.682/181,Bandung City,West Java,ID,,+62 812-9227-711,Boarding house,,,,,,,https://www.google.com/maps/search/?api=1&query=Kosan%20pak%20Riki%20pa%2Fpi%20-%20Mamapura&query_place_id=ChIJhToVqALnaC4RHQ5x-tQr4Fo,Boarding house,
Rumah Kost - Graha Sejahtera (Hubungi no. Hp dibawah, no HP selain itu penipuan),4.3,31,Jl. Sejahtera No.9A,Bandung City,West Java,ID,,+62 813-9494-9216,Boarding house,,,,,,,https://www.google.com/maps/search/?api=1&query=Rumah%20Kost%20-%20Graha%20Sejahtera%20(Hubungi%20no.%20Hp%20dibawah%2C%20no%20HP%20selain%20itu%20penipuan)&query_place_id=ChIJv5Q3LVzmaC4R1IvkmGKzdis,Boarding house
Nanino Kost,5,2,Jl. Bangbayang No.27B,Bandung City,West Java,ID,,+62 812-2588-9269,Boarding house,,,,,,,https://www.google.com/maps/search/?api=1&query=Nanino%20Kost&query_place_id=ChIJCbxFlKznaC4ReiyX_nMB55k,Boarding house,
STARCO KOST,4.7,33,Jl. Cisitu Indah V No.8,Bandung City,West Java,ID,,,Guest house,,,,,,,https://www.google.com/maps/search/?api=1&query=STARCO%20KOST&query_place_id=ChIJ05B42-TmaC4R4lYcY4AC5WY,Guest house,
Rent house,4.8,6,"No. 19, Jalan Muararajeun lama III, RT.07/RW.05",Bandung City,West Java,ID,,+62 812-2293-229,Extended stay hotel,,,,,,,https://www.google.com/maps/search/?api=1&query=Rent%20house&query_place_id=ChIJB9LXYMLnaC4RFTqk_nJ1lrA,Extended stay hotel,
Kost Pondok 9,4.9,10,belakang Jl. Dagopojok No.44,Bandung City,West Java,ID,,,Boarding house,,,,,,,https://www.google.com/maps/search/?api=1&query=Kost%20Pondok%209&query_place_id=ChIJrb2paC_naC4RUhfRQzmQAIM,Boarding house,
Kost Alima,4.3,7,"V No. 61A, Jl. Tubagus Ismail",Bandung City,West Java,ID,,,Hotel,,,,,,,https://www.google.com/maps/search/?api=1&query=Kost%20Alima&query_place_id=ChIJa2Fg8P7maC4Rl5p_XnAc7HI,Hotel,
ITB Career Center,4.1,43,GKU Timur ITB Jl. Ganesha No.10 Building Ground Floor,Bandung City,West Java,ID,https://karir.itb.ac.id/,+62 22 2509162,Student career counseling office,Academic department,,,,,,https://www.google.com/maps/search/?api=1&query=ITB%20Career%20Center&query_place_id=ChIJwV1bplDmaC4RfObKU7PQVto,Student career counseling office,
KOST MAHASISWA UNPAR,5,3,Jl. Menjangan Masuk Komplek PU No.5,Bandung City,West Java,ID,https://mamikos.com/room/kost-bandung-kost-campur-eksklusif-kost-jalan-menjangan-cidadap-bandung-1,+62 811-8119-595,Student dormitory,,,,,,,https://www.google.com/maps/search/?api=1&query=KOST%20MAHASISWA%20UNPAR&query_place_id=ChIJXW76zprnaC4RopI1Q3UU-sw,Student dormitory,
KOST ANAK ITB PUTRI,5,1,"4J96+FWH, Gg. Cisitu Lama III",Bandung City,West Java,ID,,,Housing society,,,,,,,https://www.google.com/maps/search/?api=1&query=KOST%20ANAK%20ITB%20PUTRI&query_place_id=ChIJ7y-nkPjnaC4RabJxXGihfBE,Housing society,
KOST PUTRI 122 B,4.3,3,"Gg. Cisitu Lama IV No.122 B/ 154 C, RT.02/RW.10",Bandung City,West Java,ID,,+62 812-2290-0399,Lodge,,,,,,,https://www.google.com/maps/search/?api=1&query=KOST%20PUTRI%20122%20B&query_place_id=ChIJf1El4XjnaC4Re5rcMUv9aF4,Lodge,
Kost Ibu Cicih,4.9,9,"Jl. Dr. Setiabudi No.35, RT.02/RW.03",Bandung City,West Java,ID,,+62 821-6540-1901,Extended stay hotel,,,,,,,https://www.google.com/maps/search/?api=1&query=Kost%20Ibu%20Cicih&query_place_id=ChIJKzBkrn_naC4RWpATu2umdeg,Extended stay hotel,
Kost Letter U,4.3,16,Jl. Dr. Setiabudi No.165d,Bandung City,West Java,ID,,,Boarding house,,,,,,,https://www.google.com/maps/search/?api=1&query=Kost%20Letter%20U&query_place_id=ChIJ20YgMgHnaC4Rz6gnTKKin8s,Boarding house,
Asrama Sangkuriang ITB,4.6,179,Jl. Sangkuriang Dalam No.60/160A,Bandung City,West Java,ID,,,Student dormitory,Residential college,,,,,,https://www.google.com/maps/search/?api=1&query=Asrama%20Sangkuriang%20ITB&query_place_id=ChIJE6p0wvnmaC4R9vwYjdGsKNQ,Student dormitory,
Wildan Kost,5,5,Jl. Kapten Abdul Hamid No.85B,Bandung City,West Java,ID,,+62 813-8646-2093,Homestay,,,,,,,https://www.google.com/maps/search/?api=1&query=Wildan%20Kost&query_place_id=ChIJW0iGNbLnaC4RBpQjWskGFKU,Homestay,
Light Home Kost,4.5,28,"Jl. Cibogo 3 No.9 RT05, RW.05",Bandung City,West Java,ID,,+62 815-7305-1295,Boarding house,Inn,Lodge,,,,,https://www.google.com/maps/search/?api=1&query=Light%20Home%20Kost&query_place_id=ChIJ7Vi6C37maC4RXeUXMD3yUiM,Boarding house,
Gratia Kost,3.9,131,Jl. Prof. drg. Soeria Soemantri No.48,Bandung City,West Java,ID,,+62 816-4870-190,Student dormitory,,,,,,,https://www.google.com/maps/search/?api=1&query=Gratia%20Kost&query_place_id=ChIJgRqloYbmaC4RCk--xRmAP6M,Student dormitory,
Ecodelta Kost,4.3,26,"Blok, Jl. Mustang No.2 No.1B",Bandung City,West Java,ID,,+62 812-4660-383,Boarding house,,,,,,,https://www.google.com/maps/search/?api=1&query=Ecodelta%20Kost&query_place_id=ChIJ7a_Y-YDmaC4ReTSYuY_r3uQ,Boarding house,
Kos Putri Pak Jimmi no. 4A,4.8,4,Jl. Rancabentang I No.4A,Bandung City,West Java,ID,,+62 812-5847-867,Extended stay hotel,,,,,,,https://www.google.com/maps/search/?api=1&query=Kos%20Putri%20Pak%20Jimmi%20no.%204A&query_place_id=ChIJ83NJsAvnaC4RNfavCmnsloA,Extended stay hotel,
Kos Putri Ruri,5,1,Jl. Cisitu Lama No.4 160b,Bandung City,West Java,ID,,+62 812-2005-090,Boarding house,,,,,,,https://www.google.com/maps/search/?api=1&query=Kos%20Putri%20Ruri&query_place_id=ChIJocP9WQDnaC4Ri1gX-e8--X4,Boarding house,
Kos khusus putri,,,Jl. Tubagus Ismail VIII No.46,Bandung City,West Java,ID,,+62 858-8078-7799,Extended stay hotel,,,,,,,https://www.google.com/maps/search/?api=1&query=Kos%20khusus%20putri&query_place_id=ChIJpXoREBXnaC4RV6YoVMFx0kM,Extended stay hotel,
Kost Pelesiran 21 & 23,4,3,Jl. Pelesiran No.23,Bandung City,West Java,ID,,+62 812-2240-2607,Homestay,,,,,,,https://www.google.com/maps/search/?api=1&query=Kost%20Pelesiran%2021%20%26%2023&query_place_id=ChIJV1kSG7fnaC4RcvgJypl2ZZA,Homestay,
Kost Putri Wisma C149,4.9,31,Jl. Ciumbuleuit No.149,Bandung City,West Java,ID,https://mamikos.com/room/kost-kota-bandung-kost-putri-eksklusif-kost-wisma-c149-cidadap-bandung,+62 811-8468-000,Cottage rental,,,,,,,https://www.google.com/maps/search/?api=1&query=Kost%20Putri%20Wisma%20C149&query_place_id=ChIJN137JRnnaC4RaxB3cWzG8Wc,Cottage rental,
Kost Ibu & Citra,4.5,11,"Jl. Haur Pancuh No.180/151c, RT.1/RW.2",Bandung City,West Java,ID,,+62 811-8740-087,Homestay,Guest house,,,,,,https://www.google.com/maps/search/?api=1&query=Kost%20Ibu%20%26%20Citra&query_place_id=ChIJj9MVTVrnaC4Rd-3bIoXUfaE,Homestay,
Rumah Kost 47 (khusus wanita),3.7,10,Jl. Tubagus Ismail No.47,Bandung City,West Java,ID,,,Hotel,,,,,,,https://www.google.com/maps/search/?api=1&query=Rumah%20Kost%2047%20(khusus%20wanita)&query_place_id=ChIJ580kuf_maC4RL0iaZGEU-t8,Hotel,
Kos Nada Putri,4.8,5,Jl. Sekeloa Sel. I Gg. Loa I No.26A,Bandung City,West Java,ID,https://linktr.ee/KosNadaPutri,+62 811-670-725,Lodge,,,,,,,https://www.google.com/maps/search/?api=1&query=Kos%20Nada%20Putri&query_place_id=ChIJcRv0sdHnaC4Reih_jFzaAXQ,Lodge,
Kos Putri Dago Asri,4.3,6,,Bandung City,West Java,ID,,+62 817-5141-184,Housing society,,,,,,,https://www.google.com/maps/search/?api=1&query=Kos%20Putri%20Dago%20Asri&query_place_id=ChIJW6NHIt7naC4RPeM238pqaxo,Housing society,
Kost Putri 165,4.9,8,Jl. Cisitu Lama Atas No.25-160,Bandung City,West Java,ID,,+62 877-8889-0710,Homestay,,,,,,,https://www.google.com/maps/search/?api=1&query=Kost%20Putri%20165&query_place_id=ChIJ2-LZn6HnaC4RVEiJlhE7Fy0,Homestay,
Kost Putri Bidadari Art,3.7,6,4J4C+Q54,Bandung City,West Java,ID,,,Homestay,,,,,,,https://www.google.com/maps/search/?api=1&query=Kost%20Putri%20Bidadari%20Art&query_place_id=ChIJHeADmgrnaC4RII0J0DRDvMo,Homestay,
KOST Koe Puteri RABEN 4 a,3,2,Jl. Rancabentang I No.4a,Bandung City,West Java,ID,,+62 812-5847-867,Lodging,,,,,,,https://www.google.com/maps/search/?api=1&query=KOST%20Koe%20Puteri%20RABEN%204%20a&query_place_id=ChIJ0yq35iznaC4RuhoABpIOZTI,Lodging,
Kos Putri Sidomukti 63B,4.8,5,Gg. Cikondang II No.63b,Bandung City,West Java,ID,,+62 813-8111-3028,Boarding house,,,,,,,https://www.google.com/maps/search/?api=1&query=Kos%20Putri%20Sidomukti%2063B&query_place_id=ChIJbfRqnZ3naC4RGCcNcUQDQn4,Boarding house,
Kost Satu Sepuluh,5,3,Jl. Cisitu Indah I No.10,Bandung City,West Java,ID,,+62 811-200-313,Boarding house,,,,,,,https://www.google.com/maps/search/?api=1&query=Kost%20Satu%20Sepuluh&query_place_id=ChIJw-lX1xPnaC4Re0hZ3oXkhQQ,Boarding house,
Kos BJ 19 Kos dekat Unpar 3 menit jalan kaki,4.7,32,Jl. Bukit Jarian No.19,Bandung City,West Java,ID,https://www.tiktok.com/@kos.bj19,+62 821-1313-1183,Boarding house,Guest house,Hotel,,,,,https://www.google.com/maps/search/?api=1&query=Kos%20BJ%2019%20Kos%20dekat%20Unpar%203%20menit%20jalan%20kaki&query_place_id=ChIJk6WiLPDmaC4RO-tngNPV38M,Boarding house,
Kost Putra/Putri Pancawarna 16,5,1,"Jl. Kb. Kembang Gg. Panca Warna No.16, RT.02/RW.12",Bandung City,West Java,ID,,,Homestay,,,,,,,https://www.google.com/maps/search/?api=1&query=Kost%20Putra%2FPutri%20Pancawarna%2016&query_place_id=ChIJXaakR0XnaC4RVGhvQ573bcU,Homestay,
Kos Putri,5,1,Jl. Giringsing No.10,Bandung City,West Java,ID,,,Student dormitory,,,,,,,https://www.google.com/maps/search/?api=1&query=Kos%20Putri&query_place_id=ChIJH5I83uDnaC4RWvwI7eIFeh8,Student dormitory,
Putri Sapujagad Kost Pasteur Bandung,,,Jl. Sapujagat No.2,Bandung City,West Java,ID,https://www.rukita.co/place/putri-sapujagad-kost-pasteur-bandung?utm_source=referral&utm_medium=GMB&utm_campaign=property&utm_content=putri-sapujagad-kost-pasteur-bandung,+62 811-9008-7829,Serviced accommodation,,,,,,,https://www.google.com/maps/search/?api=1&query=Putri%20Sapujagad%20Kost%20Pasteur%20Bandung&query_place_id=ChIJ1_LMnvLnaC4RAk1ORVEfxBI,Serviced accommodation,
Kost Putra SB17,5,3,Jl. Sukawarna Baru No.17,Bandung City,West Java,ID,,+62 822-1974-4752,Boarding house,,,,,,,https://www.google.com/maps/search/?api=1&query=Kost%20Putra%20SB17&query_place_id=ChIJwfoyOHTnaC4RoSZhD5wpJug,Boarding house,
Kost putra Sariasih 1/21 Jalan Sariasih 1 Sarijadi Bandung,4.5,2,"Jl. Sariasih I No.21, RT.06/RW.10",Bandung City,West Java,ID,,+62 898-7421-846,Boarding house,,,,,,,https://www.google.com/maps/search/?api=1&query=Kost%20putra%20Sariasih%201%2F21%20Jalan%20Sariasih%201%20Sarijadi%20Bandung&query_place_id=ChIJs7IHEtrnaC4Rd4IJA-raioQ,Boarding house,
Kost putra/putri KTB 42/28 A,4.7,38,3HPW+R55,Bandung City,West Java,ID,,+62 852-2136-0746,Lodging,,,,,,,https://www.google.com/maps/search/?api=1&query=Kost%20putra%2Fputri%20KTB%2042%2F28%20A&query_place_id=ChIJiWb5tX3naC4R4a0x4roYybM,Lodging,
AB Kost Putra, No. 45,5,4,Jl. Cisitu Indah Dalam No.45,Bandung City,West Java,ID,,+62 819-1008-0400,Boarding house,,,,,,,https://www.google.com/maps/search/?api=1&query=AB%20Kost%20Putra%2C%20No.%2045&query_place_id=ChIJbbhJfQDnaC4RCogWLPP_j2U,Boarding house
Kost Putri Unpar Simphony,5,3,Jl. Bukit Jarian No.44 A,Bandung City,West Java,ID,,+62 813-9578-7011,Apartment complex,,,,,,,https://www.google.com/maps/search/?api=1&query=Kost%20Putri%20Unpar%20Simphony&query_place_id=ChIJD5cTRWXnaC4Rr9iv7v1y5Jk,Apartment complex,
Margha Kost Putri UNPAR,4.7,23,Jl. Bukit Resik No.2,Bandung City,West Java,ID,,+62 811-2220-228,Extended stay hotel,,,,,,,https://www.google.com/maps/search/?api=1&query=Margha%20Kost%20Putri%20UNPAR&query_place_id=ChIJB-3CqZ7naC4Rb6TI4pT1lac,Extended stay hotel,
Kost Satualiving Cisitu Bandung,4.8,12,Jl. Cisitu Lama VIII No.1A,Bandung City,West Java,ID,,+62 821-1930-088,Homestay,,,,,,,https://www.google.com/maps/search/?api=1&query=Kost%20Satualiving%20Cisitu%20Bandung&query_place_id=ChIJmz6YiUXnaC4RvbCai8PFfRk,Homestay,
Kos Putri Dago Pojok,5,1,Jl. Terusan Bukit Dago Selatan No.29A,Bandung City,West Java,ID,,,Housing complex,,,,,,,https://www.google.com/maps/search/?api=1&query=Kos%20Putri%20Dago%20Pojok&query_place_id=ChIJvasqQADnaC4Rnev7hVW5YdM,Housing complex,
Kos Putri Bidan Onih,4.7,6,Jl. Karang Arum No.8,Bandung City,West Java,ID,,,Motel,,,,,,,https://www.google.com/maps/search/?api=1&query=Kos%20Putri%20Bidan%20Onih&query_place_id=ChIJkYiCLgDnaC4Ru26sETJq3mM,Motel,
Kost Obi,5,4,Jl. Cisitu Indah 2 No.6,Bandung City,West Java,ID,,,Student dormitory,,,,,,,https://www.google.com/maps/search/?api=1&query=Kost%20Obi&query_place_id=ChIJ2Snk93PnaC4RsFlW0GLAKSY,Student dormitory,
Sakura Kost Unpar,4,24,Jl. Ranca Bentang III No.126,Bandung City,West Java,ID,http://sakurakostunpar.univer.se/,+62 899-9725-872,Boarding house,,,,,,,https://www.google.com/maps/search/?api=1&query=Sakura%20Kost%20Unpar&query_place_id=ChIJTQHZau_maC4RzJJSgQBoUMU,Boarding house,
Kost Putri The Sally's,4.5,20,"Gg. Eme No.2, RT.006/RW.004",Bandung City,West Java,ID,,,Lodge,,,,,,,https://www.google.com/maps/search/?api=1&query=Kost%20Putri%20The%20Sally's&query_place_id=ChIJrfulbGfmaC4R9J2aL42rX9M,Lodge,
KOST PUTRI C-24,,,"40191, Jl. Cikondang No.24",Bandung City,West Java,ID,http://kostputribandungpusat.blogspot.co.id/,+62 22 2507774,Boarding house,,,,,,,https://www.google.com/maps/search/?api=1&query=KOST%20PUTRI%20C-24&query_place_id=ChIJ_3HF16jnaC4RtoUnzRzKLgg,Boarding house,
Kos Putri Bu Popon,5,6,"Jl. Muararajeun Lama No.30, RT.04/RW.04",Bandung City,West Java,ID,,+62 813-2018-9822,Hostel,Boarding house,,,,,,https://www.google.com/maps/search/?api=1&query=Kos%20Putri%20Bu%20Popon&query_place_id=ChIJ-XT7oFXnaC4R-9sGXLO0buY,Hostel,
Kos Putri Bumi Tsuroyyaa,2.7,9,"4J2J+M6J, Gg. Perumnas Sukaluyu I",Bandung City,West Java,ID,,+62 811-755-372,Extended stay hotel,,,,,,,https://www.google.com/maps/search/?api=1&query=Kos%20Putri%20Bumi%20Tsuroyyaa&query_place_id=ChIJh_-y6uHnaC4Rb7vpiIBXG6M,Extended stay hotel,
KOST PUTRA,5,1,4J2F+CJP,Bandung City,West Java,ID,,,Housing development,,,,,,,https://www.google.com/maps/search/?api=1&query=KOST%20PUTRA&query_place_id=ChIJ7ZWPZQDnaC4RBOkbnPRSgEM,Housing development,
Kost Putra Pak Rudi,4.7,16,"Dalam, Jl. Tubagus Ismail VIII No.27",Bandung City,West Java,ID,,,Boarding house,,,,,,,https://www.google.com/maps/search/?api=1&query=Kost%20Putra%20Pak%20Rudi&query_place_id=ChIJP6F60wHnaC4Rnf1raE0NWSg,Boarding house,
Kost Putra Jl. Ciung 5 Bandung,,,Jl. Ciung No.5,Bandung City,West Java,ID,,+62 818-8286-0306,Villa,,,,,,,https://www.google.com/maps/search/?api=1&query=Kost%20Putra%20Jl.%20Ciung%205%20Bandung&query_place_id=ChIJl4wCGwDnaC4Rhzn4CC9bUlI,Villa,
Kost putra rumah roti,5,3,"Jl. Ir. H. Juanda No.11/158a, RT.05/RW.09",Bandung City,West Java,ID,,+62 813-8999-8210,Hostel,,,,,,,https://www.google.com/maps/search/?api=1&query=Kost%20putra%20rumah%20roti&query_place_id=ChIJB-2lV4nnaC4REy3Kir5nV5k,Hostel,
Kost putra ciheulang no.89,5,1,Jl. Ciheulang No.75E,Bandung City,West Java,ID,,,Housing society,,,,,,,https://www.google.com/maps/search/?api=1&query=Kost%20putra%20ciheulang%20no.89&query_place_id=ChIJO3eWQADnaC4Rclk7ecZUzSg,Housing society,
Kost Putra Muslim,,,"Jl. Kidang Pananjung dlm No.142A/154C, RT.01/RW.10",Bandung City,West Java,ID,,,Housing complex,,,,,,,https://www.google.com/maps/search/?api=1&query=Kost%20Putra%20Muslim&query_place_id=ChIJEbsFCfPnaC4RcpidZg6kvWI,Housing complex,
Kost putra bangbayang 18,5,2,Jl. Dago Timur No.18,Bandung City,West Java,ID,,,Hotel,,,,,,,https://www.google.com/maps/search/?api=1&query=Kost%20putra%20bangbayang%2018&query_place_id=ChIJGRJ1DgDnaC4RzcuA4OcvPSA,Hotel,
Kost Engkus ( Pria & Mahasiswa ),4,4,Jl. Kb. Bibit Utara No.98,Bandung City,West Java,ID,,+62 895-3303-16711,Boarding house,Hotel,Lodge,Motel,Student dormitory,,,https://www.google.com/maps/search/?api=1&query=Kost%20Engkus%20(%20Pria%20%26%20Mahasiswa%20)&query_place_id=ChIJFwHgPUfnaC4RrHIpqV1UjRs,Boarding house,
Kost Putra Anggrek 2,4.3,6,4J6C+6HR,Bandung City,West Java,ID,,+62 812-1213-1310,Hotel,,,,,,,https://www.google.com/maps/search/?api=1&query=Kost%20Putra%20Anggrek%202&query_place_id=ChIJ2UuQDELnaC4RVW-tHG_1ReU,Hotel,
Kost Putri Tubagus Ismail,4.2,5,Jl. Tubagus Ismail No.88,Bandung City,West Java,ID,,+62 858-1415-9480,Hotel,,,,,,,https://www.google.com/maps/search/?api=1&query=Kost%20Putri%20Tubagus%20Ismail&query_place_id=ChIJlfIfpP_maC4RietFCsqZ1vw,Hotel,
Terima kost putra/putri,,,"4H4W+H2J yahya no. 49, Gg. P. Sarif",Bandung City,West Java,ID,,,Hostel,,,,,,,https://www.google.com/maps/search/?api=1&query=Terima%20kost%20putra%2Fputri&query_place_id=ChIJm9b5YADnaC4Rd1710OYylcA,Hostel,
Kost Putra Ciheulang 103,5,2,Jl. Ciheulang No.103,Bandung City,West Java,ID,,,Extended stay hotel,,,,,,,https://www.google.com/maps/search/?api=1&query=Kost%20Putra%20Ciheulang%20103&query_place_id=ChIJM3rsPdTnaC4R6LukjrNefDY,Extended stay hotel,
KOST PUTRA D'FILO,,,"Kost D'Filo, Jl. Dago Asri 1 No.C19",Bandung City,West Java,ID,,,Housing complex,,,,,,,https://www.google.com/maps/search/?api=1&query=KOST%20PUTRA%20D'FILO&query_place_id=ChIJUzOlMADnaC4RXXe_5Q4QkVI,Housing complex,
Kost Putra Nenek,,,Gg. Cisitu Lama IV No.123,Bandung City,West Java,ID,,,Homestay,,,,,,,https://www.google.com/maps/search/?api=1&query=Kost%20Putra%20Nenek&query_place_id=ChIJI7oteADnaC4RrkAVXZuvspo,Homestay,
Kos Putra Bapak Ismail,3.5,2,Jl. Tubagus Ismail No.3,Bandung City,West Java,ID,,+62 22 2505563,Boarding house,,,,,,,https://www.google.com/maps/search/?api=1&query=Kos%20Putra%20Bapak%20Ismail&query_place_id=ChIJ33uDDQDnaC4RRrUmV8uqNxo,Boarding house,
Kost Putra Sadang Serang,5,11,"No.19 Blok 6, Perumnas Jl. Sadang Sari",Bandung City,West Java,ID,,+62 813-2187-3330,Guest house,,,,,,,https://www.google.com/maps/search/?api=1&query=Kost%20Putra%20Sadang%20Serang&query_place_id=ChIJcU3hmDTnaC4R5teABuq0I6g,Guest house,
kost putra D15 dago asri,4.8,4,"C No.19, Jl. Dago Asri",Bandung City,West Java,ID,,+62 812-2156-2810,Homestay,,,,,,,https://www.google.com/maps/search/?api=1&query=kost%20putra%20D15%20dago%20asri&query_place_id=ChIJ-x_YPD7naC4RO2WH5vQ6vjo,Homestay,
Kost Putra 25,5,3,Jl. Terusan Cisokan No.25,Bandung City,West Java,ID,,,Lodging,,,,,,,https://www.google.com/maps/search/?api=1&query=Kost%20Putra%2025&query_place_id=ChIJa64toYrnaC4RdDKhpFUhlEU,Lodging,
Kost Putra Raflesia,5,1,"Jl. Caladi Dalam No.5, RT.02/RW.09",Bandung City,West Java,ID,,,Hostel,,,,,,,https://www.google.com/maps/search/?api=1&query=Kost%20Putra%20Raflesia&query_place_id=ChIJnVUCXFrnaC4RcGToBYD85gs,Hostel,
Kost Pavilion Tubis,5,1,"Komplek, Jl. Tubagus Ismail XII No., 14",Bandung City,West Java,ID,,+62 811-861-330,,,,,,,,https://www.google.com/maps/search/?api=1&query=Kost%20Pavilion%20Tubis&query_place_id=ChIJ9y4aoYXnaC4RWT3MwfUJogI,,
Kost Putra Ciheulang Baru 1,,,Jl. Ciheulang Baru I No.15,Bandung City,West Java,ID,,+62 858-6190-8605,Homestay,,,,,,,https://www.google.com/maps/search/?api=1&query=Kost%20Putra%20Ciheulang%20Baru%201&query_place_id=ChIJXcP2fADnaC4RGBqTyW88d10,Homestay,
Kost Putra Ciheulang 4A,,,Jl. Ciheulang No.4a,Bandung City,West Java,ID,,,Hostel,,,,,,,https://www.google.com/maps/search/?api=1&query=Kost%20Putra%20Ciheulang%204A&query_place_id=ChIJG4CDqbLnaC4R3COJEnZKawY,Hostel,
Kost Putra Sadang Hegar,4.5,2,Jl. Sadang Hegar 1 No.16,Bandung City,West Java,ID,,+62 878-2233-6618,Boarding house,,,,,,,https://www.google.com/maps/search/?api=1&query=Kost%20Putra%20Sadang%20Hegar&query_place_id=ChIJEz1EKN3naC4RmMFqwm_4iZs,Boarding house,
Kost Putra D'Mangkraks,,,Jl. Kanayakan Baru No.27,Bandung City,West Java,ID,,,Housing complex,,,,,,,https://www.google.com/maps/search/?api=1&query=Kost%20Putra%20D'Mangkraks&query_place_id=ChIJt4qZHADnaC4RV2Bi8DbOzG4,Housing complex,
Kost Putra,,,Jl. Garunggang Kulon No.162a/65,Bandung City,West Java,ID,,,Homestay,,,,,,,https://www.google.com/maps/search/?api=1&query=Kost%20Putra&query_place_id=ChIJ-x000FnnaC4RDSNzvdmvyv0,Homestay,
Kost Putri Sekeloa Selatan,,,Jl. Sekeloa Sel. II No.17,Bandung City,West Java,ID,,+62 811-2222-120,Boarding house,,,,,,,https://www.google.com/maps/search/?api=1&query=Kost%20Putri%20Sekeloa%20Selatan&query_place_id=ChIJlTO6JQDnaC4R8EfPIeStuqQ,Boarding house,
Nona Kost,4.8,16,"Jl Taman Pelesiran No.21, RT.006/RW.006",Bandung City,West Java,ID,,+62 895-3261-53812,Boarding house,Lodge,Extended stay hotel,Hostel,Indoor lodging,Homestay,,https://www.google.com/maps/search/?api=1&query=Nona%20Kost&query_place_id=ChIJkX0o3-rnaC4RwHpQoz4y-zY,Boarding house,
Kost 03,4.6,45,Jl. Babakan Jeruk II,Bandung City,West Java,ID,,,Boarding house,,,,,,,https://www.google.com/maps/search/?api=1&query=Kost%2003&query_place_id=ChIJDdkCUXzmaC4Rak9FrAKuX_A,Boarding house,
Kosan ibu ida,4.4,206,"Jl. Karang Arum No.49, RT.01/RW.02",Bandung City,West Java,ID,,+62 838-2194-5788,Lodging,,,,,,,https://www.google.com/maps/search/?api=1&query=Kosan%20ibu%20ida&query_place_id=ChIJo-B-bwLnaC4RAsFZbF2xDo4,Lodging,
Puspa Kost Bandung,4.8,25,"Jl. Sukawarna Gang I No.30, RT.02/RW.01",Bandung City,West Java,ID,,+62 859-5136-4965,Lodge,,,,,,,https://www.google.com/maps/search/?api=1&query=Puspa%20Kost%20Bandung&query_place_id=ChIJxUcT8UrnaC4RYQAoV_WvNGs,Lodge,
Habibah Kost,3.9,90,Jl. Baladewa Asri 1 No.14,Bandung City,West Java,ID,,+62 822-6213-0506,Lodge,,,,,,,https://www.google.com/maps/search/?api=1&query=Habibah%20Kost&query_place_id=ChIJA8JTGG_maC4RPujvZhHhKlA,Lodge,
KOST EKSKLUSIF HARIAN BULANAN,4.1,52,"jln Sukamulya indah I no 7, Jl. Sukamulya Indah I No.7",Bandung City,West Java,ID,,+62 812-4660-383,Lodge,,,,,,,https://www.google.com/maps/search/?api=1&query=KOST%20EKSKLUSIF%20HARIAN%20BULANAN&query_place_id=ChIJJ-TZ4i7naC4R-nn_SvdFSh8,Lodge,
Kos Cikendi 100,4.7,37,Jl. Hegarmanah Cikendi No.100,Bandung City,West Java,ID,,,Homestay,,,,,,,https://www.google.com/maps/search/?api=1&query=Kos%20Cikendi%20100&query_place_id=ChIJG8j7tu3maC4RPFE4mVko1cQ,Homestay,
Kanzek House [Kost Putra],5,4,"Gg. Cisitu Lama I No.20C, RT.08/RW.11",Bandung City,West Java,ID,,+62 851-5657-6236,Boarding house,,,,,,,https://www.google.com/maps/search/?api=1&query=Kanzek%20House%20%5BKost%20Putra%5D&query_place_id=ChIJLdN2MbbnaC4R-vjXdMk-d4A,Boarding house,
Kost Putra Zyand House,5,2,Jl. Terusan Babakan Jeruk 1 No.124,Bandung City,West Java,ID,,,Student dormitory,,,,,,,https://www.google.com/maps/search/?api=1&query=Kost%20Putra%20Zyand%20House&query_place_id=ChIJg84GOrjnaC4RbZ098Br15qg,Student dormitory,
Kost Putra Cipedes,4,8,Jl. Cipedes Tengah No.134,Bandung City,West Java,ID,,,Extended stay hotel,,,,,,,https://www.google.com/maps/search/?api=1&query=Kost%20Putra%20Cipedes&query_place_id=ChIJ_yoQFInmaC4RFh3kizizyMI,Extended stay hotel,
Kost Putra ADHIE,5,1,,,,,,+62 813-8080-0708,Cottage rental,Service establishment,,,,,,https://www.google.com/maps/search/?api=1&query=Kost%20Putra%20ADHIE&query_place_id=ChIJk7kxNAahtaURcEhF-q8dTHw,Cottage rental,
Kost Putra Manteron,3.7,3,Jl. Manteron No.25,Bandung City,West Java,ID,,,Extended stay hotel,,,,,,,https://www.google.com/maps/search/?api=1&query=Kost%20Putra%20Manteron&query_place_id=ChIJayKcNa7naC4RxPgMrkYdogo,Extended stay hotel,
Kost Putra,4.8,6,Jl. Cipaku Indah I No.19,Bandung City,West Java,ID,,+62 815-6046-251,Boarding house,,,,,,,https://www.google.com/maps/search/?api=1&query=Kost%20Putra&query_place_id=ChIJa9HMY7_maC4R1fiDviQRvBo,Boarding house,
Kost Putra Putri Cibogo 7,4.5,6,Jl. Cibogo No.7,Bandung City,West Java,ID,,,Boarding house,,,,,,,https://www.google.com/maps/search/?api=1&query=Kost%20Putra%20Putri%20Cibogo%207&query_place_id=ChIJo4UBYn7maC4RJYrj97pJSg4,Boarding house,
Kost Waluya Coblong Bandung,4.8,15,Jl. Gagak No.70,Bandung City,West Java,ID,https://mamikos.com/room/kost-bandung-kost-putra-murah-kost-waluya-coblong-bandung,+62 812-2075-855,Lodge,,,,,,,https://www.google.com/maps/search/?api=1&query=Kost%20Waluya%20Coblong%20Bandung&query_place_id=ChIJaTTQqo3naC4R7PRdGvk1jY0,Lodge,
Kost Putra Weferly,4,2,Jl. Cisitu Indah I No.3,Bandung City,West Java,ID,,,Boarding house,,,,,,,https://www.google.com/maps/search/?api=1&query=Kost%20Putra%20Weferly&query_place_id=ChIJTZ_8oW_naC4RE_27-PonPBo,Boarding house,
Kost Alpha Cibeunying Kaler,4.3,26,Jl. Cibeunying Hegar IV No.8,Bandung City,West Java,ID,https://mamikos.com/room/kost-kota-bandung-kost-putra-murah-kost-alfa1-cibeunying-kaler-bandung#/,+62 822-1523-6665,Lodge,,,,,,,https://www.google.com/maps/search/?api=1&query=Kost%20Alpha%20Cibeunying%20Kaler&query_place_id=ChIJ_6w6KkPnaC4RpVL9vuakFag,Lodge,
KOST BAGOES,4.7,9,"komplek dosen ITB, Jl. Kanayakan D 45",Bandung City,West Java,ID,,+62 819-1844-1606,Motel,,,,,,,https://www.google.com/maps/search/?api=1&query=KOST%20BAGOES&query_place_id=ChIJQx6ouwDnaC4RVCN4ti1wiPA,Motel,
Red Bricks Kost,4.8,8,Jl. Cisitu Indah V,Bandung City,West Java,ID,https://mamikos.com/room/kost-kota-bandung-kost-putra-eksklusif-kost-red-bricks-coblong-bandung-1,,Extended stay hotel,Boarding house,Hostel,,,,,https://www.google.com/maps/search/?api=1&query=Red%20Bricks%20Kost&query_place_id=ChIJf9U6HlPnaC4RAzGXr1qW0Xg,Extended stay hotel,
kost terracotta,4.4,16,Jl. Sekeloa Timur No.34/36,Bandung City,West Java,ID,,,Boarding house,,,,,,,https://www.google.com/maps/search/?api=1&query=kost%20terracotta&query_place_id=ChIJPTr0LfXnaC4RE1fA1jjSaIk,Boarding house,
Kost Pak Chaerawan,4,15,Jl. Bangbayang Sel. No.53,Bandung City,West Java,ID,,,Boarding house,,,,,,,https://www.google.com/maps/search/?api=1&query=Kost%20Pak%20Chaerawan&query_place_id=ChIJidHpnv7maC4R5JomjR1xDuo,Boarding house,
Kost Kappa House Sekeloa,4.6,21,"Jl. Kubang Utara I No.33B/153A, RT.2/RW.07",Bandung City,West Java,ID,https://mamikos.com/room/kost-kota-bandung-kost-campur-eksklusif-kost-kappa-tipe-standart-coblong-bandung,+62 822-1523-6665,Lodge,,,,,,,https://www.google.com/maps/search/?api=1&query=Kost%20Kappa%20House%20Sekeloa&query_place_id=ChIJgRfaBi_naC4RxWUojbyUbcQ,Lodge,
Kost Sekeloa Utama,3.4,9,"Jl. Sekeloa Utara No.30, RW.02",Bandung City,West Java,ID,,+62 819-1806-4059,Extended stay hotel,,,,,,,https://www.google.com/maps/search/?api=1&query=Kost%20Sekeloa%20Utama&query_place_id=ChIJT10VglXmaC4ROzV3yQmt-EI,Extended stay hotel,
Kosan Sumantri (Sekeloa, Coblong),4.9,23,"Gg. Kubangsari XI Jl. Sekeloa Utara No.29-30, RT.06/RW.06",Bandung City,West Java,ID,,+62 818-227-404,Student dormitory,Lodging,,,,,,https://www.google.com/maps/search/?api=1&query=Kosan%20Sumantri%20(Sekeloa%2C%20Coblong)&query_place_id=ChIJiSXSLxbnaC4RznaeoMeFLVo,Student dormitory
KOST 18B,4.5,11,"Gg. Cisitu Lama VIII No.154b, RT.07/RW.10",Bandung City,West Java,ID,,,Homestay,,,,,,,https://www.google.com/maps/search/?api=1&query=KOST%2018B&query_place_id=ChIJ_b7x8zDnaC4RHt5u6enhOX8,Homestay,
Kosan Bu deasy,4.7,10,Jl. Sukasari II No.243,Bandung City,West Java,ID,,,Homestay,,,,,,,https://www.google.com/maps/search/?api=1&query=Kosan%20Bu%20deasy&query_place_id=ChIJURFlNXnnaC4RINGBv0CUS0A,Homestay,
Kost Tubagus Ismail Timur 8,4.6,37,Jl. Tubagus Ismail Tim. VIII No.1,Bandung City,West Java,ID,,+62 812-2078-990,Hotel,,,,,,,https://www.google.com/maps/search/?api=1&query=Kost%20Tubagus%20Ismail%20Timur%208&query_place_id=ChIJcYyUzf_maC4RvconvCy0zAw,Hotel,
Kosan Karyawan Kamar Mandi Dalam,4.8,12,"Komplek, Jl. Batik Ayu Jl. Pahlawan No.28",Bandung City,West Java,ID,,+62 822-3535-3562,Hotel,,,,,,,https://www.google.com/maps/search/?api=1&query=Kosan%20Karyawan%20Kamar%20Mandi%20Dalam&query_place_id=ChIJN6ni4K7naC4Rmpq3q6UlIzI,Hotel,
Mitra Kost 11A,4.4,18,Jl. Cisitu Lama VIII No.11A,Bandung City,West Java,ID,,+62 813-2091-3847,Boarding house,,,,,,,https://www.google.com/maps/search/?api=1&query=Mitra%20Kost%2011A&query_place_id=ChIJx3BfNvrmaC4RNomTheBmZjk,Boarding house,
Kost Ibu Usman,3.3,3,Jl. Sekeloa No.61,Bandung City,West Java,ID,,,Extended stay hotel,,,,,,,https://www.google.com/maps/search/?api=1&query=Kost%20Ibu%20Usman&query_place_id=ChIJN98Jf__maC4R7Jpbt3Fg6SA,Extended stay hotel,
Kost 74,4.8,4,Jl. Sekeloa Utara No.74,Bandung City,West Java,ID,,+62 821-1822-6323,Extended stay hotel,,,,,,,https://www.google.com/maps/search/?api=1&query=Kost%2074&query_place_id=ChIJZe5OhSvnaC4RX08ZRk-r8fg,Extended stay hotel,
Kosan Ibu Mae,4.4,10,"4HGV+WJ9, Jl. Budi Luhur",Bandung City,West Java,ID,,+62 22 2035502,Extended stay hotel,,,,,,,https://www.google.com/maps/search/?api=1&query=Kosan%20Ibu%20Mae&query_place_id=ChIJFaFkhZPmaC4RAH-O_Iu8aT0,Extended stay hotel,
Rumah Kost Pria GM (Gunawan Melani),,,"Jl. Kb. Bibit Utara II No.175, RT. 04/05",Bandung City,West Java,ID,,,Lodge,,,,,,,https://www.google.com/maps/search/?api=1&query=Rumah%20Kost%20Pria%20GM%20(Gunawan%20Melani)&query_place_id=ChIJFx37axHnaC4RQ5pwi0PYTX0,Lodge,
Kost Lacasa,4.6,27,Jl. Tubagus Ismail V No.61 B,Bandung City,West Java,ID,,+62 851-5602-0718,Hostel,,,,,,,https://www.google.com/maps/search/?api=1&query=Kost%20Lacasa&query_place_id=ChIJIeKL8P7maC4R6sfQGKSp6-U,Hostel,
Kost Tubagus Ismail 9 No 2,3.8,26,No Jl. Tubagus Ismail IX No.2,Bandung City,West Java,ID,,,Boarding house,,,,,,,https://www.google.com/maps/search/?api=1&query=Kost%20Tubagus%20Ismail%209%20No%202&query_place_id=ChIJZYxJUP7maC4R6cwTeiXOFcg,Boarding house,
Kost Bu Nia,5,2,Jl. Ranca Bentang II No.1,Bandung City,West Java,ID,https://mamikos.com/room/kost-kota-bandung-kost-campur-murah-kost-bu-nia-cidadap-bandung-2,+62 821-1695-9928,Extended stay hotel,,,,,,,https://www.google.com/maps/search/?api=1&query=Kost%20Bu%20Nia&query_place_id=ChIJJxE9t4rnaC4RWXfU8P538Ts,Extended stay hotel,
KOST BAPAK HANS,3.8,34,Jl. DR. Djundjunan Dalam III No.10,Bandung City,West Java,ID,http://kostjunjunan.weebly.com/,,Extended stay hotel,,,,,,,https://www.google.com/maps/search/?api=1&query=KOST%20BAPAK%20HANS&query_place_id=ChIJ1Ucuim_maC4R-X672vbxKo4,Extended stay hotel,
Kosan Ibu Ratna,4,13,Jl. Budi Luhur No.Dalam,Bandung City,West Java,ID,,+62 821-3025-0022,Extended stay hotel,,,,,,,https://www.google.com/maps/search/?api=1&query=Kosan%20Ibu%20Ratna&query_place_id=ChIJN_BKIZTmaC4RacSIKVA6DQ4,Extended stay hotel,
KOST BUDI,4.3,3,Jl. Cikutra Barat No.80,Bandung City,West Java,ID,,+62 877-8168-6460,Lodge,,,,,,,https://www.google.com/maps/search/?api=1&query=KOST%20BUDI&query_place_id=ChIJT-gfw6_naC4ROAQzjxlcpNM,Lodge,
Kosan Tubagus Ismail XVII/1,4.4,16,Jl. T. Ismail XVII No.1,Bandung City,West Java,ID,,+62 821-4443-0008,Hotel,,,,,,,https://www.google.com/maps/search/?api=1&query=Kosan%20Tubagus%20Ismail%20XVII%2F1&query_place_id=ChIJcXo1k_7maC4Ry4YRShKuKl4,Hotel,
Kos Campur 700rb Kost Aesthetic,4.9,25,Jl. Pikitdro I No.26,Bandung City,West Java,ID,https://www.instagram.com/aestheticbudgetproperty?igsh=MTJvc3p6MW5jNGY5eA==,+62 895-6292-51699,Homestay,,,,,,,https://www.google.com/maps/search/?api=1&query=Kos%20Campur%20700rb%20Kost%20Aesthetic&query_place_id=ChIJr0vrPQDnaC4RK4AAQEojs34,Homestay,
Wisma YRD Kost,4.9,18,Jl. Sekeloa Tengah No.23B 152C,Bandung City,West Java,ID,,,Lodge,,,,,,,https://www.google.com/maps/search/?api=1&query=Wisma%20YRD%20Kost&query_place_id=ChIJY3zs6FTmaC4Rvgp9KKU5Uik,Lodge,
MERENAH KOST,4.8,13,Jl. Babakan Baru No.100,Bandung City,West Java,ID,,+62 813-7423-8893,Hostel,,,,,,,https://www.google.com/maps/search/?api=1&query=MERENAH%20KOST&query_place_id=ChIJcZDDb5PnaC4RRYUx-FJgrdc,Hostel,
Kost Putra Cikutra TCB25,4.6,14,"Kosan, Neglasari Kecamatan Cibeunying Kaler Lokasi di depan rumah no 48 atau dibelakang rumah no 27, Jl. Terusan Cikutra Baru No.25B",Bandung City,West Java,ID,,+62 819-3123-1339,Boarding house,,,,,,,https://www.google.com/maps/search/?api=1&query=Kost%20Putra%20Cikutra%20TCB25&query_place_id=ChIJcRxcGb3naC4RpUkSArlpwCQ,Boarding house,
Kost Putih (Putra),4.4,18,"Jl. Terusan Cikutra Baru No.2, RT.002/RW.006",Bandung City,West Java,ID,,+62 818-748-165,Boarding house,,,,,,,https://www.google.com/maps/search/?api=1&query=Kost%20Putih%20(Putra)&query_place_id=ChIJDS1qjS3naC4Rro41HxO4bGM,Boarding house,
Rumah kost putra cikutra baru IV No.5,4.8,4,Jl. Cikutra Baru IV No.5,Bandung City,West Java,ID,,+62 852-2330-1091,Boarding house,,,,,,,https://www.google.com/maps/search/?api=1&query=Rumah%20kost%20putra%20cikutra%20baru%20IV%20No.5&query_place_id=ChIJw7lb4XnnaC4RVza4TbxMs8g,Boarding house,
Kos Putra Surapati Cibeunying Kaler,4.3,3,Jl. Surapati Gg. Sukaluyu I No.86B,Bandung City,West Java,ID,,+62 812-2001-344,Lodge,,,,,,,https://www.google.com/maps/search/?api=1&query=Kos%20Putra%20Surapati%20Cibeunying%20Kaler&query_place_id=ChIJBfNlKcrnaC4Rk46zzhpsB5w,Lodge,
Mamikost Kost Pak Nizar,5,4,Jl. Kaum No.145,Bandung City,West Java,ID,https://mamikos.com/room/kost-bandung-kost-campur-murah-kost-pak-nizar-kiaracondong-bandung,+62 813-1368-7650,Extended stay hotel,,,,,,,https://www.google.com/maps/search/?api=1&query=Mamikost%20Kost%20Pak%20Nizar&query_place_id=ChIJydLuJtjnaC4Rj4qGUQFXGzM,Extended stay hotel,
A4 Kost Cikutra,4.9,42,"Jl.Terusan Citra Green Garden Jl. Sukanegla, RT.02 Rw05/RW.No.33",Bandung City,West Java,ID,,+62 812-2106-8059,Boarding house,,,,,,,https://www.google.com/maps/search/?api=1&query=A4%20Kost%20Cikutra&query_place_id=ChIJSzOYdNXnaC4RpIDWlPTRnBU,Boarding house,
Kost CGS-82,4.8,44,Jl. Cigadung Selatan No.82,Bandung City,West Java,ID,,+62 812-2011-955,Extended stay hotel,,,,,,,https://www.google.com/maps/search/?api=1&query=Kost%20CGS-82&query_place_id=ChIJ2zzUDqrnaC4RphpFX6VwvQQ,Extended stay hotel,
Kost Kuning Dago,4.8,76,"Jl. Lamping Situ No.14, RT.05/RW.06",Bandung City,West Java,ID,,+62 852-2190-1328,Lodge,,,,,,,https://www.google.com/maps/search/?api=1&query=Kost%20Kuning%20Dago&query_place_id=ChIJnTh2st7naC4RR4KnNGS2ssU,Lodge,
Kost Dago Timur,4.4,48,Jl. Dago Timur No.20,Bandung City,West Java,ID,http://www.tempat-kost.com/,,Boarding house,,,,,,,https://www.google.com/maps/search/?api=1&query=Kost%20Dago%20Timur&query_place_id=ChIJGcrgzuLmaC4RvsxGB4ZOhMA,Boarding house,
Kost Buah Batu Suryalaya Lengkong Bandung,4.3,42,Jl. Suryalaya Tim. No.7,Bandung City,West Java,ID,,+62 878-9496-9698,Boarding house,Extended stay hotel,Hostel,Inn,,,,https://www.google.com/maps/search/?api=1&query=Kost%20Buah%20Batu%20Suryalaya%20Lengkong%20Bandung&query_place_id=ChIJ49X7pWHoaC4Ry-SGaNT9myM,Boarding house,
Oregon Kos Bandung,4.7,14,Jl. Pangarang No.34b no. 34 B,Bandung City,West Java,ID,,+62 818-201-309,Guest house,,,,,,,https://www.google.com/maps/search/?api=1&query=Oregon%20Kos%20Bandung&query_place_id=ChIJM7CoK6rnaC4R2YvqxyEszAE,Guest house,
KOST Ramli 19,4.6,75,Jl. Ramli No.19,Bandung City,West Java,ID,,+62 812-9756-7567,Extended stay hotel,,,,,,,https://www.google.com/maps/search/?api=1&query=KOST%20Ramli%2019&query_place_id=ChIJdZV2cC7maC4RKR9MLIZ6Uh8,Extended stay hotel,
Kost Om Ijal & Tante Mita,4.5,13,Jl. Gotong Royong,Bandung City,West Java,ID,,+62 822-4077-4466,Lodge,,,,,,,https://www.google.com/maps/search/?api=1&query=Kost%20Om%20Ijal%20%26%20Tante%20Mita&query_place_id=ChIJM7izsxDpaC4RGfz0NjzDC5o,Lodge,
KOST MURAH REGOL KOTA BANDUNG,4.7,33,"Jl. Moch. Toha Gg. Mulya I No.7C, RT.5/RW.5",Bandung City,West Java,ID,,+62 898-6131-178,Lodge,,,,,,,https://www.google.com/maps/search/?api=1&query=KOST%20MURAH%20REGOL%20KOTA%20BANDUNG&query_place_id=ChIJewCY9KfpaC4RGARoeHFqtnI,Lodge,
Hanya Booking via Mamikost Kost Sukanda 2,4.2,21,Gg. Parta No.100/34A,Bandung City,West Java,ID,https://mamikos.com/room/kost-bandung-kost-campur-murah-kost-galih-kebon-pisang-sumur-bandung,,Extended stay hotel,,,,,,,https://www.google.com/maps/search/?api=1&query=Hanya%20Booking%20via%20Mamikost%20Kost%20Sukanda%202&query_place_id=ChIJT1n_fcvnaC4RI9lJFvgIZsM,Extended stay hotel,
Kos bu Evi,4.5,55,Jl. Sukaaman I No.22,Bandung City,West Java,ID,,+62 822-4002-0054,Boarding house,,,,,,,https://www.google.com/maps/search/?api=1&query=Kos%20bu%20Evi&query_place_id=ChIJ9xwuRG7naC4RzEBu8f6392M,Boarding house,
Kost Intan Sepuluh,5,13,Jl. Intan No.10,Bandung City,West Java,ID,,+62 813-2219-9882,Extended stay hotel,,,,,,,https://www.google.com/maps/search/?api=1&query=Kost%20Intan%20Sepuluh&query_place_id=ChIJLRyluR7paC4RMemtaZIVWQs,Extended stay hotel,
Swiss kost,4.4,84,Jl. Saad No.7,Bandung City,West Java,ID,,+62 22 4217979,Extended stay hotel,,,,,,,https://www.google.com/maps/search/?api=1&query=Swiss%20kost&query_place_id=ChIJnaAE7i7maC4R9bkCd_EgUKs,Extended stay hotel,
Kost Puri Ratih Karapitan Bandung,4.9,19,"3JF8+HP8, Gg. Karapitan I",Bandung City,West Java,ID,,+62 811-2288-627,Lodge,,,,,,,https://www.google.com/maps/search/?api=1&query=Kost%20Puri%20Ratih%20Karapitan%20Bandung&query_place_id=ChIJJ57rOSrmaC4RACEFtNRrTVE,Lodge,
Kost Adita,4.2,25,Jl. Wartawan IV No.11,Bandung City,West Java,ID,,+62 821-2935-5486,Boarding house,,,,,,,https://www.google.com/maps/search/?api=1&query=Kost%20Adita&query_place_id=ChIJ8yzcSmToaC4R-2E_wYCZHro,Boarding house,
Kost Pondok Anugrah,4.8,13,"1, Jl. Buana Mekar No.14",Bandung City,West Java,ID,,+62 813-7399-1701,Boarding house,,,,,,,https://www.google.com/maps/search/?api=1&query=Kost%20Pondok%20Anugrah&query_place_id=ChIJAygM3DfoaC4RxxI2cG6fwm4,Boarding house,
Rumahku Kost Cijawura,4.6,59,Jl. Cijawura Girang II No.5,Bandung City,West Java,ID,,+62 821-1714-6830,Extended stay hotel,,,,,,,https://www.google.com/maps/search/?api=1&query=Rumahku%20Kost%20Cijawura&query_place_id=ChIJ_82ZwyrpaC4RPvamx0LYOtM,Extended stay hotel,
Kost Sritunggal,4.3,23,Jl. Sritunggal No.32,Bandung City,West Java,ID,,+62 22 42826906,Boarding house,,,,,,,https://www.google.com/maps/search/?api=1&query=Kost%20Sritunggal&query_place_id=ChIJUc0jc4XoaC4RXgClbN2c1FM,Boarding house,
KOST VONY,4.6,51,Jl. Adiwinangun No.25,Bandung City,West Java,ID,,+62 856-0694-5527,Housing complex,,,,,,,https://www.google.com/maps/search/?api=1&query=KOST%20VONY&query_place_id=ChIJn2b33A3naC4RRrJrxuQpZfw,Housing complex,
Kost Unisba Tamsar,4.7,12,Jl. Tamansari Bawah,Bandung City,West Java,ID,,+62 819-5340-3884,Homestay,,,,,,,https://www.google.com/maps/search/?api=1&query=Kost%20Unisba%20Tamsar&query_place_id=ChIJFZ9h01XnaC4RYKvRJaRg_zM,Homestay,
JEVAN KOST BANDUNG,4.8,71,Jl. H. Akbar No.193 6B,Bandung City,West Java,ID,,+62 812-2051-7641,Boarding house,,,,,,,https://www.google.com/maps/search/?api=1&query=JEVAN%20KOST%20BANDUNG&query_place_id=ChIJs2VPGqHnaC4R7M6nmV56E3E,Boarding house,
Kost Pondok Semar,4,41,Jl. Tj. Anom Gg. II No.5,Bandung City,West Java,ID,,+62 815-7208-0257,Boarding house,,,,,,,https://www.google.com/maps/search/?api=1&query=Kost%20Pondok%20Semar&query_place_id=ChIJL9EzFa7naC4RwKTnuptB2DU,Boarding house,
Kosan Barokah 32 ( Tidak meminta DP transferan) - Astanaanyar - Otista,4.9,43,Gg. Adikacih II No.32,Bandung City,West Java,ID,https://m.facebook.com/Kostan-Barokah-32-Siti-Munigar-Astanaanyar-Otista-102816938900193/,+62 821-2535-5660,Hostel,Boarding house,,,,,,https://www.google.com/maps/search/?api=1&query=Kosan%20Barokah%2032%20(%20Tidak%20meminta%20DP%20transferan)%20-%20Astanaanyar%20-%20Otista&query_place_id=ChIJQS1ueU_paC4R_uw1WySKzhw,Hostel,
Dsanty Kost Putri,4.6,18,"Jl. Raya Kopo Gg. Sukaleueur No.39-C, RT.05/RW.02",Bandung City,West Java,ID,,+62 857-2407-6955,Homestay,,,,,,,https://www.google.com/maps/search/?api=1&query=Dsanty%20Kost%20Putri&query_place_id=ChIJrVAxT1TpaC4RZSqE30JAlAU,Homestay,
Kost Ibu Jus,5,4,Jl. Tespong No.3,Bandung City,West Java,ID,,,Lodge,,,,,,,https://www.google.com/maps/search/?api=1&query=Kost%20Ibu%20Jus&query_place_id=ChIJK9jGWcDpaC4RbnVxf7Fm8W0,Lodge,
Kost Calysta,4.2,34,Jl. Ijan,Bandung City,West Java,ID,,+62 878-3422-2855,Boarding house,,,,,,,https://www.google.com/maps/search/?api=1&query=Kost%20Calysta&query_place_id=ChIJm2Mm_53oaC4RLsHwXIIZLOk,Boarding house,
Kost Vanda,4.8,22,Jl. Raya Kopo Jl. Pakasih No.3C,Bandung City,West Java,ID,https://mamikos.com/room/kost-kota-bandung-kost-campur-murah-kost-vanda-bojongloa-kidul-bandung,+62 852-9511-0002,Lodge,,,,,,,https://www.google.com/maps/search/?api=1&query=Kost%20Vanda&query_place_id=ChIJXzGUbh_paC4RuffrCHVM-8A,Lodge,
"T"" Nia kost- kostan",4.4,21,Gg. Saleh No.165 / 66,Bandung City,West Java,ID,,+62 811-2320-677,Indoor lodging,Bed & breakfast,,,,,,https://www.google.com/maps/search/?api=1&query=T%22%20Nia%20kost-%20kostan&query_place_id=ChIJ4STeDhXmaC4RIj9FbOwrgWk,Indoor lodging,
Melany Kost,4.8,26,,Bandung City,West Java,ID,,+62 822-1880-8757,Hotel,,,,,,,https://www.google.com/maps/search/?api=1&query=Melany%20Kost&query_place_id=ChIJjxiug4jnaC4R4JPsIPw0bFI,Hotel,
Kost Pondok Kresna,4.9,38,Jl. Kresna No.63,Bandung City,West Java,ID,,+62 812-2334-597,Boarding house,,,,,,,https://www.google.com/maps/search/?api=1&query=Kost%20Pondok%20Kresna&query_place_id=ChIJQ4wwai3naC4RaV6bBSHUWZY,Boarding house,
"Kost Putri Bandung ""FRUITY-HOME"" HANYA PAKAI",4.8,98,"Jl. Pagarsih 17 Blkg Percetakan SOECI.17/90, RT10, RW.07",Bandung City,West Java,ID,,+62 877-8455-3522,Working women's hostel,Boarding house,Homestay,Youth hostel,,,,https://www.google.com/maps/search/?api=1&query=Kost%20Putri%20Bandung%20%22FRUITY-HOME%22%20HANYA%20PAKAI&query_place_id=ChIJJ-PksRjmaC4Rptle3vtW9sM,Working women's hostel,
Kost Putri Bumi Putri Abah 211,5,3,Gg. Kina No.211/5A,Bandung City,West Java,ID,,+62 816-1967-785,Boarding house,,,,,,,https://www.google.com/maps/search/?api=1&query=Kost%20Putri%20Bumi%20Putri%20Abah%20211&query_place_id=ChIJSyrVAJXnaC4RMOKXuaw42qU,Boarding house,
kost putri murah ISBI,2.9,10,Jl. Situ Emuh No.12,Bandung City,West Java,ID,,+62 851-5553-5858,Extended stay hotel,,,,,,,https://www.google.com/maps/search/?api=1&query=kost%20putri%20murah%20ISBI&query_place_id=ChIJTSrX0DTpaC4RkNjGPOKox2g,Extended stay hotel,
kost putri,5,5,Jl. Muararajeun Baru No.20,Bandung City,West Java,ID,,,Boarding house,,,,,,,https://www.google.com/maps/search/?api=1&query=kost%20putri&query_place_id=ChIJXdp7ULbnaC4RVM8euNI-nak,Boarding house,
Pondok Putri Abah,4.4,18,3JR3+83M,Bandung City,West Java,ID,,+62 816-1967-785,Homestay,,,,,,,https://www.google.com/maps/search/?api=1&query=Pondok%20Putri%20Abah&query_place_id=ChIJZy2l2JbnaC4RsbW0b9s1P1o,Homestay,
Kost Khusus Pria (Ibu Srie),5,7,"Jl. Babakan Ciamis, Kelurahan Kecamatan No.78 A",Bandung City,West Java,ID,,+62 812-2165-608,Extended stay hotel,,,,,,,https://www.google.com/maps/search/?api=1&query=Kost%20Khusus%20Pria%20(Ibu%20Srie)&query_place_id=ChIJdf41uHvnaC4RV3wERfNJzoQ,Extended stay hotel,
Kosan Putra,5,7,Jl. Ancol Timur I IV No.4,Bandung City,West Java,ID,,+62 812-2222-0054,Housing complex,Extended stay hotel,,,,,,https://www.google.com/maps/search/?api=1&query=Kosan%20Putra&query_place_id=ChIJJTDdxGDpaC4RIsdRQKEWvdE,Housing complex,
Kost Putri 99,,,Gg. Merdekalio No.2,Bandung City,West Java,ID,,+62 821-1792-3114,Housing complex,,,,,,,https://www.google.com/maps/search/?api=1&query=Kost%20Putri%2099&query_place_id=ChIJc5pd1RDnaC4RZAIzsIc4UC8,Housing complex,
Kost by Q,4.5,8,"2JQQ+WQH, Gg. Kujang VII",Bandung City,West Java,ID,https://mamikos.com/room/kost-bandung-kost-campur-murah-kost-by-q-bandung-kidul,+62 858-7107-0080,Boarding house,Lodging,,,,,,https://www.google.com/maps/search/?api=1&query=Kost%20by%20Q&query_place_id=ChIJeZ7_DjHpaC4RSkH3go814c8,Boarding house,
Kost Bapak Eman (TIDAK ADA NO HP & TIDAK TERIMA TRF),4.2,13,Jl. Telepon No.19,Bandung City,West Java,ID,,,Extended stay hotel,,,,,,,https://www.google.com/maps/search/?api=1&query=Kost%20Bapak%20Eman%20(TIDAK%20ADA%20NO%20HP%20%26%20TIDAK%20TERIMA%20TRF)&query_place_id=ChIJk1yGXEbnaC4R4gPNxCpBlao,Extended stay hotel,
kost putra Pondok Imut,4.8,14,Jl. Sapta Taruna IV No.A4 No.2,Bandung City,West Java,ID,,+62 878-2160-7119,Indoor lodging,Boarding house,,,,,,https://www.google.com/maps/search/?api=1&query=kost%20putra%20Pondok%20Imut&query_place_id=ChIJQ3qdfxXpaC4RwcguNyZRlJQ,Indoor lodging,
KOST ZIEP PUTRA REGOL KOTA BANDUNG,5,13,Jl. Moch. Ramdan Gg. Ancol Kawung No.49,Bandung City,West Java,ID,https://www.instagram.com/kost_ziep?igsh=MXJsZXh6eW1idDVwMA==&utm_source=qr.%20https://www.tiktok.com/@kost.pria.khusus.pekerja?_r=1&_t=ZS-94ydNvN59dJ,+62 881-0235-19303,Lodge,,,,,,,https://www.google.com/maps/search/?api=1&query=KOST%20ZIEP%20PUTRA%20REGOL%20KOTA%20BANDUNG&query_place_id=ChIJMSb9BrnpaC4RjcVjBdHAEYM,Lodge,
Kost Putra Kiro,4.8,26,Jl. Waas A No.13,Bandung City,West Java,ID,https://mamikos.com/room/kost-bandung-kost-putra-murah-kost-kiro-waas-a-batununggal-bandung,+62 812-1888-7742,Boarding house,,,,,,,https://www.google.com/maps/search/?api=1&query=Kost%20Putra%20Kiro&query_place_id=ChIJ8de5kkjpaC4RAhte1kK2z0c,Boarding house,
Kost putra Gugun Bandung,4.3,23,Jl. Raden Dewi Sartika Gg. H. Sarbini No.77 20B,Bandung City,West Java,ID,,+62 858-6008-6863,Lodge,,,,,,,https://www.google.com/maps/search/?api=1&query=Kost%20putra%20Gugun%20Bandung&query_place_id=ChIJRx7LJVHnaC4R36TlfZRNS1E,Lodge,
Kost Putra UNPAS Bandung,5,3,Jl. Nursaid No.No,Bandung City,West Java,ID,https://kostputraunpas.blogspot.com/2023/07/kost-putra-unpas.html,,Boarding house,,,,,,,https://www.google.com/maps/search/?api=1&query=Kost%20Putra%20UNPAS%20Bandung&query_place_id=ChIJIb3aGsfpaC4RWAF4lpRzWYk,Boarding house,
Kost Putra Batununggal Bandung,4.9,42,Jl. Parakan Waas V No.1,Bandung City,West Java,ID,https://www.instagram.com/kost.putra_batununggal,+62 812-1178-6700,Extended stay hotel,,,,,,,https://www.google.com/maps/search/?api=1&query=Kost%20Putra%20Batununggal%20Bandung&query_place_id=ChIJ_XKXgUTpaC4RZ-6IFWH8ufk,Extended stay hotel,
KOSAN 22-24 khusus Putra,4.9,18,"Jl. Sukarajin II No.22-24, RT.001/RW.12",Bandung City,West Java,ID,https://mamikos.com/room/kost-bandung-kost-putra-murah-kost-pondok-abdul-aziz-tipe-a-cibeunying-kidul-bandung-1,+62 896-6806-7938,Boarding house,,,,,,,https://www.google.com/maps/search/?api=1&query=KOSAN%2022-24%20khusus%20Putra&query_place_id=ChIJYddWUM_naC4RtbXhjEg5xYw,Boarding house,
Kost-Kostan Ibu Hj. Dadang (Putra/Putri),4.3,20,"Jalan Cikaso Selatan, Gg. Kartini Jl. A. Yani No.52/41",Bandung City,West Java,ID,,+62 22 7277063,Guest house,,,,,,,https://www.google.com/maps/search/?api=1&query=Kost-Kostan%20Ibu%20Hj.%20Dadang%20(Putra%2FPutri)&query_place_id=ChIJ0X91wsXnaC4RRrefXK-fLwE,Guest house,
Kost putra,4.5,2,Jl. Sekar Tongeret No.2,Bandung City,West Java,ID,,,Hostel,,,,,,,https://www.google.com/maps/search/?api=1&query=Kost%20putra&query_place_id=ChIJp6dLRA3paC4RpWtH874Q3sc,Hostel,
Pondok Kost Nani Iskandar,4.6,18,"Jl. H. Sayuti No.48, RT.3/RW.7",Bandung City,West Java,ID,,+62 817-126-517,Boarding house,,,,,,,https://www.google.com/maps/search/?api=1&query=Pondok%20Kost%20Nani%20Iskandar&query_place_id=ChIJAeek-EfpaC4RuJQ4qH_NrK4,Boarding house,
Pondok Kost Gsw31,4.9,15,Jl. Guntursari Wetan No.31,Bandung City,West Java,ID,,+62 813-2131-930,Hostel,,,,,,,https://www.google.com/maps/search/?api=1&query=Pondok%20Kost%20Gsw31&query_place_id=ChIJMcZ9eWjoaC4R2MLa49NuhV8,Hostel,
Kost Jalan Maos,4.3,4,Jl. Maos II No.I no 29,Bandung City,West Java,ID,,+62 812-2441-9449,Boarding house,,,,,,,https://www.google.com/maps/search/?api=1&query=Kost%20Jalan%20Maos&query_place_id=ChIJHfTh_pHoaC4R9MAA_-lgses,Boarding house,
Kost Putra,5,4,Jl. Kota Baru V No.11a,Bandung City,West Java,ID,,+62 812-2126-9722,Hostel,,,,,,,https://www.google.com/maps/search/?api=1&query=Kost%20Putra&query_place_id=ChIJrcbRUPPpaC4RmZYTRy1uInA,Hostel,
Kost Putra Jl Maleer 3 No 2,,,Jl. Maleer III No.2,Bandung City,West Java,ID,,,Hostel,,,,,,,https://www.google.com/maps/search/?api=1&query=Kost%20Putra%20Jl%20Maleer%203%20No%202&query_place_id=ChIJdfs6egDpaC4RYnqPL99j7lo,Hostel,
Kost Putra Sefira,5,1,Jl. Maleer V,Bandung City,West Java,ID,,+62 898-9988-744,Hostel,Cottage rental,,,,,,https://www.google.com/maps/search/?api=1&query=Kost%20Putra%20Sefira&query_place_id=ChIJByRX3f3paC4Rm-GRemLIY_o,Hostel,
kosan putra putri susmita,4.9,18,"Jl. Susmita No.198, RT.03/RW.08",Bandung City,West Java,ID,,+62 822-1686-4375,Boarding house,,,,,,,https://www.google.com/maps/search/?api=1&query=kosan%20putra%20putri%20susmita&query_place_id=ChIJFyK0wtXnaC4REXIDdsObUgk,Boarding house,
Rumah Kost R2B,4.7,24,Jl. Situ Batu 1 No.E-2,Bandung City,West Java,ID,,,Hostel,Vacation home rental agency,,,,,,https://www.google.com/maps/search/?api=1&query=Rumah%20Kost%20R2B&query_place_id=ChIJzTMlbT_paC4R2szY2xAgVQM,Hostel,
Kost Purabaya Ibu Tintin,4.4,7,Jl. Purabaya No.332/66,Bandung City,West Java,ID,,,Boarding house,,,,,,,https://www.google.com/maps/search/?api=1&query=Kost%20Purabaya%20Ibu%20Tintin&query_place_id=ChIJt7warjvnaC4RW03au5aBqPs,Boarding house,
Pondok Kost 37 Pamoyanan,4.6,5,Gg. H. Ahmad No.37 A,Bandung City,West Java,ID,,+62 859-6035-9744,Homestay,,,,,,,https://www.google.com/maps/search/?api=1&query=Pondok%20Kost%2037%20Pamoyanan&query_place_id=ChIJhaqRS_PpaC4RDiG5W3fx8zU,Homestay,
Rumah Kost Kelinci,4.2,45,Jl. Kelinci No.11,Bandung City,West Java,ID,http://rumahkostkelinci.blogspot.com/,+62 877-2208-0869,Boarding house,Inn,Real estate agency,,,,,https://www.google.com/maps/search/?api=1&query=Rumah%20Kost%20Kelinci&query_place_id=ChIJ4RuzO8T1aS4R8fUArripD_w,Boarding house,
Kost Putra Putri Hasril No. 73,,,Jl. Babakan Ciamis No.73,Bandung City,West Java,ID,,+62 857-7030-8780,Housing complex,,,,,,,https://www.google.com/maps/search/?api=1&query=Kost%20Putra%20Putri%20Hasril%20No.%2073&query_place_id=ChIJbZcZSQDnaC4Ry8t7-Urp0Sg,Housing complex,
Kost Palapa,4.5,4,Jl. Cikaso Barat No.44,Bandung City,West Java,ID,,+62 812-2057-276,Boarding house,,,,,,,https://www.google.com/maps/search/?api=1&query=Kost%20Palapa&query_place_id=ChIJudABK8HnaC4R-LPaY2rJCYI,Boarding house,
Kost (Putra) Birds House Residence,4.9,11,"Jl. Pesona Ciwastra Village No.56 BLOK H55, RT.08/RW.06",Bandung City,West Java,ID,https://mamikos.com/room/kost-kota-bandung-kost-putra-eksklusif-kost-birds-house-residence-tipe-a-rancasari-bandung-2,,Boarding house,,,,,,,https://www.google.com/maps/search/?api=1&query=Kost%20(Putra)%20Birds%20House%20Residence&query_place_id=ChIJC4nhS4DDaC4RW1fmym1uaGg,Boarding house,
Kost Abu - Abu,4.3,8,3M69+JQH,Bandung City,West Java,ID,,,Lodge,,,,,,,https://www.google.com/maps/search/?api=1&query=Kost%20Abu%20-%20Abu&query_place_id=ChIJZwT-hKfCaC4R9HPt4y_xxMg,Lodge,
Kost AIKA Pria,4.4,23,Jl. Neptunus Timur,Bandung City,West Java,ID,,+62 812-2013-9111,Extended stay hotel,,,,,,,https://www.google.com/maps/search/?api=1&query=Kost%20AIKA%20Pria&query_place_id=ChIJDS1euyLoaC4RQeyG_GczPVQ,Extended stay hotel,
KOST.ON3 Residence,4.3,18,"Jl. Purawinata Gg. Icin No.1 3, RW.3",Bandung City,West Java,ID,,+62 822-1790-0608,Homestay,,,,,,,https://www.google.com/maps/search/?api=1&query=KOST.ON3%20Residence&query_place_id=ChIJ1xkDDS7naC4R4H9SeV1wI2U,Homestay,
Rumah Kost Jamrud 11 (Kost Pria),4.9,10,Jl. Jamrud Barat No.11,Bandung City,West Java,ID,,+62 811-8335-088,Lodge,Lodging,,,,,,https://www.google.com/maps/search/?api=1&query=Rumah%20Kost%20Jamrud%2011%20(Kost%20Pria)&query_place_id=ChIJz4ErLUTdaC4RAYb2B0GwJFA,Lodge,
Kost Pondok Sejati,4.7,3,Gg. H. Kurdi No.1,Bandung City,West Java,ID,,,Homestay,,,,,,,https://www.google.com/maps/search/?api=1&query=Kost%20Pondok%20Sejati&query_place_id=ChIJ74QlXPjpaC4R169cxmdTToo,Homestay,
Kost Bu Osih I,4.8,6,"3M8R+RX5 belakang Apotek Fajar Abadi, Jl. Rumah Sakit, RT.02/RW.07",Bandung City,West Java,ID,,+62 851-7301-7606,Homestay,,,,,,,https://www.google.com/maps/search/?api=1&query=Kost%20Bu%20Osih%20I&query_place_id=ChIJlzqBjujDaC4RAI1OU1RKGDM,Homestay,
Kost gue Bdg,5,1,Jl. Karapitan No.83,Bandung City,West Java,ID,,,Lodging,,,,,,,https://www.google.com/maps/search/?api=1&query=Kost%20gue%20Bdg&query_place_id=ChIJyQRAMcbpaC4RtqLCm5Us8OI,Lodging,
Fazza Kost Putra,,,Jl. Siti Munigar No.54 22e,Bandung City,West Java,ID,,,Motel,,,,,,,https://www.google.com/maps/search/?api=1&query=Fazza%20Kost%20Putra&query_place_id=ChIJd6MvDQDpaC4RAeNmPiNomhI,Motel,
Kost Pria dan Wanita,4.8,15,Jl. Batu Indah I No.13,Bandung City,West Java,ID,,+62 22 70687419,Lodging,,,,,,,https://www.google.com/maps/search/?api=1&query=Kost%20Pria%20dan%20Wanita&query_place_id=ChIJUYeTNUPoaC4RV1YTly544J0,Lodging,
KOST PUTRA/PUTRI,4.5,2,Jl. Riung Saluyu Jl. Raya Derwati No.36,Bandung City,West Java,ID,,,Log cabins,,,,,,,https://www.google.com/maps/search/?api=1&query=KOST%20PUTRA%2FPUTRI&query_place_id=ChIJD4lVLMvDaC4RPlXxVWfWKNs,Log cabins,
Kosan Putra Murah Bandung,5,5,Jl. Babakan Priangan IV No.127,Bandung City,West Java,ID,,+62 812-2222-0054,Commercial real estate agency,,,,,,,https://www.google.com/maps/search/?api=1&query=Kosan%20Putra%20Murah%20Bandung&query_place_id=ChIJldghvozoaC4RYRkR_5PJi9s,Commercial real estate agency,
Kost Kebon Manggu 20,5,4,Jl. Kebon Manggu No.20,Bandung City,West Java,ID,,+62 821-1574-1144,Boarding house,,,,,,,https://www.google.com/maps/search/?api=1&query=Kost%20Kebon%20Manggu%2020&query_place_id=ChIJHSuj7djnaC4R3U3_LD0SIe8,Boarding house,
Kost Pondok Citra,4.6,5,"3J7V+75P, Gg. Kb. Kangkung IX",Bandung City,West Java,ID,,+62 821-3623-2525,Extended stay hotel,Homestay,,,,,,https://www.google.com/maps/search/?api=1&query=Kost%20Pondok%20Citra&query_place_id=ChIJvcYdDYTpaC4RCyJBNAysG0s,Extended stay hotel,
Diction Kost Kote 32,4.1,34,Jl. Cibadak Gg. Kote No.32B,Bandung City,West Java,ID,,+62 823-1995-2066,Capsule hotel,,,,,,,https://www.google.com/maps/search/?api=1&query=Diction%20Kost%20Kote%2032&query_place_id=ChIJDU-9fWznaC4RYZIkqoRRztU,Capsule hotel,
Kost Ibu Widi Karapitan,4.3,6,Gg. Karapitan II,Bandung City,West Java,ID,,+62 812-9380-0428,Boarding house,,,,,,,https://www.google.com/maps/search/?api=1&query=Kost%20Ibu%20Widi%20Karapitan&query_place_id=ChIJOd5YpbznaC4RD4Naj7a3qP8,Boarding house,
Kost Putra Bumi Rejeki,,,Jl. Srirejeki No.321/103,Bandung City,West Java,ID,,+62 877-6592-6816,Gated community,,,,,,,https://www.google.com/maps/search/?api=1&query=Kost%20Putra%20Bumi%20Rejeki&query_place_id=ChIJB1e8bADpaC4Rl0ovLsFKTZo,Gated community,
Kost Haji Sobur,4.5,55,Jl. Jupiter Sel. 13 No.90-B,Bandung City,West Java,ID,,+62 855-2456-4579,Hotel,,,,,,,https://www.google.com/maps/search/?api=1&query=Kost%20Haji%20Sobur&query_place_id=ChIJ18gi693paC4R8QVNDeETpNo,Hotel,
Kos Ibu Oom,5,4,Jl. Cidurian Selatan No.10,Bandung City,West Java,ID,,+62 852-0419-2888,Hotel,,,,,,,https://www.google.com/maps/search/?api=1&query=Kos%20Ibu%20Oom&query_place_id=ChIJy3NmO93paC4RKF076Cm4SrM,Hotel,
Kos SKJT 17,4.5,22,Jl. Sekejati 3 No.17,Bandung City,West Java,ID,,+62 813-2228-2946,Extended stay hotel,,,,,,,https://www.google.com/maps/search/?api=1&query=Kos%20SKJT%2017&query_place_id=ChIJK6W49oLpaC4RAXi6rfAYfiY,Extended stay hotel,
Rumah Kost Blessing,5,3,Gg. Melong Kidul Ⅲ No.97 Blok 36D,Bandung City,West Java,ID,,+62 819-7341-4923,Homestay,,,,,,,https://www.google.com/maps/search/?api=1&query=Rumah%20Kost%20Blessing&query_place_id=ChIJ4a28KarpaC4RoJFasVokfFk,Homestay,
Kost Bu Neni,5,1,Jl. Rumah Sakit No.rt 04,Bandung City,West Java,ID,,,Hotel,,,,,,,https://www.google.com/maps/search/?api=1&query=Kost%20Bu%20Neni&query_place_id=ChIJ337xrMTdaC4Rojn-XFeyYcU,Hotel,
VISKA KOST,4.6,14,Jl. Sekejati 3 No.19,Bandung City,West Java,ID,,+62 822-1677-3013,Boarding house,Lodging,,,,,,https://www.google.com/maps/search/?api=1&query=VISKA%20KOST&query_place_id=ChIJje2OUbHpaC4RgykhWloO7Go,Boarding house,
LuXeeta Kost,5,23,Jl. Boncenang No.4,Bandung City,West Java,ID,,+62 898-8880-887,Boarding house,,,,,,,https://www.google.com/maps/search/?api=1&query=LuXeeta%20Kost&query_place_id=ChIJ0cQKUy_paC4Ri0WRY64i4VI,Boarding house,
Kost Bapak Yoppi,,,"toko rifky, Jl. Rumah Sakit Gang samping No.163",Bandung City,West Java,ID,,+62 822-9541-6476,Homestay,,,,,,,https://www.google.com/maps/search/?api=1&query=Kost%20Bapak%20Yoppi&query_place_id=ChIJI9L_8H3DaC4RobYm-oLaz08,Homestay,
Kost Yellow Cipandan Bandung,5,3,Jl. Cipandan No.45,Bandung City,West Java,ID,,+62 813-1220-2438,Extended stay hotel,,,,,,,https://www.google.com/maps/search/?api=1&query=Kost%20Yellow%20Cipandan%20Bandung&query_place_id=ChIJ4_IDwj7naC4RavqR8L8GLoQ,Extended stay hotel,
Kos Tulip 1 Bandung Cicendo,3.8,15,Gg. Sukasari No.30,Bandung City,West Java,ID,,+62 821-1888-8835,Homestay,,,,,,,https://www.google.com/maps/search/?api=1&query=Kos%20Tulip%201%20Bandung%20Cicendo&query_place_id=ChIJaf1_4E3naC4RSeF-Ouni2ks,Homestay,
Gemilang Kost,5,3,Jl. Kotabaru VI No.7,Bandung City,West Java,ID,,+62 812-2403-4353,Boarding house,,,,,,,https://www.google.com/maps/search/?api=1&query=Gemilang%20Kost&query_place_id=ChIJx_QV88bpaC4RHNLGSPQdR9Q,Boarding house,
Kosan Putri Pak Ibrahim (350 ribu) dan kost campur (500+ ribu),,,"Jl. Semar No.59 A, RT.004/RW.005",Bandung City,West Java,ID,,+62 857-2191-6637,Lodge,,,,,,,https://www.google.com/maps/search/?api=1&query=Kosan%20Putri%20Pak%20Ibrahim%20(350%20ribu)%20dan%20kost%20campur%20(500%2B%20ribu)&query_place_id=ChIJIRVgz1rnaC4REOt-LJIF3sY,Lodge,
Kost 118. Harga 600k/bulan,4.8,8,"Jl cijagra 1 Gg. IV No.118/206, RT.07/RW.02",Bandung City,West Java,ID,,+62 821-1095-5317,Boarding house,,,,,,,https://www.google.com/maps/search/?api=1&query=Kost%20118.%20Harga%20600k%2Fbulan&query_place_id=ChIJ7YBv-6HpaC4RpJg0DVeS1lQ,Boarding house,
Kost Omah Ceria,4.8,59,Gg. Sura,Bandung City,West Java,ID,,+62 813-1322-7740,Homestay,,,,,,,https://www.google.com/maps/search/?api=1&query=Kost%20Omah%20Ceria&query_place_id=ChIJFcpnrbLpaC4RaXcK-F3CswI,Homestay,
Kost Amerta,4.8,21,Jl. Ciparay No.233,Bandung City,West Java,ID,,,Boarding house,,,,,,,https://www.google.com/maps/search/?api=1&query=Kost%20Amerta&query_place_id=ChIJ8bL0vkjoaC4RDGS4Nn7ms1o,Boarding house,
Kost salsabila,5,3,Gg. Leghorn No.143,Bandung City,West Java,ID,,,Hostel,,,,,,,https://www.google.com/maps/search/?api=1&query=Kost%20salsabila&query_place_id=ChIJDV8AseTnaC4RENgK89OtBn8,Hostel,
Kost Situsari Wetan 37A,4.8,14,Jl. Situsari Wetan No.37a,Bandung City,West Java,ID,,,Boarding house,,,,,,,https://www.google.com/maps/search/?api=1&query=Kost%20Situsari%20Wetan%2037A&query_place_id=ChIJOS4bVADpaC4RrZQUS84Sv9g,Boarding house,
Kostan Putra Ibu Yanti,4.5,12,No Jl. Kurdi Tim. No.17,Bandung City,West Java,ID,,+62 881-0223-75153,Lodging,,,,,,,https://www.google.com/maps/search/?api=1&query=Kostan%20Putra%20Ibu%20Yanti&query_place_id=ChIJB-7bgpPoaC4RBmK-fqtf7qA,Lodging,
Rumah Kost Samudra Indah Bandung,4.4,44,Jl. Moch Fatah No.7,Bandung City,West Java,ID,,+62 822-4001-8889,Boarding house,,,,,,,https://www.google.com/maps/search/?api=1&query=Rumah%20Kost%20Samudra%20Indah%20Bandung&query_place_id=ChIJoWx55_nlaC4RCBAiXkP3rbI,Boarding house,
Kost Mattha Putra Assalam Paledang (kost pria),3.9,10,Jl. Paledang No.37,Bandung City,West Java,ID,,+62 817-7547-5230,Lodge,,,,,,,https://www.google.com/maps/search/?api=1&query=Kost%20Mattha%20Putra%20Assalam%20Paledang%20(kost%20pria)&query_place_id=ChIJG3dJENzlaC4RDveTNAHp_Po,Lodge,
Tyafarina Kost (TRANSAKSI DI TEMPAT),4.7,42,"Tyafarina Kost, Jl. Pasundan Gg Wirabrata No.121/18A",Bandung City,West Java,ID,,+62 852-2185-3142,Extended stay hotel,,,,,,,https://www.google.com/maps/search/?api=1&query=Tyafarina%20Kost%20(TRANSAKSI%20DI%20TEMPAT)&query_place_id=ChIJbYnUk8vnaC4R88HQrMl7WI8,Extended stay hotel,
Kost Mami Nova,4.8,13,"Jl. Babakan Sari No.70 B, RT.001/RW.008",Bandung City,West Java,ID,,+62 821-9922-3365,Hotel,,,,,,,https://www.google.com/maps/search/?api=1&query=Kost%20Mami%20Nova&query_place_id=ChIJ675ZEcbnaC4RCq7LbnCKqxY,Hotel,
Kost Rabit 15,4.3,8,Jl. Rks. Bitung No.15,Bandung City,West Java,ID,,+62 812-2377-4659,Lodge,,,,,,,https://www.google.com/maps/search/?api=1&query=Kost%20Rabit%2015&query_place_id=ChIJ48N53i7naC4RtLmvsJ1nCC4,Lodge,
Kost Makmur,5,9,Jl. Batu Indah VI No.36 A,Bandung City,West Java,ID,,,Hotel,,,,,,,https://www.google.com/maps/search/?api=1&query=Kost%20Makmur&query_place_id=ChIJmdpxGgDpaC4Ru8tpFeA0SRE,Hotel,
Kostan Fans House (MERAH),4.3,27,Gg. Tegallega No.39,Bandung City,West Java,ID,,,Extended stay hotel,Lodge,,,,,,https://www.google.com/maps/search/?api=1&query=Kostan%20Fans%20House%20(MERAH)&query_place_id=ChIJ8RTY6bHpaC4RAmm1QKNjJjE,Extended stay hotel,
Wisma Anugerah,4.8,10,Gg. Antabaru I No.5,Bandung City,West Java,ID,,,Boarding house,,,,,,,https://www.google.com/maps/search/?api=1&query=Wisma%20Anugerah&query_place_id=ChIJmxEfK1HpaC4Rg3-yhTn1jTM,Boarding house,
Bu mega kost ka,4.5,14,Jl. Kacapiring No.62/122,Bandung City,West Java,ID,,,Homestay,,,,,,,https://www.google.com/maps/search/?api=1&query=Bu%20mega%20kost%20ka&query_place_id=ChIJWUAysa_naC4Rl_PfU315aDY,Homestay,
Kost pak atep RT,4.2,6,Jl. Embah Malim No.12,Bandung City,West Java,ID,,,Lodging,,,,,,,https://www.google.com/maps/search/?api=1&query=Kost%20pak%20atep%20RT&query_place_id=ChIJda69qCLnaC4R--Exp--C01E,Lodging,
Kost Lombok,3.5,4,Jl. Mataram No.32A,Bandung City,West Java,ID,,+62 811-2002-126,Homestay,,,,,,,https://www.google.com/maps/search/?api=1&query=Kost%20Lombok&query_place_id=ChIJI6tEz9LnaC4RrPf6WxKwCT0,Homestay,
Nesya Kost,3.9,21,Jl. H. Mesri Jl. Moch. Yunus 182-6B,Bandung City,West Java,ID,,+62 852-1213-3538,Homestay,,,,,,,https://www.google.com/maps/search/?api=1&query=Nesya%20Kost&query_place_id=ChIJp633Pg3naC4R312JScRsJGA,Homestay,
SR Kost 71,4.2,25,Jl. Terusan Buah Batu Gg. Kujang III No.71,Bandung City,West Java,ID,,+62 859-7471-4751,Lodge,Motel,,,,,,https://www.google.com/maps/search/?api=1&query=SR%20Kost%2071&query_place_id=ChIJpy3z4G3paC4Rhgj0ykna5h0,Lodge,
Kost Deme,4.7,6,,Bandung City,West Java,ID,https://mamikos.com/room/kost-kota-bandung-kost-campur-murah-kost-deme-7b-cibangkong-batununggal-bandung,+62 817-0607-087,Boarding house,,,,,,,https://www.google.com/maps/search/?api=1&query=Kost%20Deme&query_place_id=ChIJZ2QGGUnnaC4Rba3lBS8LfsM,Boarding house,
Kost Pulangkekosan,4.4,17,"Jl. Cibangkong No.85 120, RW.Rt7 Rw6",Bandung City,West Java,ID,,+62 813-1795-9527,Lodge,Lodging,,,,,,https://www.google.com/maps/search/?api=1&query=Kost%20Pulangkekosan&query_place_id=ChIJecNOwdrnaC4RkuKyZmqT2DA,Lodge,
Kost asri,5,2,Jl. Suryalaya Tengah No.2,Bandung City,West Java,ID,,,Homestay,,,,,,,https://www.google.com/maps/search/?api=1&query=Kost%20asri&query_place_id=ChIJNRzpT3rpaC4RxIQsMT1eCUQ,Homestay,
Rumah Kost Ene,4.7,21,Jl. Terusan Sawah Kurung IV No.278,Bandung City,West Java,ID,,,Extended stay hotel,,,,,,,https://www.google.com/maps/search/?api=1&query=Rumah%20Kost%20Ene&query_place_id=ChIJs_a6KbPpaC4RZACzSk2t2Dg,Extended stay hotel,
kost GHF,5,5,Jl. Pangarang No.34,Bandung City,West Java,ID,,,Hotel,,,,,,,https://www.google.com/maps/search/?api=1&query=kost%20GHF&query_place_id=ChIJVy9M-TDnaC4RsHeV8RDXipI,Hotel,
Kost Teh Renny,3.6,20,gang baba tata,Bandung City,West Java,ID,,,Guest house,,,,,,,https://www.google.com/maps/search/?api=1&query=Kost%20Teh%20Renny&query_place_id=ChIJ4YbfiZjoaC4ReFSwVdIYnxo,Guest house,
Kost Hati Damai,,,Jl. Burangrang Dalam No.32,Bandung City,West Java,ID,https://mamikos.com/room/kost-bandung-kost-campur-murah-kost-burangrang-dalam-lengkong-bandung,+62 815-7302-6904,Homestay,,,,,,,https://www.google.com/maps/search/?api=1&query=Kost%20Hati%20Damai&query_place_id=ChIJ8Zj7DZDnaC4RdH547vhX5Cc,Homestay,
Kost Djoko Cukang Jati,4.5,32,Jl. Cukang Jati No.8/116,Bandung City,West Java,ID,,,Homestay,,,,,,,https://www.google.com/maps/search/?api=1&query=Kost%20Djoko%20Cukang%20Jati&query_place_id=ChIJuzqwaDnnaC4R_hJcr0-qlUE,Homestay,
Kost Ramli 14 A,5,4,Jl. Ramli No.14 A,Bandung City,West Java,ID,,+62 812-9239-739,Lodging,,,,,,,https://www.google.com/maps/search/?api=1&query=Kost%20Ramli%2014%20A&query_place_id=ChIJ-7AGZ0vnaC4RUZPJYDvtQCk,Lodging,
Kost Mamih iis (Kost Khusus Putri),5,9,Jl. Babakan Sari Gg. Temon No.22/135A,Bandung City,West Java,ID,https://mamikos.com/room/kost-kota-bandung-kost-campur-eksklusif-kost-mamih-iis-kiaracondong-bandung,+62 822-4594-6258,Boarding house,,,,,,,https://www.google.com/maps/search/?api=1&query=Kost%20Mamih%20iis%20(Kost%20Khusus%20Putri)&query_place_id=ChIJZR5PQ9_naC4RnHjQLofwFfY,Boarding house,
Kosan mutiara,4.5,4,Jl. Mutiara I No.35,Bandung City,West Java,ID,,,Lodge,,,,,,,https://www.google.com/maps/search/?api=1&query=Kosan%20mutiara&query_place_id=ChIJuVfuegrpaC4RUguE61Ibv_M,Lodge,
Kost Aileen,4.8,8,Jl. Sawah Kurung I No.31,Bandung City,West Java,ID,,,Lodging,,,,,,,https://www.google.com/maps/search/?api=1&query=Kost%20Aileen&query_place_id=ChIJObSy1X3paC4RhkcKMb-JMwI,Lodging,
Kost Muslim,3,2,Jl. Cijawura Girang VI No.5,Bandung City,West Java,ID,,+62 22 61460247,Hotel,,,,,,,https://www.google.com/maps/search/?api=1&query=Kost%20Muslim&query_place_id=ChIJ37lW2xXoaC4RtBR3OTynHhg,Hotel,
Kost Zada,4.8,5,Jl. Lele No.10,Bandung City,West Java,ID,,+62 878-3777-5118,Boarding house,,,,,,,https://www.google.com/maps/search/?api=1&query=Kost%20Zada&query_place_id=ChIJT2bKVQfpaC4R2P5ePpuxcAM,Boarding house,
Kost Ibu Lilis,4.4,9,Jl. Pamager sari No.5,Bandung City,West Java,ID,https://mamikos.com/room/kost-bandung-kost-campur-murah-kost-ibu-lilis-pamagersari-regol-bandung-,+62 838-2911-4855,Guest house,,,,,,,https://www.google.com/maps/search/?api=1&query=Kost%20Ibu%20Lilis&query_place_id=ChIJKRs2uu7paC4RCC378HunLng,Guest house,
Kosan 47,3.7,29,"3JF6+HCF, Jl. Sasak Gantung",Bandung City,West Java,ID,,+62 822-0312-4567,Homeless shelter,,,,,,,https://www.google.com/maps/search/?api=1&query=Kosan%2047&query_place_id=ChIJtx89ZijmaC4R0B6aoPvdXQE,Homeless shelter,
Kost Bu Ella Paledang,5,3,"3JF8+J9J, Gg. Sacawireja",Bandung City,West Java,ID,,,Homestay,,,,,,,https://www.google.com/maps/search/?api=1&query=Kost%20Bu%20Ella%20Paledang&query_place_id=ChIJcdzV-ZHnaC4RExEm9qGjqzI,Homestay,
KOST PASUNDAN 60 BANDUNG,3.6,12,Jl. Pasundan No.60,Bandung City,West Java,ID,,+62 851-7503-6496,Hotel,,,,,,,https://www.google.com/maps/search/?api=1&query=KOST%20PASUNDAN%2060%20BANDUNG&query_place_id=ChIJyQBJOinpaC4RviILRi0UNsU,Hotel,
Kost kurdi,5,2,Jl. H. Kurdi 1 No.30,Bandung City,West Java,ID,,,Housing development,,,,,,,https://www.google.com/maps/search/?api=1&query=Kost%20kurdi&query_place_id=ChIJDZA3ZADpaC4RVZwEvitCVWE,Housing development,
Kost Winarta,5,1,"Jl. Papanggungan No.15A, RW.09",Bandung City,West Java,ID,,,Guest house,,,,,,,https://www.google.com/maps/search/?api=1&query=Kost%20Winarta&query_place_id=ChIJu0XTskvpaC4RpNaSoqSStSs,Guest house,
Kost Raflesia,5,1,Jl. Sekelimus XII No.9,Bandung City,West Java,ID,,,Lodge,,,,,,,https://www.google.com/maps/search/?api=1&query=Kost%20Raflesia&query_place_id=ChIJF25ocVzpaC4R_lYpr02ztes,Lodge,
Kost pak Yayat,5,1,"Samping masjid Al ikwan, Gg. Mukalmi II No.58/86, RT.04/RW.03",Bandung City,West Java,ID,,+62 831-5104-6272,Costume rental service,,,,,,,https://www.google.com/maps/search/?api=1&query=Kost%20pak%20Yayat&query_place_id=ChIJ3WTkeiTnaC4RfU7oP0cYQMY,Costume rental service,
Kost Suling,5,3,Jl. Suling No.9,Bandung City,West Java,ID,,+62 22 70491426,Indoor lodging,,,,,,,https://www.google.com/maps/search/?api=1&query=Kost%20Suling&query_place_id=ChIJE5SQlnroaC4RIhlk9E1qHNc,Indoor lodging,
Kost Let's Stay Home,4.3,6,Jl. Pungkur No.235,Bandung City,West Java,ID,,+62 877-2070-24566,Housing development,,,,,,,https://www.google.com/maps/search/?api=1&query=Kost%20Let's%20Stay%20Home&query_place_id=ChIJ4fji6IXpaC4RPirhKLVAMzA,Housing development,
NEW MADAM KOST BANDUNG khusus mahasiswa/ i,5,7,Jl. Moch. Yunus No.16,Bandung City,West Java,ID,https://mamikos.com/room/kost-kota-bandung-kost-campur-eksklusif-kost-madam-lenny-standart-cicendo-bandung-2,+62 823-1674-1124,Boarding house,,,,,,,https://www.google.com/maps/search/?api=1&query=NEW%20MADAM%20KOST%20BANDUNG%20khusus%20mahasiswa%2F%20i&query_place_id=ChIJfbt3DMHnaC4RxlYVtjXEAwE,Boarding house,
Teras One,4.5,8,"Jl. Moch. Toha Jl. Ciburuy No.30/31, RT.2/RW.06",Bandung City,West Java,ID,https://mamikos.com/room/kost-kota-bandung-kost-campur-eksklusif-kost-teras-one-regol-bandung-3,+62 822-9516-5953,Hotel,,,,,,,https://www.google.com/maps/search/?api=1&query=Teras%20One&query_place_id=ChIJwXy9L37paC4RiiSQMx6Oc3M,Hotel,
Uma Kost Griya Billa Sekeloa Bandung,5,3,Jl. Sadang Tengah I No.24,Bandung City,West Java,ID,https://www.rukita.co/place/uma-kost-griya-billa-sekeloa-bandung?utm_source=referral&utm_medium=GMB&utm_campaign=property&utm_content=uma-kost-griya-billa-sekeloa-bandung,+62 811-9008-7829,Serviced accommodation,,,,,,,https://www.google.com/maps/search/?api=1&query=Uma%20Kost%20Griya%20Billa%20Sekeloa%20Bandung&query_place_id=ChIJf0hnI_HnaC4RZYThqcipod4,Serviced accommodation,
Kost Megumi,5,1,Jl. Wartawan IV No.31a,Bandung City,West Java,ID,,,Apartment complex,,,,,,,https://www.google.com/maps/search/?api=1&query=Kost%20Megumi&query_place_id=ChIJ7bRZbwDpaC4RMiwdMfiYQeg,Apartment complex,
BBG Guesthouse - Kost Eksklusif Harian-Mingguan-Bulanan,4.3,92,Jl. Suryalaya No.31,Bandung City,West Java,ID,https://www.instagram.com/guesthousebbg/,+62 812-2001-2820,Boarding house,Guest house,Hotel,Homestay,,,,https://www.google.com/maps/search/?api=1&query=BBG%20Guesthouse%20-%20Kost%20Eksklusif%20Harian-Mingguan-Bulanan&query_place_id=ChIJ59GXi2HoaC4Rc37jQuF-KCM,Boarding house,
Kost kost putri,5,2,,Bandung City,West Java,ID,,+62 838-4031-3374,Cottage rental,,,,,,,https://www.google.com/maps/search/?api=1&query=Kost%20kost%20putri&query_place_id=ChIJDzhDhJLnaC4RWJBdneMlcNs,Cottage rental,
Terima Kost,5,2,Jl. Saad No.18,Bandung City,West Java,ID,,,Hotel,,,,,,,https://www.google.com/maps/search/?api=1&query=Terima%20Kost&query_place_id=ChIJP6aPXS7maC4RGpfegwwMfiQ,Hotel,
Kost Mahasiswa Karyawan Kebon Bibit,4.2,22,Jl. Kb. Bibit Utara No.II,Bandung City,West Java,ID,,+62 838-2122-8967,Indoor lodging,,,,,,,https://www.google.com/maps/search/?api=1&query=Kost%20Mahasiswa%20Karyawan%20Kebon%20Bibit&query_place_id=ChIJtSTO0VrmaC4RgFmngy3BxCY,Indoor lodging,
Female Daily & Monthly Dormitory House Bagusrangin 17B,4.3,64,Jl. Bagusrangin No.17b,Bandung City,West Java,ID,,+62 815-8588-0304,Extended stay hotel,,,,,,,https://www.google.com/maps/search/?api=1&query=Female%20Daily%20%26%20Monthly%20Dormitory%20House%20Bagusrangin%2017B&query_place_id=ChIJNXbNjU3maC4RJcI9n1AsSOA,Extended stay hotel,
Dapur Enak Sagalarasa,4.8,13,Gg. Senang Hati I No.2,Bandung City,West Java,ID,,,Lodge,,,,,,,https://www.google.com/maps/search/?api=1&query=Dapur%20Enak%20Sagalarasa&query_place_id=ChIJgdEw1YjnaC4RNT_wQq2JT3c,Lodge,
Kost Putri Haur Mekar E20,4.6,20,"Jl. Sadang Saip No.E20, RT.05/RW.01",Bandung City,West Java,ID,,+62 813-2281-8919,Extended stay hotel,,,,,,,https://www.google.com/maps/search/?api=1&query=Kost%20Putri%20Haur%20Mekar%20E20&query_place_id=ChIJi5DL0t_naC4R8EPbFahz6Lo,Extended stay hotel,
Rumah Kost Ibu Ayi,5,6,"Jl. Tamansari, Kostan ibu ayi, atas Gg. Karya Laksana No.63B/59, RT.02/RW.14",Bandung City,West Java,ID,,+62 819-1010-2242,Boarding house,,,,,,,https://www.google.com/maps/search/?api=1&query=Rumah%20Kost%20Ibu%20Ayi&query_place_id=ChIJv-tX8yTnaC4RmEqXbCBXTC0,Boarding house,
KOST PUTRI ANVAYA CIPAGANTI,5,2,Jl. DR. Slamet No.29,Bandung City,West Java,ID,,+62 813-2222-6080,Boarding house,,,,,,,https://www.google.com/maps/search/?api=1&query=KOST%20PUTRI%20ANVAYA%20CIPAGANTI&query_place_id=ChIJpx73LMDnaC4R69I04KIN3lI,Boarding house,
Kost 33,4.5,13,Jl. Kebun Binatang No.33,Bandung City,West Java,ID,,,Lodging,,,,,,,https://www.google.com/maps/search/?api=1&query=Kost%2033&query_place_id=ChIJsekDO-7naC4RvKmPDNO4_xA,Lodging,
Qitt Kost ( Kost Putri ),5,3,"Komplek Bank BNI, Jl. Swadharma Jl. Terusan Buah Batu No.31",Bandung City,West Java,ID,,+62 812-2123-206,Guest house,,,,,,,https://www.google.com/maps/search/?api=1&query=Qitt%20Kost%20(%20Kost%20Putri%20)&query_place_id=ChIJK3cH9YRuNqIRj5-khJdq_3w,Guest house,
Kos Futsal Putra Jati,3.9,29,Jl. Mandala No.50,Bandung City,West Java,ID,,+62 896-7108-0720,Extended stay hotel,,,,,,,https://www.google.com/maps/search/?api=1&query=Kos%20Futsal%20Putra%20Jati&query_place_id=ChIJHY1fcmvoaC4R4pHEHpUDd6Y,Extended stay hotel,
Kost om putra,3.7,3,Jl. Karasak No.39,Bandung City,West Java,ID,,+62 857-0310-0023,Homestay,,,,,,,https://www.google.com/maps/search/?api=1&query=Kost%20om%20putra&query_place_id=ChIJLUJo_fjpaC4Rk6D0h-VXK60,Homestay,
Kos kosan putra,3.7,3,"3J8V+JP7, Gg. H. Kasim",Bandung City,West Java,ID,,,Homestay,,,,,,,https://www.google.com/maps/search/?api=1&query=Kos%20kosan%20putra&query_place_id=ChIJlempdbDpaC4RSzoiUGh7Zz8,Homestay,
Guest House Pondokan Pijar,4.7,15,"Jl. Parakan Wangi I No.5, RW.6",Bandung City,West Java,ID,,+62 818-170-302,Lodging,,,,,,,https://www.google.com/maps/search/?api=1&query=Guest%20House%20Pondokan%20Pijar&query_place_id=ChIJs1czfl7oaC4RpRaxSecsa94,Lodging,
Rumah Kost G&G,5,16,Jl. Parabon IV No.9,Bandung City,West Java,ID,,+62 811-5812-911,Lodge,,,,,,,https://www.google.com/maps/search/?api=1&query=Rumah%20Kost%20G%26G&query_place_id=ChIJL3thFnDpaC4Rag2ViRrRl3A,Lodge,
Mutiara Kost,3.5,2,Jl. Sukarsah No.3,Bandung City,West Java,ID,,,Hostel,,,,,,,https://www.google.com/maps/search/?api=1&query=Mutiara%20Kost&query_place_id=ChIJ-yzrBADpaC4RGbxhEE96iHQ,Hostel,
Kost Batu api,4.4,10,"3J3P+94G, Jl. Batu Api I No.3",Bandung City,West Java,ID,,,Homestay,,,,,,,https://www.google.com/maps/search/?api=1&query=Kost%20Batu%20api&query_place_id=ChIJf-G_9CHpaC4RLJO9a_TOKiY,Homestay,
Kost Dewi Sri,4,34,Jl. Dewi Sri No.20,Bandung City,West Java,ID,,,Hotel,,,,,,,https://www.google.com/maps/search/?api=1&query=Kost%20Dewi%20Sri&query_place_id=ChIJO22LFYToaC4RPwVq7GKDvZU,Hotel,
Kosan Mamah Erpin,4.8,17,Jl. Inhoftank,Bandung City,West Java,ID,,+62 813-2299-7784,Lodge,,,,,,,https://www.google.com/maps/search/?api=1&query=Kosan%20Mamah%20Erpin&query_place_id=ChIJ__pnvBzpaC4Rn8jeKlFAH7o,Lodge,
Kos Nafizhan,5,2,Jl. Parakan Wangi No.10,Bandung City,West Java,ID,,+62 812-2324-6215,Hostel,,,,,,,https://www.google.com/maps/search/?api=1&query=Kos%20Nafizhan&query_place_id=ChIJx9lRRgDpaC4REU1ZDzgc8d0,Hostel,
KOOL KOST Syariah near Langlangbuana University,4.3,12,Jl. Penyu No.6,Bandung City,West Java,ID,https://www.reddoorz.com/id-id/hotel/indonesia/bandung/turangga/buah-batu/kool-kost-syariah-near-langlangbuana-university?utm_campaign=webclick&utm_medium=mybusiness&utm_source=google,+62 21 80629666,Hotel,,,,,,,https://www.google.com/maps/search/?api=1&query=KOOL%20KOST%20Syariah%20near%20Langlangbuana%20University&query_place_id=ChIJN_wUHPXpaC4RXi238JRwH6w,Hotel,
Kosan 54,5,5,Jl. Ancol Utara I No.54,Bandung City,West Java,ID,,,Hostel,,,,,,,https://www.google.com/maps/search/?api=1&query=Kosan%2054&query_place_id=ChIJx-jBafnpaC4RQQERqEQOmvk,Hostel,
Kosan Aska buah batu,4.8,6,Jl. Buah Batu No.271,Bandung City,West Java,ID,,,Motel,,,,,,,https://www.google.com/maps/search/?api=1&query=Kosan%20Aska%20buah%20batu&query_place_id=ChIJs5-LKcHpaC4R1bGjFrWy6-U,Motel,
Kost Putra Weferli,5,6,"3JWQ+XXW, Gg. Sastrodihardjo IV",Bandung City,West Java,ID,,+62 817-9190-660,Boarding house,,,,,,,https://www.google.com/maps/search/?api=1&query=Kost%20Putra%20Weferli&query_place_id=ChIJ0bI759LnaC4RtDKL8lPhVBg,Boarding house,
Pamoyanan XV Residence,4.7,107,Jl. Pamoyanan no. 15 Astina Pajajaran,Bandung City,West Java,ID,http://wa.me/62811978625,+62 811-978-625,Boarding house,,,,,,,https://www.google.com/maps/search/?api=1&query=Pamoyanan%20XV%20Residence&query_place_id=ChIJrbZnNmrmaC4R4FGVbYjWdqE,Boarding house,
Kost Bu Yani 139,5,2,Jl. Tamansari Bawah No.139,Bandung City,West Java,ID,,+62 821-2778-2405,Hostel,,,,,,,https://www.google.com/maps/search/?api=1&query=Kost%20Bu%20Yani%20139&query_place_id=ChIJSTf4FQDnaC4R-xb4-C04Fto,Hostel,
Kost Tanam Paviliun Pak Djadjat,4.9,109,Jl. Iik Amiharja No.20,Bandung City,West Java,ID,https://bit.ly/2KSFQWD,,Guest house,Hostel,Lodge,,,,,https://www.google.com/maps/search/?api=1&query=Kost%20Tanam%20Paviliun%20Pak%20Djadjat&query_place_id=ChIJ2fEflJ_paC4Rc0ZW5_PW3NE,Guest house,
Kosan Pak Dede,1,1,"3J5W+6FV, Jl. Sekejati 3",Bandung City,West Java,ID,,,Extended stay hotel,,,,,,,https://www.google.com/maps/search/?api=1&query=Kosan%20Pak%20Dede&query_place_id=ChIJdU3_KF3paC4R25PqYhaGAU0,Extended stay hotel,
Wisma Nusa Indah,4.1,75,Jl. Lodaya No.95,Bandung City,West Java,ID,,+62 22 7300505,Boarding house,Lodge,,,,,,https://www.google.com/maps/search/?api=1&query=Wisma%20Nusa%20Indah&query_place_id=ChIJ07QhXX7oaC4RjFlKfA9pIIE,Boarding house,
Kost kos Putri murah bandung jabar,4.6,29,Jl. Wartawan 3 No.14,Bandung City,West Java,ID,http://www.tempat-kost.com/,+62 823-1972-0099,Hostel,,,,,,,https://www.google.com/maps/search/?api=1&query=Kost%20kos%20Putri%20murah%20bandung%20jabar&query_place_id=ChIJ1ZOQKzHpaC4RDKi_sywcsyU,Hostel,
Kost marco,5,7,Jl. Cikawao Dalam I No.6,Bandung City,West Java,ID,,+62 812-2230-1490,Lodging,,,,,,,https://www.google.com/maps/search/?api=1&query=Kost%20marco&query_place_id=ChIJLzzYIF_naC4Rwpi8qcDO_jQ,Lodging,
Kost Tamsis 32 Gatot Subroto Bandung,5,8,Jl. Taman Siswa No.32,Bandung City,West Java,ID,https://www.rukita.co/place/ruoptions-tamsis-32-gatot-subroto-bandung?utm_source=referral&utm_medium=GMB&utm_campaign=property&utm_content=ruoptions-tamsis-32-gatot-subroto-bandung,+62 811-9008-7829,Serviced accommodation,,,,,,,https://www.google.com/maps/search/?api=1&query=Kost%20Tamsis%2032%20Gatot%20Subroto%20Bandung&query_place_id=ChIJo_Ul_hDpaC4RkktiOXkpw00,Serviced accommodation,
Kost Jati Indah,4.6,51,"3J4M+5X5, Jl. Jati Indah Raya",Bandung City,West Java,ID,,+62 878-5508-5346,Boarding house,,,,,,,https://www.google.com/maps/search/?api=1&query=Kost%20Jati%20Indah&query_place_id=ChIJ_YZi62joaC4R2XlBmiXiaGo,Boarding house,
Kostan denki 8,3.3,6,Jl. Denki No.8,Bandung City,West Java,ID,,,Hostel,,,,,,,https://www.google.com/maps/search/?api=1&query=Kostan%20denki%208&query_place_id=ChIJNb1M9SnpaC4R_wb__8wwnuw,Hostel,
Putra Muslim,4.7,3,Jl. Wartawan 2 No.2,Bandung City,West Java,ID,,,Lodging,,,,,,,https://www.google.com/maps/search/?api=1&query=Putra%20Muslim&query_place_id=ChIJnUdexmvpaC4R_xqmvKy5WhY,Lodging,
Kost Cakradinata 9,4.6,27,Jl. Cakradinata No.9 A,Bandung City,West Java,ID,,+62 813-1300-4030,Lodging,,,,,,,https://www.google.com/maps/search/?api=1&query=Kost%20Cakradinata%209&query_place_id=ChIJPUI0Jz7oaC4REaBq9iLSomA,Lodging,
Kost Khansa,4.6,29,"Jl. Gumuruh Gg. Maleer Timur IX No.62, RT.09/RW.05",Bandung City,West Java,ID,,+62 821-1537-6408,Lodging,,,,,,,https://www.google.com/maps/search/?api=1&query=Kost%20Khansa&query_place_id=ChIJU3KmhazpaC4RYR3tNKXgPRo,Lodging,
Kost Mutumanikam,4.6,10,Jl. Mutumanikam No.22,Bandung City,West Java,ID,,+62 811-211-340,Indoor lodging,,,,,,,https://www.google.com/maps/search/?api=1&query=Kost%20Mutumanikam&query_place_id=ChIJ2fpU8WLoaC4RMVnMQJQwKwM,Indoor lodging,
Kost Putri - MUSTROOM - Room for Rent,4.9,35,Jl. Waas A No.3,Bandung City,West Java,ID,,+62 812-2123-558,Hostel,,,,,,,https://www.google.com/maps/search/?api=1&query=Kost%20Putri%20-%20MUSTROOM%20-%20Room%20for%20Rent&query_place_id=ChIJ_cd80xvpaC4RywFkH-AxajA,Hostel,
Kost Saung Bona,5,4,Jl. Batununggal Sari (Jl. Batu Sari) Gg. Batu Slamet I No.159 RT 04/11. Kel Batununggal Kec. Bandung Kidul,Bandung City,West Java,ID,,+62 812-1479-2135,Extended stay hotel,,,,,,,https://www.google.com/maps/search/?api=1&query=Kost%20Saung%20Bona&query_place_id=ChIJc52D70fpaC4Rcp4-PXxqSIg,Extended stay hotel,
Kost Waas II 89C,3.6,5,Jl. Waas II No.89c,Bandung City,West Java,ID,,,Homestay,,,,,,,https://www.google.com/maps/search/?api=1&query=Kost%20Waas%20II%2089C&query_place_id=ChIJMV-xB6fpaC4Rst9f44lF0U0,Homestay,
GRIYA BALI - Rumah Kost,4.7,31,Jl. Babakan Priangan VI No.101A,Bandung City,West Java,ID,,+62 812-1461-2626,Lodge,,,,,,,https://www.google.com/maps/search/?api=1&query=GRIYA%20BALI%20-%20Rumah%20Kost&query_place_id=ChIJT_EcuxrpaC4RjFdidTIp-qA,Lodge,
Nushafa Kost Putri,4.5,11,Jl. Parakan Indah Raya No.16,Bandung City,West Java,ID,https://nushafa.royalweb.my.id/,+62 812-8124-9489,Inn,Homestay,,,,,,https://www.google.com/maps/search/?api=1&query=Nushafa%20Kost%20Putri&query_place_id=ChIJCUD2-4jpaC4R4Y4KwogTrVk,Inn,
Cozyku Kost Melong Karapitan,5,8,Jl. Melong Wetan No.1b/104,Bandung City,West Java,ID,,+62 811-2363-388,Homestay,,,,,,,https://www.google.com/maps/search/?api=1&query=Cozyku%20Kost%20Melong%20Karapitan&query_place_id=ChIJVw6dgZHpaC4RPpPrM2ww4-c,Homestay,
Kost Dhe Room's,4.9,11,"Jl. Karasak Utara IV No.12, RT.04/RW.05",Bandung City,West Java,ID,,+62 821-3078-5388,Lodging,,,,,,,https://www.google.com/maps/search/?api=1&query=Kost%20Dhe%20Room's&query_place_id=ChIJ3Uhw8ObpaC4RT4bvpzneeJE,Lodging,
KOS TAMIM,,,"Jl. Pelajar Pejuang 45 Jl. Sukaresik II No.32/106, RT.007/RW.008",Bandung City,West Java,ID,,+62 811-2274-050,Hostel,,,,,,,https://www.google.com/maps/search/?api=1&query=KOS%20TAMIM&query_place_id=ChIJ1XnQIgDpaC4Rcn6F0VnMvMg,Hostel,
Kamar kos Yo&yo bandung,4.6,5,Jl. Kb. Gedang No.76,Bandung City,West Java,ID,,+62 877-6456-6593,Lodge,,,,,,,https://www.google.com/maps/search/?api=1&query=Kamar%20kos%20Yo%26yo%20bandung&query_place_id=ChIJfQA9V8XpaC4RJzNYb4jvPW0,Lodge,
Kost Sekelimus XII No. 15,4.7,32,Jl. Sekelimus XII No.15,Bandung City,West Java,ID,,+62 895-6220-63916,Boarding house,,,,,,,https://www.google.com/maps/search/?api=1&query=Kost%20Sekelimus%20XII%20No.%2015&query_place_id=ChIJh30R-7zpaC4RBsdvJxuEdO0,Boarding house,
Kost Kuya,4.4,7,3M42+PR2,Bandung City,West Java,ID,,,Homestay,,,,,,,https://www.google.com/maps/search/?api=1&query=Kost%20Kuya&query_place_id=ChIJbZWoW9_paC4RC-cEKC-GHgI,Homestay,
Kost putri,3.7,6,Jl. Parabon IV No.15,Bandung City,West Java,ID,,+62 813-2020-9209,Lodge,Hostel,,,,,,https://www.google.com/maps/search/?api=1&query=Kost%20putri&query_place_id=ChIJXXf7UgDpaC4RbVcLroBv9Bs,Lodge,
Kos Ungu,5,18,,Bandung City,West Java,ID,,+62 812-9200-1324,Motel,,,,,,,https://www.google.com/maps/search/?api=1&query=Kos%20Ungu&query_place_id=ChIJG-IoqQjpaC4RKOamATOjNf0,Motel,
Kost bu rini,4.6,8,,Bandung City,West Java,ID,,+62 896-8657-5979,Homestay,,,,,,,https://www.google.com/maps/search/?api=1&query=Kost%20bu%20rini&query_place_id=ChIJV88APqbpaC4RRWiAmQeVGG8,Homestay,
Rumahku Kost & Backpacker Puragabaya,4.4,13,Jl. Puragabaya Blok B3,Bandung City,West Java,ID,,+62 821-1714-6830,Hostel,,,,,,,https://www.google.com/maps/search/?api=1&query=Rumahku%20Kost%20%26%20Backpacker%20Puragabaya&query_place_id=ChIJayJYfbrpaC4RkTJH5es-sS4,Hostel,
Kost Emung,5,7,Jl. Emung No.89/36b,Bandung City,West Java,ID,,+62 812-2126-9722,Lodge,,,,,,,https://www.google.com/maps/search/?api=1&query=Kost%20Emung&query_place_id=ChIJffwM_dTnaC4RsQDH_T4PHWk,Lodge,
Kost Putri Kiaracondong,4.7,23,komplek dolog I no.11 Rt01/ rw05 jl.ibrahim adji 304,Bandung City,West Java,ID,,+62 853-2000-3220,Boarding house,,,,,,,https://www.google.com/maps/search/?api=1&query=Kost%20Putri%20Kiaracondong&query_place_id=ChIJGyGaoHPoaC4RmD6hIWfPK0M,Boarding house,
Mandala Residence / Rumah Kos,4.4,124,Jl. Mandala No.29,Bandung City,West Java,ID,,+62 896-6195-176,Lodge,,,,,,,https://www.google.com/maps/search/?api=1&query=Mandala%20Residence%20%2F%20Rumah%20Kos&query_place_id=ChIJL7PyyRToaC4RW5iwPbFth38,Lodge,
Rumah Melati,4,10,Jl. Cijawura Girang II No.22,Bandung City,West Java,ID,,+62 812-2160-7990,Motel,Boarding house,,,,,,https://www.google.com/maps/search/?api=1&query=Rumah%20Melati&query_place_id=ChIJ2RUAbhXoaC4REsybUAPLkF0,Motel,
Mewas Kost Batununggal,5,7,Jl. Batununggal Lestari No.5,Bandung City,West Java,ID,,+62 812-2069-2072,Cottage rental,,,,,,,https://www.google.com/maps/search/?api=1&query=Mewas%20Kost%20Batununggal&query_place_id=ChIJz63B2rfpaC4R-IS9goBPj00,Cottage rental,
Kost Putri Turangga Timur 70,5,13,Jl. Turangga Tim. No.70 Kel,Bandung City,West Java,ID,,+62 877-9467-1426,Boarding house,,,,,,,https://www.google.com/maps/search/?api=1&query=Kost%20Putri%20Turangga%20Timur%2070&query_place_id=ChIJaQ8h9C_paC4R9jntcJW1YqU,Boarding house,
Kost Adam/Ryuga,5,1,Jl. Karapitan blk No.89,Bandung City,West Java,ID,,,,,,,,,,https://www.google.com/maps/search/?api=1&query=Kost%20Adam%2FRyuga&query_place_id=ChIJD9vMMNrpaC4R0FLLS8CNB18,,
Kost elite,4.5,2,Jl. Batununggal Indah Raya No.263,Bandung City,West Java,ID,,,Housing society,,,,,,,https://www.google.com/maps/search/?api=1&query=Kost%20elite&query_place_id=ChIJFbFm4sbpaC4RjYYETscq4Mw,Housing society,
Kost Batununggal Lestari Putri,4.8,6,Jl. Batununggal Lestari III No.1,Bandung City,West Java,ID,,+62 813-9412-3577,Boarding house,,,,,,,https://www.google.com/maps/search/?api=1&query=Kost%20Batununggal%20Lestari%20Putri&query_place_id=ChIJx3DoCSzpaC4R-dXXcdV6cnk,Boarding house,
Kostan Putra Rumah Hijau,,,Jl. Suryalaya VI No.10,Bandung City,West Java,ID,,+62 812-2434-5737,Hotel,,,,,,,https://www.google.com/maps/search/?api=1&query=Kostan%20Putra%20Rumah%20Hijau&query_place_id=ChIJE5nhkDjpaC4RXUw4SZLYiS4,Hotel,
Kost-an Jati Indah Ibu Enny - Batununggal - Bandung,4.9,9,3J4M+HXP,Bandung City,West Java,ID,,+62 878-2461-9024,Lodge,Lodging,,,,,,https://www.google.com/maps/search/?api=1&query=Kost-an%20Jati%20Indah%20Ibu%20Enny%20-%20Batununggal%20-%20Bandung&query_place_id=ChIJA09sRMjpaC4RP-zC3hgAth4,Lodge,
ELOK HOUSE,4.7,29,"Jl. Batununggal Elok No.16, RT.008/RW.001",Bandung City,West Java,ID,,+62 813-2074-8166,Hostel,Guest house,,,,,,https://www.google.com/maps/search/?api=1&query=ELOK%20HOUSE&query_place_id=ChIJ5YQf_ljoaC4RCB1bQvWcxnw,Hostel,
Kos Soekarno Hatta 52,5,8,,Bandung City,West Java,ID,,+62 899-9030-364,Hostel,,,,,,,https://www.google.com/maps/search/?api=1&query=Kos%20Soekarno%20Hatta%2052&query_place_id=ChIJA0BWZ7TpaC4RB6O0Xxqu0Ic,Hostel,
Kost Pondok Barokah,3.6,7,"3M42+XRC, Jl. Cidurian Selatan",Bandung City,West Java,ID,,+62 812-2350-417,Indoor lodging,,,,,,,https://www.google.com/maps/search/?api=1&query=Kost%20Pondok%20Barokah&query_place_id=ChIJleDne1fpaC4RW-Lhixi5Yvg,Indoor lodging,
Kostan bu.sapri,4.9,7,Jl. Gumuruh No.107,Bandung City,West Java,ID,,,Homestay,,,,,,,https://www.google.com/maps/search/?api=1&query=Kostan%20bu.sapri&query_place_id=ChIJTyNZAwnpaC4Rf5ERB9zG1dM,Homestay,
Kost Singgahsini Mekar House Bojongloa Kidul Bandung,2.9,7,,Bandung City,West Java,ID,,+62 838-2953-4383,Extended stay hotel,,,,,,,https://www.google.com/maps/search/?api=1&query=Kost%20Singgahsini%20Mekar%20House%20Bojongloa%20Kidul%20Bandung&query_place_id=ChIJ033U3PfpaC4Rd0hxyboyFuI,Extended stay hotel,
Mafyas kost,,,Jl. Haremis I No.3,Bandung City,West Java,ID,,+62 853-2115-1617,Boarding house,,,,,,,https://www.google.com/maps/search/?api=1&query=Mafyas%20kost&query_place_id=ChIJ4VG_-aPpaC4R-nMlWWRaPEk,Boarding house,
Kost Baper Pak Nunu,5,2,2JRX+M5P,Bandung City,West Java,ID,,,Hostel,,,,,,,https://www.google.com/maps/search/?api=1&query=Kost%20Baper%20Pak%20Nunu&query_place_id=ChIJ73bTel3paC4RahTruLJwmBw,Hostel,
Kost Arkan 2,,,Jl. Turangga No.27D,Bandung City,West Java,ID,,,Hostel,,,,,,,https://www.google.com/maps/search/?api=1&query=Kost%20Arkan%202&query_place_id=ChIJrY5fegDpaC4RUNhg1NThusY,Hostel,
Kost Pak Edwin,5,6,Jl. Ibrahim Adjie Blkg No.438,Bandung City,West Java,ID,https://mamikos.com/room/kost-kota-bandung-kost-putra-murah-kost-pak-edwin-batununggal-bandung-2,+62 858-6742-0898,Guest house,,,,,,,https://www.google.com/maps/search/?api=1&query=Kost%20Pak%20Edwin&query_place_id=ChIJKdGXj0PpaC4RaUUlnQSE4cs,Guest house,
Kost Tamibil,5,2,"Jl. Sukasari II No.271, RT.06/RW.02",Bandung City,West Java,ID,,+62 812-1276-3159,Boarding house,,,,,,,https://www.google.com/maps/search/?api=1&query=Kost%20Tamibil&query_place_id=ChIJp7OFTlPmaC4RFTasaekelaY,Boarding house,
Kos Putri Cikutra,4.2,5,Jl. Cikutra Baru I No.4,Bandung City,West Java,ID,,,Boarding house,,,,,,,https://www.google.com/maps/search/?api=1&query=Kos%20Putri%20Cikutra&query_place_id=ChIJFWKE5J_naC4RKTU0oTM2LTI,Boarding house,
Kost Muslimah,4.8,10,Jl. Batik Jonas No.7,Bandung City,West Java,ID,,+62 812-2025-3367,Extended stay hotel,,,,,,,https://www.google.com/maps/search/?api=1&query=Kost%20Muslimah&query_place_id=ChIJUVoekq_naC4RHfyaFourXLc,Extended stay hotel,
Deara Kost,,,Jl. Cikutra Baru XI No.40,Bandung City,West Java,ID,,,Motel,,,,,,,https://www.google.com/maps/search/?api=1&query=Deara%20Kost&query_place_id=ChIJp91Q4JznaC4RLPBIXD1G-5E,Motel,
Kost,3.5,11,"Jln.taman sari bawah Rt.03 Rw.20 No.34/59, atau No.37/59",Bandung City,West Java,ID,,,Boarding house,,,,,,,https://www.google.com/maps/search/?api=1&query=Kost&query_place_id=ChIJuemHoqrnaC4R4jS2hFCVMGs,Boarding house,
Kosan murah (Belakang Itenas),4.8,6,Jl. Simpang Pahlawan III IV No.4,Bandung City,West Java,ID,,+62 819-4332-3566,Extended stay hotel,,,,,,,https://www.google.com/maps/search/?api=1&query=Kosan%20murah%20(Belakang%20Itenas)&query_place_id=ChIJq-Y6zAnnaC4RO5IK6iKeHA0,Extended stay hotel,
Kost Bu Yani,5,2,4J45+54M,Bandung City,West Java,ID,,,Hostel,,,,,,,https://www.google.com/maps/search/?api=1&query=Kost%20Bu%20Yani&query_place_id=ChIJWbzvUbbnaC4RhNqFD7i4Llk,Hostel,
Kosan Putra Putri,5,2,Jl. Kampus II No.36,Bandung City,West Java,ID,,+62 831-8919-4435,Hostel,,,,,,,https://www.google.com/maps/search/?api=1&query=Kosan%20Putra%20Putri&query_place_id=ChIJRe7sMQDnaC4R06_lW5VHJuM,Hostel,
Kos Putra Ibu Venus,,,Jl. Cibangkong No.64,Bandung City,West Java,ID,,,Homestay,,,,,,,https://www.google.com/maps/search/?api=1&query=Kos%20Putra%20Ibu%20Venus&query_place_id=ChIJ1RcSnLTnaC4R3YGbSeXFi-U,Homestay,
Kost Ceco J'me,4.5,16,"Jl. Cibangkong No.35/120, RT.02/Rw06",Bandung City,West Java,ID,,+62 878-2336-3393,Hotel,,,,,,,https://www.google.com/maps/search/?api=1&query=Kost%20Ceco%20J'me&query_place_id=ChIJtS5sz9nnaC4RM8_QV6apOlo,Hotel,
Kost Eky Kiaracondong,4.4,11,"Jl. Babakan Sari III No.275 B, RT.06/RW.09",Bandung City,West Java,ID,,+62 896-8241-9913,Lodge,,,,,,,https://www.google.com/maps/search/?api=1&query=Kost%20Eky%20Kiaracondong&query_place_id=ChIJO-6hDSbnaC4RtbYAFE_Dh74,Lodge,
Kosan Putra,4.2,11,"3JF5+RPH, Jl. Cakradireja",Bandung City,West Java,ID,,+62 22 4224035,Homeless shelter,,,,,,,https://www.google.com/maps/search/?api=1&query=Kosan%20Putra&query_place_id=ChIJq66TKybmaC4Rop5vjWlVCio,Homeless shelter,
Rumah Kos Kemang 102,4.8,11,"Jl. Kebon Manggu No.102/22C, RT.02/RW.08",Bandung City,West Java,ID,,+62 821-4299-7738,Boarding house,,,,,,,https://www.google.com/maps/search/?api=1&query=Rumah%20Kos%20Kemang%20102&query_place_id=ChIJhww75xPnaC4R6mBbi4r-3Qw,Boarding house,
MeNa Kost,4.7,19,Gg. Uni No.22 G,Bandung City,West Java,ID,,+62 811-1112-2617,Homestay,,,,,,,https://www.google.com/maps/search/?api=1&query=MeNa%20Kost&query_place_id=ChIJfy9ibR_naC4RrN6o-Sv4Qjw,Homestay,
OTTO RESIDENCE -- Kost Pusat Kota Bandung,4.4,11,Jl. Otto Iskandar Dinata belakang No.292,Bandung City,West Java,ID,,+62 812-2155-255,Homestay,,,,,,,https://www.google.com/maps/search/?api=1&query=OTTO%20RESIDENCE%20--%20Kost%20Pusat%20Kota%20Bandung&query_place_id=ChIJ3derLCfmaC4RdGzOLAMCo0Y,Homestay,
Graha Puralima,4.5,37,Jl. Purawinata No.5,Bandung City,West Java,ID,https://mamikos.com/room/kost-bandung-kost-campur-eksklusif-kost-graha-puralima-lengkong-bandung,+62 22 4238976,Lodging,,,,,,,https://www.google.com/maps/search/?api=1&query=Graha%20Puralima&query_place_id=ChIJhec42ijmaC4RXIMhcakAu7c,Lodging,
kost cun-cun,5,1,Gg. Pamarset No.66/22B,Bandung City,West Java,ID,,,Hotel,,,,,,,https://www.google.com/maps/search/?api=1&query=kost%20cun-cun&query_place_id=ChIJ73iXTgDnaC4R7rd9MaINWYg,Hotel,
RIKA KOST,5,3,"RIKA KOST, Gg. Pamarset No.45 22B",Bandung City,West Java,ID,https://mamikos.com/room/kost-bandung-kost-campur-murah-kost-ibu-rika-tipe-a-astanaanyar-bandung#/,,Lodge,,,,,,,https://www.google.com/maps/search/?api=1&query=RIKA%20KOST&query_place_id=ChIJ7Q787Q7naC4RPaQBB6sKSLA,Lodge,
Kosan putra Enggar & Toko kelontongan,4.7,6,jl.Jupiter barat no.XXVII blok Q2 no.91 margahayu barat,Bandung City,West Java,ID,,+62 896-0772-6457,Store,,,,,,,https://www.google.com/maps/search/?api=1&query=Kosan%20putra%20Enggar%20%26%20Toko%20kelontongan&query_place_id=ChIJGYFTyhnoaC4RzLJPmQQLGgU,Store,
Kosan Putra Putri Baik-Baik Ibu Asih,4.3,12,"Jl. Baranang Siang No.77 34 A, RT.01 RW06",Bandung City,West Java,ID,,,Hotel,,,,,,,https://www.google.com/maps/search/?api=1&query=Kosan%20Putra%20Putri%20Baik-Baik%20Ibu%20Asih&query_place_id=ChIJW_ogMrfnaC4RvZAQRI0NVy4,Hotel,
KOS HJ ANIE ( Kos Laki laki ),4.4,22,Jl. A. Yani No.26,Bandung City,West Java,ID,,+62 822-3361-0661,Homestay,,,,,,,https://www.google.com/maps/search/?api=1&query=KOS%20HJ%20ANIE%20(%20Kos%20Laki%20laki%20)&query_place_id=ChIJK1-v9wnnaC4RVV5AtyvE94I,Homestay,
Kost micky 18 gatsu bandung,4.9,18,"Jl. Karees Kulon No.18, RT.02/RW.06",Bandung City,West Java,ID,,+62 878-7824-2898,Extended stay hotel,,,,,,,https://www.google.com/maps/search/?api=1&query=Kost%20micky%2018%20gatsu%20bandung&query_place_id=ChIJYwmlil7naC4RjcRnrFMoKlU,Extended stay hotel,
Kosan,5,3,Jl. Saad No.32,Bandung City,West Java,ID,,,Hotel,,,,,,,https://www.google.com/maps/search/?api=1&query=Kosan&query_place_id=ChIJwxPZuuXnaC4RWvwfMp6MBaY,Hotel,
Kost Naripan 23,4.2,35,Jl. Naripan No.23,Bandung City,West Java,ID,,+62 857-2433-8793,Extended stay hotel,,,,,,,https://www.google.com/maps/search/?api=1&query=Kost%20Naripan%2023&query_place_id=ChIJL0JNkC_maC4RmW3FBvBAfy0,Extended stay hotel,
Kosan Putra Putri,,,"3JHG+CW5, Jl. Samoja No.14b",Bandung City,West Java,ID,,,Villa,,,,,,,https://www.google.com/maps/search/?api=1&query=Kosan%20Putra%20Putri&query_place_id=ChIJCQmoNwDnaC4RFKhIcNMTv_Q,Villa,
Kost Pondok Nugraha / C1 no 12,5,4,Jl. Muhtarudin No.12 Blok C1,Bandung City,West Java,ID,,+62 878-2378-3344,Halfway house,,,,,,,https://www.google.com/maps/search/?api=1&query=Kost%20Pondok%20Nugraha%20%2F%20C1%20no%2012&query_place_id=ChIJU7WeM8_paC4RWlQtTdoqj8E,Halfway house,
TASA 211 kost,4.9,14,Jl. Tamansari Gg. Lurah Hormat No.211/58,Bandung City,West Java,ID,,+62 811-1114-151,Hotel,,,,,,,https://www.google.com/maps/search/?api=1&query=TASA%20211%20kost&query_place_id=ChIJOQFWXoLnaC4RyOQ7nY5IzMQ,Hotel,
Raleigh House (Kost Putri),4.8,4,"Jl Linggawastu Dalam, Gg Asoka No.317/25, RT.004/RW.016",Bandung City,West Java,ID,,+62 821-1698-6698,Hostel,,,,,,,https://www.google.com/maps/search/?api=1&query=Raleigh%20House%20(Kost%20Putri)&query_place_id=ChIJo8uchrrnaC4RsHy_Rm4Zs-Q,Hostel,
Kostan NyLa (Khusus Putri),5,5,Jl. Tamansari Gg. H. Unen Sumantri No.12/59 RT 05,Bandung City,West Java,ID,,+62 821-2129-0909,Executive suite rental agency,,,,,,,https://www.google.com/maps/search/?api=1&query=Kostan%20NyLa%20(Khusus%20Putri)&query_place_id=ChIJ5RVOXcbnaC4RwuZ1MBShQSc,Executive suite rental agency,
White House 282 Kost Bejo,5,2,Gg. H. Unen Sumantri Jl. Tamansari Bawah No.282/59,Bandung City,West Java,ID,,+62 878-2430-1442,Homestay,,,,,,,https://www.google.com/maps/search/?api=1&query=White%20House%20282%20Kost%20Bejo&query_place_id=ChIJ-xKCRNDnaC4RBe3TRlXB9hg,Homestay,
Kost-an Asterina,,,"Jl. Tamansari Bawah Gg. Aster No.99/59, RT.07/RW.20",Bandung City,West Java,ID,,+62 813-2131-1055,Motel,Boarding house,Residential college,,,,,https://www.google.com/maps/search/?api=1&query=Kost-an%20Asterina&query_place_id=ChIJ0_sw3tPnaC4R2Qw02PVfZyw,Motel,
Kost Kibaw,4,13,Jl. Kiara Condong Gg. Advent No.45/127A,Bandung City,West Java,ID,,+62 821-2911-1072,Lodging,,,,,,,https://www.google.com/maps/search/?api=1&query=Kost%20Kibaw&query_place_id=ChIJ5Uu1_OznaC4RXi9MsuKp_m8,Lodging,
Pondok Nursijan,4.4,35,Jl. Nursijan No.17,Bandung City,West Java,ID,https://abnb.me/9TOO7GIEcS,,Lodge,Halfway house,Holiday home,Homestay,,,,https://www.google.com/maps/search/?api=1&query=Pondok%20Nursijan&query_place_id=ChIJXcf-GSnmaC4RQYgMGtMqlrU,Lodge,
Kost ibu Ratna,5,2,Jl. Naripan Dalam Jl. Haurkuning No.37,Bandung City,West Java,ID,,,Lodging,,,,,,,https://www.google.com/maps/search/?api=1&query=Kost%20ibu%20Ratna&query_place_id=ChIJf6PYYTvnaC4R8Yl_ItMSRSE,Lodging,