Keyword,Area,Universitas Terdekat,Nama,Alamat,Rating,Telepon,Website,Link,Latitude,Longitude
kos Ciumbuleuit Bandung,Ciumbuleuit,UNPAR,Kos BJ 19 Kos dekat Unpar 3 menit jalan kaki,Jl. Bukit Jarian No.19,4.7,+62 821-1313-1183,https://www.tiktok.com/@kos.bj19,https://www.google.com/maps/search/?api=1&query=Kos%20BJ%2019%20Kos%20dekat%20Unpar%203%20menit%20jalan%20kaki&query_place_id=ChIJk6WiLPDmaC4RO-tngNPV38M,,
kos Cibiru / Panyileukan Bandung,Cibiru / Panyileukan,UIN Sunan Gunung Djati,KARYAIN Kost - Cibiru Manisi (Khusus Putri),"Jl. Sukasari No.30, RT.02/RW.10",4.8,+62 857-9400-0980,http://karyainkost.com/,https://www.google.com/maps/search/?api=1&query=KARYAIN%20Kost%20-%20Cibiru%20Manisi%20(Khusus%20Putri)&query_place_id=ChIJH6yY1D_paC4RIAl9gz8Z_YA,,
kos Sukajadi / Pasteur Bandung,Sukajadi / Pasteur,Maranatha / ITB Ganesha,Kost Putra Ibu Bambang Sukajadi,Jl. Karang Layung Dalam No.12,4.7,+62 857-7018-1984,https://mamikos.com/room/kost-kota-bandung-kost-putra-murah-kost-ibu-bambang-tipe-a-sukajadi-bandung,https://www.google.com/maps/search/?api=1&query=Kost%20Putra%20Ibu%20Bambang%20Sukajadi&query_place_id=ChIJLfjUem_naC4Rov6wgSoBdzM,,
kos murah Bandung,Bandung (Lainnya),Lainnya / Umum,Kost Putra Kiro,Jl. Waas A No.13,4.8,+62 812-1888-7742,https://mamikos.com/room/kost-bandung-kost-putra-murah-kost-kiro-waas-a-batununggal-bandung,https://www.google.com/maps/search/?api=1&query=Kost%20Putra%20Kiro&query_place_id=ChIJ8de5kkjpaC4RAhte1kK2z0c,,
kos murah Bandung,Bandung (Lainnya),Lainnya / Umum,Kosan Annisa (Khusus Putra / Laki),Jl. Kebun Binatang No.24/56 RT 03/07,4.7,+62 813-2131-0888,https://mamikos.com/room/kost-bandung-kost-putra-eksklusif-kost-annisa-coblong-bandung#/,https://www.google.com/maps/search/?api=1&query=Kosan%20Annisa%20(Khusus%20Putra%20%2F%20Laki)&query_place_id=ChIJgdSByp3naC4R82gKwKCG-oQ,,
kos Gegerkalong / Setiabudi Bandung,Gegerkalong / Setiabudi,UPI Setiabudi / POLBAN,Graha Setiabudi Bandung Kostan,"Jl. Dr. Setiabudi No.80A, RT.03/RW.04",4.8,+62 858-7188-0037,https://sites.google.com/view/grahasetiabudi/home,https://www.google.com/maps/search/?api=1&query=Graha%20Setiabudi%20Bandung%20Kostan&query_place_id=ChIJfaaPdvHnaC4RYo1ejn7sR1o,,
kos murah Bandung,Bandung (Lainnya),Lainnya / Umum,Kost D'Homey,"Puri Syailendra, Jl. Terusan Setraria 2 Komplek No.32",4.9,+62 811-8325-758,https://mamikos.com/room/kost-bandung-kost-campur-eksklusif-kost-dhomey-1-tipe-a-sukajadi-bandung-1,https://www.google.com/maps/search/?api=1&query=Kost%20D'Homey&query_place_id=ChIJpc1i6-rnaC4RbtousAOZ2q8,,
kos Ciumbuleuit Bandung,Ciumbuleuit,UNPAR,Sakura Kost Unpar,Jl. Ranca Bentang III No.126,4,+62 899-9725-872,http://sakurakostunpar.univer.se/,https://www.google.com/maps/search/?api=1&query=Sakura%20Kost%20Unpar&query_place_id=ChIJTQHZau_maC4RzJJSgQBoUMU,,
kos Sekeloa Bandung,Sekeloa,ITB Ganesha / UNPAD Dipatiukur / UNIKOM,Kos Nada Putri,Jl. Sekeloa Sel. I Gg. Loa I No.26A,4.8,+62 811-670-725,https://linktr.ee/KosNadaPutri,https://www.google.com/maps/search/?api=1&query=Kos%20Nada%20Putri&query_place_id=ChIJcRv0sdHnaC4Reih_jFzaAXQ,,
kos Ciumbuleuit Bandung,Ciumbuleuit,UNPAR,Kost Putri Wisma C149,Jl. Ciumbuleuit No.149,4.9,+62 811-8468-000,https://mamikos.com/room/kost-kota-bandung-kost-putri-eksklusif-kost-wisma-c149-cidadap-bandung,https://www.google.com/maps/search/?api=1&query=Kost%20Putri%20Wisma%20C149&query_place_id=ChIJN137JRnnaC4RaxB3cWzG8Wc,,
kos Ciumbuleuit Bandung,Ciumbuleuit,UNPAR,KOST MAHASISWA UNPAR,Jl. Menjangan Masuk Komplek PU No.5,5,+62 811-8119-595,https://mamikos.com/room/kost-bandung-kost-campur-eksklusif-kost-jalan-menjangan-cidadap-bandung-1,https://www.google.com/maps/search/?api=1&query=KOST%20MAHASISWA%20UNPAR&query_place_id=ChIJXW76zprnaC4RopI1Q3UU-sw,,
kost dekat ITB Ganesha,Bandung (Lainnya),ITB Ganesha,ITB Career Center,GKU Timur ITB Jl. Ganesha No.10 Building Ground Floor,4.1,+62 22 2509162,https://karir.itb.ac.id/,https://www.google.com/maps/search/?api=1&query=ITB%20Career%20Center&query_place_id=ChIJwV1bplDmaC4RfObKU7PQVto,,
kos murah Bandung,Bandung (Lainnya),Lainnya / Umum,Kostan Pak Anto,Jl. Sirnamanah Gg. Aki Nari No.2/181,4.4,+62 815-6395-3220,https://mamikos.com/room/kost-kota-bandung-kost-campur-eksklusif-kost-pak-anto-tipe-a-sukajadi-bandung,https://www.google.com/maps/search/?api=1&query=Kostan%20Pak%20Anto&query_place_id=ChIJn_REo73naC4RWP8Azh0Pwz4,,
kos Dago / Dipatiukur Bandung,Dago / Dipatiukur,ITB Ganesha / UNPAD Dipatiukur / UNIKOM,Kost Waluya Coblong Bandung,Jl. Gagak No.70,4.8,+62 812-2075-855,https://mamikos.com/room/kost-bandung-kost-putra-murah-kost-waluya-coblong-bandung,https://www.google.com/maps/search/?api=1&query=Kost%20Waluya%20Coblong%20Bandung&query_place_id=ChIJaTTQqo3naC4R7PRdGvk1jY0,,
kos murah Bandung,Bandung (Lainnya),Lainnya / Umum,Kost Alpha Cibeunying Kaler,Jl. Cibeunying Hegar IV No.8,4.3,+62 822-1523-6665,https://mamikos.com/room/kost-kota-bandung-kost-putra-murah-kost-alfa1-cibeunying-kaler-bandung#/,https://www.google.com/maps/search/?api=1&query=Kost%20Alpha%20Cibeunying%20Kaler&query_place_id=ChIJ_6w6KkPnaC4RpVL9vuakFag,,
kos Ciumbuleuit Bandung,Ciumbuleuit,UNPAR,Kost Raben 5A Dekat Universitas Parahyangan UNPAR ( KOST PUTRI ),"Depan obc futsal, Jl. Rancabentang I No.5a",5,+62 899-0736-339,https://msha.ke/kostan.raben5a,https://www.google.com/maps/search/?api=1&query=Kost%20Raben%205A%20Dekat%20Universitas%20Parahyangan%20UNPAR%20(%20KOST%20PUTRI%20)&query_place_id=ChIJJ5aoq37naC4Rf3JDb7op0jc,,
kos Sekeloa Bandung,Sekeloa,ITB Ganesha / UNPAD Dipatiukur / UNIKOM,Kost Kappa House Sekeloa,"Jl. Kubang Utara I No.33B/153A, RT.2/RW.07",4.6,+62 822-1523-6665,https://mamikos.com/room/kost-kota-bandung-kost-campur-eksklusif-kost-kappa-tipe-standart-coblong-bandung,https://www.google.com/maps/search/?api=1&query=Kost%20Kappa%20House%20Sekeloa&query_place_id=ChIJgRfaBi_naC4RxWUojbyUbcQ,,
kos murah Bandung,Bandung (Lainnya),Lainnya / Umum,Kost Bu Nia,Jl. Ranca Bentang II No.1,5,+62 821-1695-9928,https://mamikos.com/room/kost-kota-bandung-kost-campur-murah-kost-bu-nia-cidadap-bandung-2,https://www.google.com/maps/search/?api=1&query=Kost%20Bu%20Nia&query_place_id=ChIJJxE9t4rnaC4RWXfU8P538Ts,,
kos murah Bandung,Bandung (Lainnya),Lainnya / Umum,Kos Campur 700rb Kost Aesthetic,Jl. Pikitdro I No.26,4.9,+62 895-6292-51699,https://www.instagram.com/aestheticbudgetproperty?igsh=MTJvc3p6MW5jNGY5eA==,https://www.google.com/maps/search/?api=1&query=Kos%20Campur%20700rb%20Kost%20Aesthetic&query_place_id=ChIJr0vrPQDnaC4RK4AAQEojs34,,
kos Tubagus Ismail Bandung,Tubagus Ismail,ITB Ganesha / UNPAD Dipatiukur / UNIKOM,Cool Kost Bandung Murah,Jl. Tubagus Ismail VIII Atas No.38,4.4,+62 822-6149-1981,https://kostbandungmurah.com/,https://www.google.com/maps/search/?api=1&query=Cool%20Kost%20Bandung%20Murah&query_place_id=ChIJ7Y_rXSTnaC4RTEv04ptD8Mo,,
kos murah Bandung,Bandung (Lainnya),Lainnya / Umum,Mamikost Kost Pak Nizar,Jl. Kaum No.145,5,+62 813-1368-7650,https://mamikos.com/room/kost-bandung-kost-campur-murah-kost-pak-nizar-kiaracondong-bandung,https://www.google.com/maps/search/?api=1&query=Mamikost%20Kost%20Pak%20Nizar&query_place_id=ChIJydLuJtjnaC4Rj4qGUQFXGzM,,
kos murah Bandung,Bandung (Lainnya),Lainnya / Umum,Kost Putri Pondok Assyifa 2,Jl. Kebun Binatang No.29,5,+62 818-201-721,https://mamikos.com/room/kost-kost-putri-eksklusif-kost-pondok-assyifa-2-tamansari-1,https://www.google.com/maps/search/?api=1&query=Kost%20Putri%20Pondok%20Assyifa%202&query_place_id=ChIJ2zDGpMTnaC4RBLCo_CnRZ1Y,,
kos murah Bandung,Bandung (Lainnya),Lainnya / Umum,Rumah Kost Kelinci,Jl. Kelinci No.11,4.2,+62 877-2208-0869,http://rumahkostkelinci.blogspot.com/,https://www.google.com/maps/search/?api=1&query=Rumah%20Kost%20Kelinci&query_place_id=ChIJ4RuzO8T1aS4R8fUArripD_w,,
kos murah Bandung,Bandung (Lainnya),Lainnya / Umum,Kost An-Nisa (khusus putri),"Gg. Tilil I No.251/144c, RT.004/RW.001",5,+62 822-1411-9419,https://mamikos.com/room/kost-kota-bandung-kost-putri-murah-kost-annisa-kost-cibeunying-kaler-bandung-1#/,https://www.google.com/maps/search/?api=1&query=Kost%20An-Nisa%20(khusus%20putri)&query_place_id=ChIJD7wczMHnaC4R5Ctd45Q14ig,,
kos Antapani Bandung,Antapani,Lainnya / Umum,Rumah Kita Kost,"bekas asrama dharma husada, jl.antapani lama no.50, sebelah smpn No.49 Kel",4.5,+62 878-2186-2692,https://goo.gl/maps/acY2TTkzgWq,https://www.google.com/maps/search/?api=1&query=Rumah%20Kita%20Kost&query_place_id=ChIJ4YaFnPLnaC4R8-ePmnLhcHw,,
kos murah Bandung,Bandung (Lainnya),Lainnya / Umum,Kost Mamih iis (Kost Khusus Putri),Jl. Babakan Sari Gg. Temon No.22/135A,5,+62 822-4594-6258,https://mamikos.com/room/kost-kota-bandung-kost-campur-eksklusif-kost-mamih-iis-kiaracondong-bandung,https://www.google.com/maps/search/?api=1&query=Kost%20Mamih%20iis%20(Kost%20Khusus%20Putri)&query_place_id=ChIJZR5PQ9_naC4RnHjQLofwFfY,,
kos murah Bandung,Bandung (Lainnya),Lainnya / Umum,Graha Puralima,Jl. Purawinata No.5,4.5,+62 22 4238976,https://mamikos.com/room/kost-bandung-kost-campur-eksklusif-kost-graha-puralima-lengkong-bandung,https://www.google.com/maps/search/?api=1&query=Graha%20Puralima&query_place_id=ChIJhec42ijmaC4RXIMhcakAu7c,,
kos murah Bandung,Bandung (Lainnya),Lainnya / Umum,Kosan Bu Cucu,"Jl. Kaum Kidul, RT. 04/01 . No 27A",4,+62 815-7378-0097,https://mamikos.com/room/kost-kota-bandung-kost-campur-murah-kost-ibu-cucu-sukamulya-cinambo-bandung,https://www.google.com/maps/search/?api=1&query=Kosan%20Bu%20Cucu&query_place_id=ChIJkZdbIl7daC4R0J28nZ7cCZ0,,
kos Cibiru / Panyileukan Bandung,Cibiru / Panyileukan,UIN Sunan Gunung Djati,Kost Putri Zahra UIN Bandung,Jl. Desa Cipadung No.104,4.9,+62 857-7751-72788,https://mamikos.com/room/kost-kota-bandung-kost-putri-murah-kost-zahra-cibiru-bandung#/,https://www.google.com/maps/search/?api=1&query=Kost%20Putri%20Zahra%20UIN%20Bandung&query_place_id=ChIJCfISMT3DaC4RDkWtZ6cHSbE,,
kos murah Bandung,Bandung (Lainnya),Lainnya / Umum,Kost Hidayah,Jl. Sakola II,4.5,+62 877-0065-0152,https://mamikos.com/room/kost-kota-bandung-kost-campur-murah-kost-hidayah-panyileukan-bandung-1,https://www.google.com/maps/search/?api=1&query=Kost%20Hidayah&query_place_id=ChIJr-mgNFvDaC4RL12TRY3cFEY,,
kos Cibiru / Panyileukan Bandung,Cibiru / Panyileukan,UIN Sunan Gunung Djati,Kos Kamila Panyileukan,Komp. Bumi Panyileukan No.e12 No 9,5,+62 878-2407-5689,http://instagram.com/houseofshina,https://www.google.com/maps/search/?api=1&query=Kos%20Kamila%20Panyileukan&query_place_id=ChIJLcG-iunDaC4Ri4W2od8JJVE,,
kos Cibiru / Panyileukan Bandung,Cibiru / Panyileukan,UIN Sunan Gunung Djati,Kost Putri G-Homes Panyileukan,Bumi Panyileukan Blok Kav. IV RT 03/12,4.8,+62 877-2246-8680,https://mamikos.com/room/kost-kota-bandung-kost-putri-murah-kost-g-homes-panyileukan-bandung#/,https://www.google.com/maps/search/?api=1&query=Kost%20Putri%20G-Homes%20Panyileukan&query_place_id=ChIJu1X0p07DaC4RwdyRP8tC1AQ,,
kos Buah Batu Bandung,Buah Batu,Telkom University / ISBI,Kost Orchid Buah Batu Bandung,Jl. Kencana Wangi I No.16,4.7,+62 896-1076-8228,http://www.instagram.com/kost_orchidbuahbatubandung,https://www.google.com/maps/search/?api=1&query=Kost%20Orchid%20Buah%20Batu%20Bandung&query_place_id=ChIJBT4Rg_3paC4RJMbFM0FHQDI,,
kos Dago / Dipatiukur Bandung,Dago / Dipatiukur,ITB Ganesha,Rumah kost dekat ITB 2.1/1.8 jt. bayar 6 bulan sekaligus dapat diskon,Jl. Dagopojok No.19,4.3,+62 811-9440-583,http://thecastilla.weebly.com/,https://www.google.com/maps/search/?api=1&query=Rumah%20kost%20dekat%20ITB%202.1%2F1.8%20jt.%20bayar%206%20bulan%20sekaligus%20dapat%20diskon&query_place_id=ChIJuX6-pePmaC4RP-Rb84yS3o4,,
kos murah Bandung,Bandung (Lainnya),Lainnya / Umum,KOSAN 22-24 khusus Putra,"Jl. Sukarajin II No.22-24, RT.001/RW.12",4.9,+62 896-6806-7938,https://mamikos.com/room/kost-bandung-kost-putra-murah-kost-pondok-abdul-aziz-tipe-a-cibeunying-kidul-bandung-1,https://www.google.com/maps/search/?api=1&query=KOSAN%2022-24%20khusus%20Putra&query_place_id=ChIJYddWUM_naC4RtbXhjEg5xYw,,
kos Sukajadi / Pasteur Bandung,Sukajadi / Pasteur,Maranatha / ITB Ganesha,Kost Bu Eka,"No.42 B, Jl. Babakan Jeruk 1 No.42B",4.9,+62 895-4013-45070,https://www.99.co/id/properti/kost-disewa-1jt-sukajadi-1007956432?utm_source=copy-link&utm_medium=social&utm_campaign=ldp,https://www.google.com/maps/search/?api=1&query=Kost%20Bu%20Eka&query_place_id=ChIJgQDBsZvnaC4ROdkFi33AIPs,,
kos murah Bandung,Bandung (Lainnya),Lainnya / Umum,Kosan Barokah 32 ( Tidak meminta DP transferan) - Astanaanyar - Otista,Gg. Adikacih II No.32,4.9,+62 821-2535-5660,https://m.facebook.com/Kostan-Barokah-32-Siti-Munigar-Astanaanyar-Otista-102816938900193/,https://www.google.com/maps/search/?api=1&query=Kosan%20Barokah%2032%20(%20Tidak%20meminta%20DP%20transferan)%20-%20Astanaanyar%20-%20Otista&query_place_id=ChIJQS1ueU_paC4R_uw1WySKzhw,,
kos Bandung Selatan / Timur Bandung,Bandung Selatan / Timur,Lainnya / Umum,Kost Vanda,Jl. Raya Kopo Jl. Pakasih No.3C,4.8,+62 852-9511-0002,https://mamikos.com/room/kost-kota-bandung-kost-campur-murah-kost-vanda-bojongloa-kidul-bandung,https://www.google.com/maps/search/?api=1&query=Kost%20Vanda&query_place_id=ChIJXzGUbh_paC4RuffrCHVM-8A,,
kos Tubagus Ismail Bandung,Tubagus Ismail,ITB Ganesha / UNPAD Dipatiukur / UNIKOM,Kost Sigma 19A,Jl. Tubagus Ismail Dalam No.19a,4.5,+62 822-1523-6666,https://mamikos.com/room/kost-kota-bandung-kost-putra-eksklusif-kost-sigma-tubagus-ismail-dago-coblong-bandung-rmz,https://www.google.com/maps/search/?api=1&query=Kost%20Sigma%2019A&query_place_id=ChIJYRtF693naC4RTwrkAxJDkoA,,
kos murah Bandung,Bandung (Lainnya),Lainnya / Umum,Kost by Q,"2JQQ+WQH, Gg. Kujang VII",4.5,+62 858-7107-0080,https://mamikos.com/room/kost-bandung-kost-campur-murah-kost-by-q-bandung-kidul,https://www.google.com/maps/search/?api=1&query=Kost%20by%20Q&query_place_id=ChIJeZ7_DjHpaC4RSkH3go814c8,,
kos Sukajadi / Pasteur Bandung,Sukajadi / Pasteur,Maranatha / ITB Ganesha,Kost Ibu Yadi Gojali Tipe B Sukajadi Bandung,Jl. Sukagalih Gg Hj Gojali No.215 RT 05,5,+62 815-4315-6708,https://kostibuyadi.web.app/,https://www.google.com/maps/search/?api=1&query=Kost%20Ibu%20Yadi%20Gojali%20Tipe%20B%20Sukajadi%20Bandung&query_place_id=ChIJ440v5crnaC4RCod2us0z7Vk,,
kos murah Bandung,Bandung (Lainnya),Lainnya / Umum,KOST ZIEP PUTRA REGOL KOTA BANDUNG,Jl. Moch. Ramdan Gg. Ancol Kawung No.49,5,+62 881-0235-19303,https://www.instagram.com/kost_ziep?igsh=MXJsZXh6eW1idDVwMA==&utm_source=qr.%20https://www.tiktok.com/@kost.pria.khusus.pekerja?_r=1&_t=ZS-94ydNvN59dJ,https://www.google.com/maps/search/?api=1&query=KOST%20ZIEP%20PUTRA%20REGOL%20KOTA%20BANDUNG&query_place_id=ChIJMSb9BrnpaC4RjcVjBdHAEYM,,
kos murah Bandung,Bandung (Lainnya),Lainnya / Umum,Kost Putra Batununggal Bandung,Jl. Parakan Waas V No.1,4.9,+62 812-1178-6700,https://www.instagram.com/kost.putra_batununggal,https://www.google.com/maps/search/?api=1&query=Kost%20Putra%20Batununggal%20Bandung&query_place_id=ChIJ_XKXgUTpaC4RZ-6IFWH8ufk,,
kos murah Bandung,Bandung (Lainnya),Lainnya / Umum,Kost Cemara 455,"Jl. Cemara No.455/181, RT.02/RW.03",4.6,+62 819-1037-1955,https://mamikos.com/room/kost-bandung-kost-campur-murah-kost-keluarga-cemara-sukajadi-bandung#/,https://www.google.com/maps/search/?api=1&query=Kost%20Cemara%20455&query_place_id=ChIJqWmYegjnaC4RQFCw5voh-tc,,
kos murah Bandung,Bandung (Lainnya),Lainnya / Umum,Kost Putri Pondok Kabumi,"3P45+XF8, Jl. Anyelir 1",4.7,+62 819-0500-0156,http://wa.me/6285966295444,https://www.google.com/maps/search/?api=1&query=Kost%20Putri%20Pondok%20Kabumi&query_place_id=ChIJ3xymtd3CaC4RCnRUCDd5wg0,,
kos murah Bandung,Bandung (Lainnya),Lainnya / Umum,BBG Guesthouse - Kost Eksklusif Harian-Mingguan-Bulanan,Jl. Suryalaya No.31,4.3,+62 812-2001-2820,https://www.instagram.com/guesthousebbg/,https://www.google.com/maps/search/?api=1&query=BBG%20Guesthouse%20-%20Kost%20Eksklusif%20Harian-Mingguan-Bulanan&query_place_id=ChIJ59GXi2HoaC4Rc37jQuF-KCM,,
kos murah Bandung,Bandung (Lainnya),Lainnya / Umum,Kost Ibu Deri,"Jl. Purbaendah Kelurahan No.C45, RT.004/RW.009",4.8,+62 838-7188-9345,https://mamikos.com/room/kost-kota-bandung-kost-campur-eksklusif-kost-ibu-deri-tipe-a-arcamanik-bandung,https://www.google.com/maps/search/?api=1&query=Kost%20Ibu%20Deri&query_place_id=ChIJ7Z0hZ4LDaC4RNO_EnQxH_u0,,
kos murah Bandung,Bandung (Lainnya),Lainnya / Umum,KOOL KOST Syariah near Langlangbuana University,Jl. Penyu No.6,4.3,+62 21 80629666,https://www.reddoorz.com/id-id/hotel/indonesia/bandung/turangga/buah-batu/kool-kost-syariah-near-langlangbuana-university?utm_campaign=webclick&utm_medium=mybusiness&utm_source=google,https://www.google.com/maps/search/?api=1&query=KOOL%20KOST%20Syariah%20near%20Langlangbuana%20University&query_place_id=ChIJN_wUHPXpaC4RXi238JRwH6w,,
kos Dago / Dipatiukur Bandung,Dago / Dipatiukur,ITB Ganesha / UNPAD Dipatiukur / UNIKOM,Kost Harian & Bulanan Putri Bandung,Jl. Bagusrangin No.17B,4.3,+62 838-9550-7057,http://kostbara17b.blogspot.co.id/,https://www.google.com/maps/search/?api=1&query=Kost%20Harian%20%26%20Bulanan%20Putri%20Bandung&query_place_id=ChIJDyuUclLmaC4Ri6BnvLNubBo,,
kos Bandung Selatan / Timur Bandung,Bandung Selatan / Timur,Lainnya / Umum,KOST ENAM DELAPAN,Kompleks Margahayu Raya Barat Blok S2 No. 68,5,+62 812-2148-0442,https://www.instagram.com/kost.enamdelapan?igsh=MWJzaHNoZXcyZnQ3Mg==,https://www.google.com/maps/search/?api=1&query=KOST%20ENAM%20DELAPAN&query_place_id=ChIJswPEcd3paC4RZR2Nc2v-v-k,,
kos murah Bandung,Bandung (Lainnya),Lainnya / Umum,TS KOST PUTRI,3P55+63R,2.3,+62 821-1648-8259,https://www.instagram.com/reel/Con3UyyDgbz/?igshid=YmMyMTA2M2Y=,https://www.google.com/maps/search/?api=1&query=TS%20KOST%20PUTRI&query_place_id=ChIJLf9VpQ3DaC4R7Do1XhYI4bA,,
kos murah Bandung,Bandung (Lainnya),Lainnya / Umum,Kost Teratai 7,"Jl. Teratai VII No.11, RT.04/RW.12",4.7,+62 852-2029-9269,https://mamikos.com/room/kost-kota-bandung-kost-putri-murah-kost-putri-teratai7-panyileukan-bandung,https://www.google.com/maps/search/?api=1&query=Kost%20Teratai%207&query_place_id=ChIJXdy06N3CaC4R_CoNibVwtR8,,
kos murah Bandung,Bandung (Lainnya),Lainnya / Umum,KOST RATU EXECUTIVE,Jl. Bulutangkis No.20,5,+62 857-1679-0967,https://www.instagram.com/kostbandung.ratukostexecutive?igsh=anVwaWU4bzlhNGtp,https://www.google.com/maps/search/?api=1&query=KOST%20RATU%20EXECUTIVE&query_place_id=ChIJ0TmOSsndaC4RJQX0Phr43xQ,,
kos Tamansari Bandung,Tamansari,ITB Ganesha / UNPAD Dipatiukur / UNIKOM,Kost Farros tamansari mulai 700rb | tengah Bandung | Khusus Putra | Type A,Jl. Tamansari Gg. Pancaniti No.7,4.4,+62 821-2698-3976,https://kostamansaribandung.blogspot.com/,https://www.google.com/maps/search/?api=1&query=Kost%20Farros%20tamansari%20mulai%20700rb%20%7C%20tengah%20Bandung%20%7C%20Khusus%20Putra%20%7C%20Type%20A&query_place_id=ChIJZwktpEXmaC4RZtOqJ0yRlec,,
kos Antapani Bandung,Antapani,Lainnya / Umum,Kost Ibu Tobing Antapani,Jl. Banjarsari Raya No.2,5,+62 812-1420-5658,https://mamikos.com/room/kost-kota-bandung-kost-campur-murah-kost-ase-maria-antapani-bandung,https://www.google.com/maps/search/?api=1&query=Kost%20Ibu%20Tobing%20Antapani&query_place_id=ChIJ-bmtoCfnaC4R9f2DZss7T8g,,
kos murah Bandung,Bandung (Lainnya),Lainnya / Umum,KOS ALMI PUTRI,"Gudang Sikat Gg. Mama Darma W, Jalan, RT.04/RW.02",5,+62 822-3417-4920,https://mamikos.com/room/kost-kota-bandung-kost-putri-murah-kost-almi-blok-c-cibiru-bandung-2,https://www.google.com/maps/search/?api=1&query=KOS%20ALMI%20PUTRI&query_place_id=ChIJB8WSFQDdaC4R-5cGYMYOx-A,,
kos Cisitu Bandung,Cisitu,ITB Ganesha / UNPAD Dipatiukur / UNIKOM,Ayahome Kost Putri No.74,"Cisitu Indah, Dalam V No.74",4.4,+62 22 2508183,https://www.sewakost.com/jabar/bandung/ayahome-kost-putri-dekat-itb-unpad-ithb-unikom-unisba-bip-3932.html,https://www.google.com/maps/search/?api=1&query=Ayahome%20Kost%20Putri%20No.74&query_place_id=ChIJRWRJcQHnaC4RMnB2N3Q_Mec,,
kos murah Bandung,Bandung (Lainnya),Lainnya / Umum,Kos Putri Imah Incu,Jl. Kalijati 19 No.6,5,+62 821-1894-4433,https://s.id/KosImahIncu_Bandung,https://www.google.com/maps/search/?api=1&query=Kos%20Putri%20Imah%20Incu&query_place_id=ChIJd4g6mn7naC4RbZ4pEWREiC8,,
kos murah Bandung,Bandung (Lainnya),Lainnya / Umum,NEW MADAM KOST BANDUNG khusus mahasiswa/ i,Jl. Moch. Yunus No.16,5,+62 823-1674-1124,https://mamikos.com/room/kost-kota-bandung-kost-campur-eksklusif-kost-madam-lenny-standart-cicendo-bandung-2,https://www.google.com/maps/search/?api=1&query=NEW%20MADAM%20KOST%20BANDUNG%20khusus%20mahasiswa%2F%20i&query_place_id=ChIJfbt3DMHnaC4RxlYVtjXEAwE,,
kos Cibiru / Panyileukan Bandung,Cibiru / Panyileukan,UIN Sunan Gunung Djati,Kost Putra Hani,"Dekat, Jl. Raya Cibiru No.11",5,+62 831-1591-1810,https://www.instagram.com/kost_putra_hani?igsh=MTFmaXh4ZWp4bmplbA%3D%3D&utm_source=qr,https://www.google.com/maps/search/?api=1&query=Kost%20Putra%20Hani&query_place_id=ChIJv_qprlDDaC4R44ixlYPWVDA,,
kos murah Bandung,Bandung (Lainnya),Lainnya / Umum,kosan khusus putri,"Samping TK Al Manar, Denibim, Jl. AH. Nasution kp gudang sikat No.22 rt03, RW.02",5,+62 852-8070-1677,https://posts.gle/FVPSLW1VJyJ3CsJp7,https://www.google.com/maps/search/?api=1&query=kosan%20khusus%20putri&query_place_id=ChIJ1yvFzCXDaC4RH5FkkCgbU3g,,
kos murah Bandung,Bandung (Lainnya),Lainnya / Umum,Kost Pak Edwin,Jl. Ibrahim Adjie Blkg No.438,5,+62 858-6742-0898,https://mamikos.com/room/kost-kota-bandung-kost-putra-murah-kost-pak-edwin-batununggal-bandung-2,https://www.google.com/maps/search/?api=1&query=Kost%20Pak%20Edwin&query_place_id=ChIJKdGXj0PpaC4RaUUlnQSE4cs,,
kos murah Bandung,Bandung (Lainnya),Lainnya / Umum,Nushafa Kost Putri,Jl. Parakan Indah Raya No.16,4.5,+62 812-8124-9489,https://nushafa.royalweb.my.id/,https://www.google.com/maps/search/?api=1&query=Nushafa%20Kost%20Putri&query_place_id=ChIJCUD2-4jpaC4R4Y4KwogTrVk,,
kos Bandung Selatan / Timur Bandung,Bandung Selatan / Timur,Lainnya / Umum,Kost Putri Airis,Jl. Riung Mungpulung 2 No.11,4.1,+62 811-235-601,https://mamikos.com/room/kost-bandung-kost-putri-murah-kost-airis-riung-bandung-gedebage-bandung/preview#/,https://www.google.com/maps/search/?api=1&query=Kost%20Putri%20Airis&query_place_id=ChIJXwnwQ0LDaC4ReXeX2AwDA8Y,,
kos murah Bandung,Bandung (Lainnya),Lainnya / Umum,Pamoyanan XV Residence,Jl. Pamoyanan no. 15 Astina Pajajaran,4.7,+62 811-978-625,http://wa.me/62811978625,https://www.google.com/maps/search/?api=1&query=Pamoyanan%20XV%20Residence&query_place_id=ChIJrbZnNmrmaC4R4FGVbYjWdqE,,
kos Bandung Selatan / Timur Bandung,Bandung Selatan / Timur,Lainnya / Umum,KOST MU 83 [Kost PUTRI],"Komp. Margahayu Raya, Jl. Merkuri Utara VIII No.3",5,+62 812-2366-1027,http://instagram.com/kostmu83bandung,https://www.google.com/maps/search/?api=1&query=KOST%20MU%2083%20%5BKost%20PUTRI%5D&query_place_id=ChIJZS1YIX7paC4RiaD6h4k7IzA,,
kos Bandung Tengah Bandung,Bandung Tengah,Lainnya / Umum,Kost kos Putri murah bandung jabar,Jl. Wartawan 3 No.14,4.6,+62 823-1972-0099,http://www.tempat-kost.com/,https://www.google.com/maps/search/?api=1&query=Kost%20kos%20Putri%20murah%20bandung%20jabar&query_place_id=ChIJ1ZOQKzHpaC4RDKi_sywcsyU,,
kos Sekeloa Bandung,Sekeloa,ITB Ganesha / UNPAD Dipatiukur / UNIKOM,Uma Kost Griya Billa Sekeloa Bandung,Jl. Sadang Tengah I No.24,5,+62 811-9008-7829,https://www.rukita.co/place/uma-kost-griya-billa-sekeloa-bandung?utm_source=referral&utm_medium=GMB&utm_campaign=property&utm_content=uma-kost-griya-billa-sekeloa-bandung,https://www.google.com/maps/search/?api=1&query=Uma%20Kost%20Griya%20Billa%20Sekeloa%20Bandung&query_place_id=ChIJf0hnI_HnaC4RZYThqcipod4,,
kos Bandung Tengah Bandung,Bandung Tengah,Lainnya / Umum,Kost Tamsis 32 Gatot Subroto Bandung,Jl. Taman Siswa No.32,5,+62 811-9008-7829,https://www.rukita.co/place/ruoptions-tamsis-32-gatot-subroto-bandung?utm_source=referral&utm_medium=GMB&utm_campaign=property&utm_content=ruoptions-tamsis-32-gatot-subroto-bandung,https://www.google.com/maps/search/?api=1&query=Kost%20Tamsis%2032%20Gatot%20Subroto%20Bandung&query_place_id=ChIJo_Ul_hDpaC4RkktiOXkpw00,,
kos murah Bandung,Bandung (Lainnya),Lainnya / Umum,Kost Putri Athasa,Saturnus regency No.6B 1/2,4.6,+62 812-8026-2113,https://mamikos.com/room/kost-bandung-kost-putri-murah-kost-putri-saturnus-tipe-b-rancasari-bandung-1#/,https://www.google.com/maps/search/?api=1&query=Kost%20Putri%20Athasa&query_place_id=ChIJa4kgDIzpaC4ReLB_rmq5cBg,,
kos murah Bandung,Bandung (Lainnya),Lainnya / Umum,Kost T&W,Jl. Panca Tengah Raya No.6,4.8,+62 878-2507-2107,https://mamikos.com/room/kost-bandung-kost-campur-eksklusif-kost-tw-cisaranten-arcamanik-bandung#/,https://www.google.com/maps/search/?api=1&query=Kost%20T%26W&query_place_id=ChIJ43NCGr_DaC4RmPk_R3lrAKU,,
kos murah Bandung,Bandung (Lainnya),Lainnya / Umum,Kost Ibu Lilis,Jl. Pamager sari No.5,4.4,+62 838-2911-4855,https://mamikos.com/room/kost-bandung-kost-campur-murah-kost-ibu-lilis-pamagersari-regol-bandung-,https://www.google.com/maps/search/?api=1&query=Kost%20Ibu%20Lilis&query_place_id=ChIJKRs2uu7paC4RCC378HunLng,,
kos murah Bandung,Bandung (Lainnya),Lainnya / Umum,ciskul 410 kost putri,Jl. Cisaranten Kulon IV No.10,4.8,+62 811-209-910,https://mamikos.com/room/kost-bandung-kost-putri-murah-kost-ciskul410-arcamanik-bandung-3,https://www.google.com/maps/search/?api=1&query=ciskul%20410%20kost%20putri&query_place_id=ChIJywxtkw7DaC4Rbce1iDqZL1I,,
kos murah Bandung,Bandung (Lainnya),Lainnya / Umum,Teras One,"Jl. Moch. Toha Jl. Ciburuy No.30/31, RT.2/RW.06",4.5,+62 822-9516-5953,https://mamikos.com/room/kost-kota-bandung-kost-campur-eksklusif-kost-teras-one-regol-bandung-3,https://www.google.com/maps/search/?api=1&query=Teras%20One&query_place_id=ChIJwXy9L37paC4RiiSQMx6Oc3M,,
kos Antapani Bandung,Antapani,Lainnya / Umum,KOSAN PUTRI 32,Jl. Purwakarta III No.32,4.9,+62 822-1906-4722,https://api.whatsapp.com/send?phone=6282219064722,https://www.google.com/maps/search/?api=1&query=KOSAN%20PUTRI%2032&query_place_id=ChIJk6OMCZ3naC4RGmkXdbTrU1o,,
kos murah Bandung,Bandung (Lainnya),Lainnya / Umum,Kosan Putri Cempaka,Jl. Raya Cipadung No.318,4.5,+62 813-8395-1716,,https://www.google.com/maps/search/?api=1&query=Kosan%20Putri%20Cempaka&query_place_id=ChIJG8UT2tfCaC4RnQL4ffhyht4,,
kos murah Bandung,Bandung (Lainnya),Lainnya / Umum,Kosan Humanisa (KOST PUTRI),Jl. Flamboyan No.3A,4.9,+62 821-2126-0009,,https://www.google.com/maps/search/?api=1&query=Kosan%20Humanisa%20(KOST%20PUTRI)&query_place_id=ChIJR4CzZqbDaC4RmN8YzMj6Xis,,
kos Cibiru / Panyileukan Bandung,Cibiru / Panyileukan,UIN Sunan Gunung Djati,Elfita Kost Putri,Jl. Pertamina blok i no.3. Komplek Patra Asri. Cipadung Wetan Cipadung Wetan Panyileukan Cipadung Wetan Panyileukan Bandung Jawa Barat 40164 ID,4.4,+62 812-2010-2373,,https://www.google.com/maps/search/?api=1&query=Elfita%20Kost%20Putri&query_place_id=ChIJMSBMhtfCaC4RAG6Dj2Lmdpg,,
kos murah Bandung,Bandung (Lainnya),Lainnya / Umum,Kost Putri Fazima 1,"Jl. Buana No.3 RT01, RW.01",4.9,+62 852-6416-6760,,https://www.google.com/maps/search/?api=1&query=Kost%20Putri%20Fazima%201&query_place_id=ChIJCRT_RC3DaC4ROKBU5kuL14c,,
kos murah Bandung,Bandung (Lainnya),Lainnya / Umum,Kost Putri Ibu Heni,"Jl. Raya Cimindi Gang Bapak Ohe No.66, RT.4/RW.5",4.4,+62 852-1860-017,,https://www.google.com/maps/search/?api=1&query=Kost%20Putri%20Ibu%20Heni&query_place_id=ChIJ7_0ApOnlaC4RX1sE1aNGE0M,,
kos murah Bandung,Bandung (Lainnya),Lainnya / Umum,Kosan 16,3PGC+3J8,4.9,+62 812-2093-1516,,https://www.google.com/maps/search/?api=1&query=Kosan%2016&query_place_id=ChIJL0pwWyvDaC4RFFLHyRQLWl8,,
kos murah Bandung,Bandung (Lainnya),Lainnya / Umum,Kosan Citra KDI,"3PG9+FQ5, Jl. Desa Cipadung No.27",4.2,+62 813-1322-0872,,https://www.google.com/maps/search/?api=1&query=Kosan%20Citra%20KDI&query_place_id=ChIJ-_BnYNTcaC4RQ7nYvtA5_Ao,,
kos murah Bandung,Bandung (Lainnya),Lainnya / Umum,Kos Putri Hj Minny,Jl. Bina Asih IV No.8,5,+62 813-1122-5733,,https://www.google.com/maps/search/?api=1&query=Kos%20Putri%20Hj%20Minny&query_place_id=ChIJm7WeJgDDaC4RdAXoNeoPoL0,,
kos Cibiru / Panyileukan Bandung,Cibiru / Panyileukan,UIN Sunan Gunung Djati,Kosan Kost Putri Ibu Rina Melia 11,Komp. Bumi Panyileukan No.4 Blk C5,4,+62 813-9482-8392,,https://www.google.com/maps/search/?api=1&query=Kosan%20Kost%20Putri%20Ibu%20Rina%20Melia%2011&query_place_id=ChIJ5StWYcHDaC4RnjxG2YwdwcY,,
kos murah Bandung,Bandung (Lainnya),Lainnya / Umum,Kost Putri Kharisma,Jl. Patra Asri Timur 4 No.L 24 blok L 23,5,+62 821-2075-7891,,https://www.google.com/maps/search/?api=1&query=Kost%20Putri%20Kharisma&query_place_id=ChIJD7OS2gjnaC4RkOodQ9SNTPc,,
kos murah Bandung,Bandung (Lainnya),Lainnya / Umum,Saylendra's Homestay (Kos Putri),Jl. Trs Pesantren VII No.95 Blok I,4.1,+62 813-2116-1711,,https://www.google.com/maps/search/?api=1&query=Saylendra's%20Homestay%20(Kos%20Putri)&query_place_id=ChIJ2_cB2kTdaC4RIEX7-1pva74,,
kos Cibiru / Panyileukan Bandung,Cibiru / Panyileukan,UIN Sunan Gunung Djati,Pondok Kost Talita,"blok c 22 no, Komp. Bumi Panyileukan kel No.17, RT.03/RW.03",4.3,+62 878-2199-9561,,https://www.google.com/maps/search/?api=1&query=Pondok%20Kost%20Talita&query_place_id=ChIJK7QQz1fDaC4RsQxiZDW1pkg,,
kos murah Bandung,Bandung (Lainnya),Lainnya / Umum,Kos Ibu Oom,Jl. Cidurian Selatan No.10,5,+62 852-0419-2888,,https://www.google.com/maps/search/?api=1&query=Kos%20Ibu%20Oom&query_place_id=ChIJy3NmO93paC4RKF076Cm4SrM,,
kos murah Bandung,Bandung (Lainnya),Lainnya / Umum,KOST KALIJATI 32,Jl. Kalijati 6 No.32,4.7,+62 878-7240-9988,,https://www.google.com/maps/search/?api=1&query=KOST%20KALIJATI%2032&query_place_id=ChIJ5QmveADnaC4R5F7JFJoq_eY,,
kos murah Bandung,Bandung (Lainnya),Lainnya / Umum,Kost Muslimah 2,Jl. Mars Sel. X No.4A,4.9,+62 812-9708-8763,,https://www.google.com/maps/search/?api=1&query=Kost%20Muslimah%202&query_place_id=ChIJAbGArX7paC4RzcFk7HAyW7A,,
kos Ciumbuleuit Bandung,Ciumbuleuit,UNPAR,Margha Kost Putri UNPAR,Jl. Bukit Resik No.2,4.7,+62 811-2220-228,,https://www.google.com/maps/search/?api=1&query=Margha%20Kost%20Putri%20UNPAR&query_place_id=ChIJB-3CqZ7naC4Rb6TI4pT1lac,,
kos murah Bandung,Bandung (Lainnya),Lainnya / Umum,Kost Putri Hasna,Jl. Desa Cipadung Gg. Ma ulung No.51,4.7,+62 813-2416-0405,,https://www.google.com/maps/search/?api=1&query=Kost%20Putri%20Hasna&query_place_id=ChIJx_Mgd0PDaC4REOc98TCs67Q,,
kos murah Bandung,Bandung (Lainnya),Lainnya / Umum,PONDOK PAKUAN (Kost Putri),Jl. Pakuan I No.5,4.4,+62 852-9515-8540,,https://www.google.com/maps/search/?api=1&query=PONDOK%20PAKUAN%20(Kost%20Putri)&query_place_id=ChIJLal8zjLdaC4RuNENuStTnJU,,
kos murah Bandung,Bandung (Lainnya),Lainnya / Umum,Kost Rabit 15,Jl. Rks. Bitung No.15,4.3,+62 812-2377-4659,,https://www.google.com/maps/search/?api=1&query=Kost%20Rabit%2015&query_place_id=ChIJ48N53i7naC4RtLmvsJ1nCC4,,
kos murah Bandung,Bandung (Lainnya),Lainnya / Umum,Kost Cahaya,Jl. Manisi Gg. Bakti 5 No.16,5,+62 812-2133-036,,https://www.google.com/maps/search/?api=1&query=Kost%20Cahaya&query_place_id=ChIJk4p3zH_DaC4RCmN_xP_tlnc,,
kos murah Bandung,Bandung (Lainnya),Lainnya / Umum,Kost Putri Bu Helmi,Jl. Permai Raya II No.29,5,+62 813-8637-3855,,https://www.google.com/maps/search/?api=1&query=Kost%20Putri%20Bu%20Helmi&query_place_id=ChIJqcp_fu3DaC4RBdFe8I2iSkg,,
kos Cibiru / Panyileukan Bandung,Cibiru / Panyileukan,UIN Sunan Gunung Djati,Kost Amaris,Jl. Terusan Panyileukan No.7 Blk 1,5,+62 857-2463-8305,,https://www.google.com/maps/search/?api=1&query=Kost%20Amaris&query_place_id=ChIJU5xxslLDaC4RTc94OQL7n1Q,,
kos Cibiru / Panyileukan Bandung,Cibiru / Panyileukan,UIN Sunan Gunung Djati,Kost Putri Pak Aas,"3P9C+R89, Jl. Kosambi Cibiru",5,+62 813-9498-9893,,https://www.google.com/maps/search/?api=1&query=Kost%20Putri%20Pak%20Aas&query_place_id=ChIJc5GPNwDDaC4R9Orrf45pdGk,,
kos murah Bandung,Bandung (Lainnya),Lainnya / Umum,Graha Pesona Kost,"Perum Graha Pesona, Jl. Pesona III No.6 Blok G",4.3,,https://grahapesona.my.canva.site/,https://www.google.com/maps/search/?api=1&query=Graha%20Pesona%20Kost&query_place_id=ChIJq1JhZ0vdaC4RXK-jSILJNOo,,
kos murah Bandung,Bandung (Lainnya),Lainnya / Umum,Lavista kost,"Jl. Desa Cipadung Gg. Sastradinata No.96B, RT.2/RW.06",4.9,+62 821-2732-1667,,https://www.google.com/maps/search/?api=1&query=Lavista%20kost&query_place_id=ChIJq7mIKp3DaC4Rb2QzYbqrH8g,,
kos Sangkuriang Bandung,Sangkuriang,ITB Ganesha / UNPAD Dipatiukur / UNIKOM,Kostku,Jl. Sangkuriang Dalam No.74,4.5,+62 853-9148-9983,,https://www.google.com/maps/search/?api=1&query=Kostku&query_place_id=ChIJSZk7j_DmaC4Rj2sQSXL3ksU,,
kos murah Bandung,Bandung (Lainnya),Lainnya / Umum,Kos Gima Putra/Putri,Jl. Neptunus Utara II No.5,5,+62 878-2289-9681,,https://www.google.com/maps/search/?api=1&query=Kos%20Gima%20Putra%2FPutri&query_place_id=ChIJwZDvq7jpaC4R_tngNtV321Q,,
kos murah Bandung,Bandung (Lainnya),Lainnya / Umum,aLivindekost,"Jl. Arum Sari VII Dalam No.2 RT05, RW.12",5,+62 857-2207-2857,,https://www.google.com/maps/search/?api=1&query=aLivindekost&query_place_id=ChIJ5WYSYr7naC4RRSmVxEw3Wjk,,
kos murah Bandung,Bandung (Lainnya),Lainnya / Umum,Kost Putri Kos Putri SAFA AL ZAHRA,"Jl. Flamboyan No.Blok C7/10, RT.01/RW.03",3.8,+62 838-9232-9288,,https://www.google.com/maps/search/?api=1&query=Kost%20Putri%20Kos%20Putri%20SAFA%20AL%20ZAHRA&query_place_id=ChIJH9bgUK7DaC4R7S7RxAwgZQ0,,
kos murah Bandung,Bandung (Lainnya),Lainnya / Umum,Kost Putri 7,Jl. Manisi No.7,4.7,+62 813-2150-0228,,https://www.google.com/maps/search/?api=1&query=Kost%20Putri%207&query_place_id=ChIJNbs6cXHDaC4Ry7TfiW9a8pc,,
kos murah Bandung,Bandung (Lainnya),Lainnya / Umum,Kos Radiant,Jl. Ahmad 4 No.24,5,+62 813-2340-4118,,https://www.google.com/maps/search/?api=1&query=Kos%20Radiant&query_place_id=ChIJv0Z7Mc_naC4RItCV6t2jE6w,,
kos murah Bandung,Bandung (Lainnya),Lainnya / Umum,KOST SALWA,"Komplek, Jl. Permai Raya No.1, RT.4/RW.8",4.8,+62 811-2120-086,,https://www.google.com/maps/search/?api=1&query=KOST%20SALWA&query_place_id=ChIJ5_SuQQzDaC4RB9cePFVx6rs,,
kos murah Bandung,Bandung (Lainnya),Lainnya / Umum,Kost Putra Putri Mekar Mulya,Jl. Mekar Mulya No.102,4.3,+62 851-5059-9664,,https://www.google.com/maps/search/?api=1&query=Kost%20Putra%20Putri%20Mekar%20Mulya&query_place_id=ChIJfZRiGXPdaC4Rd0miwdFIdFc,,
kos murah Bandung,Bandung (Lainnya),Lainnya / Umum,Umi Kost ( kosan summarecon bandung ),Jl. Gedebage Selatan,4.6,+62 853-5280-2023,,https://www.google.com/maps/search/?api=1&query=Umi%20Kost%20(%20kosan%20summarecon%20bandung%20)&query_place_id=ChIJAS8tZPjDaC4RLHombmwmjWQ,,
kos Bandung Selatan / Timur Bandung,Bandung Selatan / Timur,Lainnya / Umum,KOST RIUNG BANDUNG - Riung Agri,Jl. Riung Arum Barat VIII No.115,4.7,+62 899-7074-121,,https://www.google.com/maps/search/?api=1&query=KOST%20RIUNG%20BANDUNG%20-%20Riung%20Agri&query_place_id=ChIJn56LOfXDaC4R_wPGhmURGTI,,
kos murah Bandung,Bandung (Lainnya),Lainnya / Umum,Rumah Kost Puteri Seanu 2,"Kompleks Patra Asri A22 [PERTAMINA, Jl. Soekarno-Hatta No.857",4.8,+62 811-2240-547,,https://www.google.com/maps/search/?api=1&query=Rumah%20Kost%20Puteri%20Seanu%202&query_place_id=ChIJZTqx2tnCaC4RukLw0a5bGq0,,
kos murah Bandung,Bandung (Lainnya),Lainnya / Umum,Kost Bu Dewi Mantap (kosan putra),3PC9+5MP,4.7,+62 819-0111-1959,,https://www.google.com/maps/search/?api=1&query=Kost%20Bu%20Dewi%20Mantap%20(kosan%20putra)&query_place_id=ChIJz5Ri5E_DaC4RqxBnk3ysPVU,,
kos murah Bandung,Bandung (Lainnya),Lainnya / Umum,Alfa House Kost,Unnamed Road,4.7,,https://mamikos.com/room/kost-bandung-kost-campur-murah-kost-alfa-house-tipe-a-panyileukan-bandung-1,https://www.google.com/maps/search/?api=1&query=Alfa%20House%20Kost&query_place_id=ChIJt-fLauHDaC4RUl6Xuw-fLu0,,
kos murah Bandung,Bandung (Lainnya),Lainnya / Umum,KOST PUTRA PUTRI AL MUJIB,"Komplek patra asri, Jl. Pertamina No.Rt01 Rw 02 Blok L17",4,+62 889-7696-5646,,https://www.google.com/maps/search/?api=1&query=KOST%20PUTRA%20PUTRI%20AL%20MUJIB&query_place_id=ChIJ_X6FDgDDaC4RNbCorDoJIjc,,
kos Cibiru / Panyileukan Bandung,Cibiru / Panyileukan,UIN Sunan Gunung Djati,Mandiri Kost 2 UIN Bandung,"Jl. Kosambi Kelurahan No.35, RT.002/RW.002",4.8,+62 813-2282-7408,,https://www.google.com/maps/search/?api=1&query=Mandiri%20Kost%202%20UIN%20Bandung&query_place_id=ChIJo2K45ojdaC4R0_Jc9YbJXuI,,
kos murah Bandung,Bandung (Lainnya),Lainnya / Umum,Kost Almuktafa,"Jl. AH. Nasution, RT.:01 RW:06/RW.No 147",5,+62 821-2702-1001,,https://www.google.com/maps/search/?api=1&query=Kost%20Almuktafa&query_place_id=ChIJS3XUhUvDaC4RUf6BLSpjk3U,,
kos murah Bandung,Bandung (Lainnya),Lainnya / Umum,Kos Putra,Gg. Bakti 5 No.4,5,+62 821-1589-3394,,https://www.google.com/maps/search/?api=1&query=Kos%20Putra&query_place_id=ChIJpRHyIQDDaC4RSnNSiAJuiJU,,
kos Cibiru / Panyileukan Bandung,Cibiru / Panyileukan,UIN Sunan Gunung Djati,THE KOSAN Kost Bandung,"Komp. Bumi Panyileukan Jl. Sehati 10 No.5, RT.04/RW.09",5,+62 878-2145-0102,,https://www.google.com/maps/search/?api=1&query=THE%20KOSAN%20Kost%20Bandung&query_place_id=ChIJF_WA7QvDaC4RdfYKuSAmCXo,,
kos Cibiru / Panyileukan Bandung,Cibiru / Panyileukan,UIN Sunan Gunung Djati,Kost 3RS Blok Pilar,Jl. Terusan Panyileukan,5,+62 812-2150-8866,,https://www.google.com/maps/search/?api=1&query=Kost%203RS%20Blok%20Pilar&query_place_id=ChIJlQoVGHbDaC4R1je91ttQEOA,,
kos Cibiru / Panyileukan Bandung,Cibiru / Panyileukan,UIN Sunan Gunung Djati,Kost Galuh UIN Bandung,Jl. Manisi No.73,4.7,+62 812-9112-2420,,https://www.google.com/maps/search/?api=1&query=Kost%20Galuh%20UIN%20Bandung&query_place_id=ChIJZTnBEinDaC4RpxvSDwsuaE0,,
kos murah Bandung,Bandung (Lainnya),Lainnya / Umum,Kost Asri Putra,"komplek Patra Asri, Blk. AB No.08, RT.003/RW.2",5,+62 821-1545-7323,,https://www.google.com/maps/search/?api=1&query=Kost%20Asri%20Putra&query_place_id=ChIJ43WXjVzdaC4RiFeHVHJ2OFs,,
kos murah Bandung,Bandung (Lainnya),Lainnya / Umum,Kost KANIA 1 (Khusus Putra),Jl. Manisi No.125,4.8,+62 822-9999-1914,,https://www.google.com/maps/search/?api=1&query=Kost%20KANIA%201%20(Khusus%20Putra)&query_place_id=ChIJG_uNVRzDaC4RFeYyn0JrFhw,,
kos murah Bandung,Bandung (Lainnya),Lainnya / Umum,Kosan ibu yati,Jl. Gg. Kujang No.106,5,+62 853-5381-8119,,https://www.google.com/maps/search/?api=1&query=Kosan%20ibu%20yati&query_place_id=ChIJCdFb8lHDaC4RBMmSRvvoaxg,,
kos Gegerkalong / Setiabudi Bandung,Gegerkalong / Setiabudi,UPI Setiabudi,MARIA KOST BULBUL,"Blok N2 No. 15 Sekajati, Jl. Jupiter Barat No.II",4.6,+62 877-2000-7062,,https://www.google.com/maps/search/?api=1&query=MARIA%20KOST%20BULBUL&query_place_id=ChIJtV-7ExnoaC4RW5UwMiI0Asc,,
kos murah Bandung,Bandung (Lainnya),Lainnya / Umum,Kost Cipadung Permai 1/3,Jl. Permai I No.3,5,+62 821-8328-9514,,https://www.google.com/maps/search/?api=1&query=Kost%20Cipadung%20Permai%201%2F3&query_place_id=ChIJ_zKoHAjDaC4RIvg2w445rGw,,
kos murah Bandung,Bandung (Lainnya),Lainnya / Umum,KOSTAN ALVARO,"Jl. AH. Nasution Gg, Masjid (Damri No.2",4.9,+62 878-2182-7586,,https://www.google.com/maps/search/?api=1&query=KOSTAN%20ALVARO&query_place_id=ChIJU_m6CBXDaC4RDSnlwPc_BsU,,
kos murah Bandung,Bandung (Lainnya),Lainnya / Umum,Kost Biyono Bandung (khusus Putri),Jl. Graha No.G 01,4.7,+62 858-5862-5106,,https://www.google.com/maps/search/?api=1&query=Kost%20Biyono%20Bandung%20(khusus%20Putri)&query_place_id=ChIJkUqabDXDaC4RMScV2slQmI0,,
kos Cibiru / Panyileukan Bandung,Cibiru / Panyileukan,UIN Sunan Gunung Djati,KOST TIARA HOUSE 2 FASILITAS LENGKAP,"Komplek Bumi Panyileukan, G9 No. 17",4.6,+62 851-3694-9657,,https://www.google.com/maps/search/?api=1&query=KOST%20TIARA%20HOUSE%202%20FASILITAS%20LENGKAP&query_place_id=ChIJQSqTDRjDaC4Rr3dxv1BETIQ,,
kos murah Bandung,Bandung (Lainnya),Lainnya / Umum,Kost Lestari,Jl. Rancaloa No.18,5,+62 821-2614-4937,,https://www.google.com/maps/search/?api=1&query=Kost%20Lestari&query_place_id=ChIJN5F8KjDDaC4Rjlcqkud5_pw,,
kos murah Bandung,Bandung (Lainnya),Lainnya / Umum,Kosan firdaus indah (Kost Putra),"3PC7+C5X, Gang Pesantren",5,+62 895-3336-48331,,https://www.google.com/maps/search/?api=1&query=Kosan%20firdaus%20indah%20(Kost%20Putra)&query_place_id=ChIJWYzIeQDDaC4RXH0hN8dqmNo,,
kos murah Bandung,Bandung (Lainnya),Lainnya / Umum,Kost HDR family,Jl kavling p dan k No.32,5,+62 838-2557-3532,,https://www.google.com/maps/search/?api=1&query=Kost%20HDR%20family&query_place_id=ChIJcSkH09nDaC4RtvRdbKMF8JM,,
kos murah Bandung,Bandung (Lainnya),Lainnya / Umum,Kost pidua sepuh,"3P66+868, Jl. Pesantren Al-Mahabbah",4.8,+62 852-8441-1890,,https://www.google.com/maps/search/?api=1&query=Kost%20pidua%20sepuh&query_place_id=ChIJEdqiitjDaC4RLMHa26tIwhY,,
kos murah Bandung,Bandung (Lainnya),Lainnya / Umum,Kost Ibu Tres,Jl. Malangbong 5 No.20,4.8,+62 815-6066-494,,https://www.google.com/maps/search/?api=1&query=Kost%20Ibu%20Tres&query_place_id=ChIJTwXOr4nnaC4RvCmgjsUmWlE,,
kos Gegerkalong / Setiabudi Bandung,Gegerkalong / Setiabudi,UPI Setiabudi,Kost Margahayu,"Komplek Perumahan, Jl. Yupiter Utama II Jl. Yupiter Barat XII No.4 Blk e2",4.2,+62 812-8783-2611,,https://www.google.com/maps/search/?api=1&query=Kost%20Margahayu&query_place_id=ChIJf8-fkBjoaC4RYQhdNnANp5s,,
kos murah Bandung,Bandung (Lainnya),Lainnya / Umum,Little Spring Rooms,Jl. Jkt 2 No.18,5,+62 821-7825-1916,,https://www.google.com/maps/search/?api=1&query=Little%20Spring%20Rooms&query_place_id=ChIJlYn_B83naC4RtoeB-X_ymW8,,
kos murah Bandung,Bandung (Lainnya),Lainnya / Umum,Pondok Kangdilla,"Jl. Sukamanah Baru No.7, RT.005/RW.013",4.8,+62 815-6002-421,,https://www.google.com/maps/search/?api=1&query=Pondok%20Kangdilla&query_place_id=ChIJC4zxxr_paC4RhLTgJ1P5mog,,
kos Gegerkalong / Setiabudi Bandung,Gegerkalong / Setiabudi,UPI Setiabudi,Kobi Kost 1 Buahbatu,Jl. Jupiter Tengah I No.36,4.3,+62 811-1380-2372,,https://www.google.com/maps/search/?api=1&query=Kobi%20Kost%201%20Buahbatu&query_place_id=ChIJsxTxSC3paC4R_ZpwullElO4,,
kos Gegerkalong / Setiabudi Bandung,Gegerkalong / Setiabudi,UPI Setiabudi,Kos Putri Jupiter Barat,3M46+596Jl. Jupiter Barat M II No. 21,4,+62 812-2411-5530,,https://www.google.com/maps/search/?api=1&query=Kos%20Putri%20Jupiter%20Barat&query_place_id=ChIJvQGwplnpaC4RTO3j-v-1to4,,
kos murah Bandung,Bandung (Lainnya),Lainnya / Umum,Rumah Kos Putri & Puspa,Jl. Kencana Puri 2 No.1,5,+62 822-2507-2601,,https://www.google.com/maps/search/?api=1&query=Rumah%20Kos%20Putri%20%26%20Puspa&query_place_id=ChIJrziJJdDpaC4RHoSgpwBHufA,,
kos murah Bandung,Bandung (Lainnya),Lainnya / Umum,Kobi Kost 2 buahbatu,Jl. Uranus No.C3 No.16,,+62 811-1380-2372,https://linktr.ee/kobi.kost,https://www.google.com/maps/search/?api=1&query=Kobi%20Kost%202%20buahbatu&query_place_id=ChIJ9TqzQwDpaC4Rp5RvwOmd2cU,,
kos murah Bandung,Bandung (Lainnya),Lainnya / Umum,Kost Suling,Jl. Suling No.9,5,+62 22 70491426,,https://www.google.com/maps/search/?api=1&query=Kost%20Suling&query_place_id=ChIJE5SQlnroaC4RIhlk9E1qHNc,,
kos murah Bandung,Bandung (Lainnya),Lainnya / Umum,Kost vgh,Jl. Sakola No.2,3.9,+62 853-1836-9236,,https://www.google.com/maps/search/?api=1&query=Kost%20vgh&query_place_id=ChIJqZY7WgvDaC4ROz-U0dom1CA,,
kos Bandung Tengah Bandung,Bandung Tengah,Lainnya / Umum,Kost Hati Damai,Jl. Burangrang Dalam No.32,,+62 815-7302-6904,https://mamikos.com/room/kost-bandung-kost-campur-murah-kost-burangrang-dalam-lengkong-bandung,https://www.google.com/maps/search/?api=1&query=Kost%20Hati%20Damai&query_place_id=ChIJ8Zj7DZDnaC4RdH547vhX5Cc,,
kos murah Bandung,Bandung (Lainnya),Lainnya / Umum,Kost Pulangkekosan,"Jl. Cibangkong No.85 120, RW.Rt7 Rw6",4.4,+62 813-1795-9527,,https://www.google.com/maps/search/?api=1&query=Kost%20Pulangkekosan&query_place_id=ChIJecNOwdrnaC4RkuKyZmqT2DA,,
kos murah Bandung,Bandung (Lainnya),Lainnya / Umum,Kost Deme,,4.7,+62 817-0607-087,https://mamikos.com/room/kost-kota-bandung-kost-campur-murah-kost-deme-7b-cibangkong-batununggal-bandung,https://www.google.com/maps/search/?api=1&query=Kost%20Deme&query_place_id=ChIJZ2QGGUnnaC4Rba3lBS8LfsM,,
kos Buah Batu Bandung,Buah Batu,Telkom University / ISBI,SR Kost 71,Jl. Terusan Buah Batu Gg. Kujang III No.71,4.2,+62 859-7471-4751,,https://www.google.com/maps/search/?api=1&query=SR%20Kost%2071&query_place_id=ChIJpy3z4G3paC4Rhgj0ykna5h0,,
kos murah Bandung,Bandung (Lainnya),Lainnya / Umum,Kost Yellow Cipandan Bandung,Jl. Cipandan No.45,5,+62 813-1220-2438,,https://www.google.com/maps/search/?api=1&query=Kost%20Yellow%20Cipandan%20Bandung&query_place_id=ChIJ4_IDwj7naC4RavqR8L8GLoQ,,
kos murah Bandung,Bandung (Lainnya),Lainnya / Umum,Nesya Kost,Jl. H. Mesri Jl. Moch. Yunus 182-6B,3.9,+62 852-1213-3538,,https://www.google.com/maps/search/?api=1&query=Nesya%20Kost&query_place_id=ChIJp633Pg3naC4R312JScRsJGA,,
kos murah Bandung,Bandung (Lainnya),Lainnya / Umum,Kost Lombok,Jl. Mataram No.32A,3.5,+62 811-2002-126,,https://www.google.com/maps/search/?api=1&query=Kost%20Lombok&query_place_id=ChIJI6tEz9LnaC4RrPf6WxKwCT0,,
kos murah Bandung,Bandung (Lainnya),Lainnya / Umum,Kost Zada,Jl. Lele No.10,4.8,+62 878-3777-5118,,https://www.google.com/maps/search/?api=1&query=Kost%20Zada&query_place_id=ChIJT2bKVQfpaC4R2P5ePpuxcAM,,
kos Tamansari Bandung,Tamansari,ITB Ganesha / UNPAD Dipatiukur / UNIKOM,Rumah Kost Ibu Ayi,"Jl. Tamansari, Kostan ibu ayi, atas Gg. Karya Laksana No.63B/59, RT.02/RW.14",5,+62 819-1010-2242,,https://www.google.com/maps/search/?api=1&query=Rumah%20Kost%20Ibu%20Ayi&query_place_id=ChIJv-tX8yTnaC4RmEqXbCBXTC0,,
kos murah Bandung,Bandung (Lainnya),Lainnya / Umum,VISKA KOST,Jl. Sekejati 3 No.19,4.6,+62 822-1677-3013,,https://www.google.com/maps/search/?api=1&query=VISKA%20KOST&query_place_id=ChIJje2OUbHpaC4RgykhWloO7Go,,
kos Sadang Serang Bandung,Sadang Serang,ITB Ganesha / UNPAD Dipatiukur / UNIKOM,Kost Putri Haur Mekar E20,"Jl. Sadang Saip No.E20, RT.05/RW.01",4.6,+62 813-2281-8919,,https://www.google.com/maps/search/?api=1&query=Kost%20Putri%20Haur%20Mekar%20E20&query_place_id=ChIJi5DL0t_naC4R8EPbFahz6Lo,,
kos murah Bandung,Bandung (Lainnya),Lainnya / Umum,Kost Let's Stay Home,Jl. Pungkur No.235,4.3,+62 877-2070-24566,,https://www.google.com/maps/search/?api=1&query=Kost%20Let's%20Stay%20Home&query_place_id=ChIJ4fji6IXpaC4RPirhKLVAMzA,,
kos murah Bandung,Bandung (Lainnya),Lainnya / Umum,Rumah Kost Blessing,Gg. Melong Kidul Ⅲ No.97 Blok 36D,5,+62 819-7341-4923,,https://www.google.com/maps/search/?api=1&query=Rumah%20Kost%20Blessing&query_place_id=ChIJ4a28KarpaC4RoJFasVokfFk,,
kos murah Bandung,Bandung (Lainnya),Lainnya / Umum,Kos Ibu Yayan,"3MVF+F2R, Jl. Banjir Sari",4.3,+62 882-2289-8456,,https://www.google.com/maps/search/?api=1&query=Kos%20Ibu%20Yayan&query_place_id=ChIJcaJGN17daC4RzF4OHuHMWEE,,
kos murah Bandung,Bandung (Lainnya),Lainnya / Umum,Kost Pria dan Wanita,Jl. Batu Indah I No.13,4.8,+62 22 70687419,,https://www.google.com/maps/search/?api=1&query=Kost%20Pria%20dan%20Wanita&query_place_id=ChIJUYeTNUPoaC4RV1YTly544J0,,
kos murah Bandung,Bandung (Lainnya),Lainnya / Umum,Kosan Putra Murah Bandung,Jl. Babakan Priangan IV No.127,5,+62 812-2222-0054,,https://www.google.com/maps/search/?api=1&query=Kosan%20Putra%20Murah%20Bandung&query_place_id=ChIJldghvozoaC4RYRkR_5PJi9s,,
kos murah Bandung,Bandung (Lainnya),Lainnya / Umum,Kost pak Yayat,"Samping masjid Al ikwan, Gg. Mukalmi II No.58/86, RT.04/RW.03",5,+62 831-5104-6272,,https://www.google.com/maps/search/?api=1&query=Kost%20pak%20Yayat&query_place_id=ChIJ3WTkeiTnaC4RfU7oP0cYQMY,,
kos murah Bandung,Bandung (Lainnya),Lainnya / Umum,KOST PASUNDAN 60 BANDUNG,Jl. Pasundan No.60,3.6,+62 851-7503-6496,,https://www.google.com/maps/search/?api=1&query=KOST%20PASUNDAN%2060%20BANDUNG&query_place_id=ChIJyQBJOinpaC4RviILRi0UNsU,,
kos murah Bandung,Bandung (Lainnya),Lainnya / Umum,Kost Kebon Manggu 20,Jl. Kebon Manggu No.20,5,+62 821-1574-1144,,https://www.google.com/maps/search/?api=1&query=Kost%20Kebon%20Manggu%2020&query_place_id=ChIJHSuj7djnaC4R3U3_LD0SIe8,,
kos murah Bandung,Bandung (Lainnya),Lainnya / Umum,MeNa Kost,Gg. Uni No.22 G,4.7,+62 811-1112-2617,,https://www.google.com/maps/search/?api=1&query=MeNa%20Kost&query_place_id=ChIJfy9ibR_naC4RrN6o-Sv4Qjw,,
kos murah Bandung,Bandung (Lainnya),Lainnya / Umum,Diction Kost Kote 32,Jl. Cibadak Gg. Kote No.32B,4.1,+62 823-1995-2066,,https://www.google.com/maps/search/?api=1&query=Diction%20Kost%20Kote%2032&query_place_id=ChIJDU-9fWznaC4RYZIkqoRRztU,,
kos murah Bandung,Bandung (Lainnya),Lainnya / Umum,Kosan 47,"3JF6+HCF, Jl. Sasak Gantung",3.7,+62 822-0312-4567,,https://www.google.com/maps/search/?api=1&query=Kosan%2047&query_place_id=ChIJtx89ZijmaC4R0B6aoPvdXQE,,
kos murah Bandung,Bandung (Lainnya),Lainnya / Umum,Kost Muslim,Jl. Cijawura Girang VI No.5,3,+62 22 61460247,,https://www.google.com/maps/search/?api=1&query=Kost%20Muslim&query_place_id=ChIJ37lW2xXoaC4RtBR3OTynHhg,,
kos murah Bandung,Bandung (Lainnya),Lainnya / Umum,KOST PUTRI ANVAYA CIPAGANTI,Jl. DR. Slamet No.29,5,+62 813-2222-6080,,https://www.google.com/maps/search/?api=1&query=KOST%20PUTRI%20ANVAYA%20CIPAGANTI&query_place_id=ChIJpx73LMDnaC4R69I04KIN3lI,,
kos murah Bandung,Bandung (Lainnya),Lainnya / Umum,Kost Ibu Widi Karapitan,Gg. Karapitan II,4.3,+62 812-9380-0428,,https://www.google.com/maps/search/?api=1&query=Kost%20Ibu%20Widi%20Karapitan&query_place_id=ChIJOd5YpbznaC4RD4Naj7a3qP8,,
kos Gegerkalong / Setiabudi Bandung,Gegerkalong / Setiabudi,UPI Setiabudi,Kost Haji Sobur,Jl. Jupiter Sel. 13 No.90-B,4.5,+62 855-2456-4579,,https://www.google.com/maps/search/?api=1&query=Kost%20Haji%20Sobur&query_place_id=ChIJ18gi693paC4R8QVNDeETpNo,,
kos murah Bandung,Bandung (Lainnya),Lainnya / Umum,Kos SKJT 17,Jl. Sekejati 3 No.17,4.5,+62 813-2228-2946,,https://www.google.com/maps/search/?api=1&query=Kos%20SKJT%2017&query_place_id=ChIJK6W49oLpaC4RAXi6rfAYfiY,,
kos murah Bandung,Bandung (Lainnya),Lainnya / Umum,Kost Ramli 14 A,Jl. Ramli No.14 A,5,+62 812-9239-739,,https://www.google.com/maps/search/?api=1&query=Kost%20Ramli%2014%20A&query_place_id=ChIJ-7AGZ0vnaC4RUZPJYDvtQCk,,
kos murah Bandung,Bandung (Lainnya),Lainnya / Umum,Kost HDR putra 3,Jl. Teratai V RT 04 RW 12 Kel,5,+62 898-2920-527,,https://www.google.com/maps/search/?api=1&query=Kost%20HDR%20putra%203&query_place_id=ChIJz31oLxHDaC4R4QW4ENxhYJA,,
kos Kanayakan Bandung,Kanayakan,ITB Ganesha / UNPAD Dipatiukur / UNIKOM,Kost Putra,Jl. Kanayakan No.D 60,4.8,+62 22 2503290,,https://www.google.com/maps/search/?api=1&query=Kost%20Putra&query_place_id=ChIJn6VXg_3maC4RQM1-H8vogfQ,,
kos murah Bandung,Bandung (Lainnya),Lainnya / Umum,Tadaima Kos Putri,Jl. Cisaranten Kulon II No.19B,5,+62 823-1634-3023,,https://www.google.com/maps/search/?api=1&query=Tadaima%20Kos%20Putri&query_place_id=ChIJR3xENADDaC4Rv9T8L1uGdQc,,
kos murah Bandung,Bandung (Lainnya),Lainnya / Umum,Dkost,Jl. Kadipaten 14 No.23,5,,https://mamikos.com/room/kost-kota-bandung-kost-campur-murah-kost-dkost-antapani-bandung,https://www.google.com/maps/search/?api=1&query=Dkost&query_place_id=ChIJe4cWVQHnaC4RPgd4k5aYl3U,,
kos murah Bandung,Bandung (Lainnya),Lainnya / Umum,Kos Ku Warna Hijau,Jl. Cisaranten Kulon IV No.12,4.8,+62 822-1746-6556,,https://www.google.com/maps/search/?api=1&query=Kos%20Ku%20Warna%20Hijau&query_place_id=ChIJdz4eXn7DaC4RmBB8T2FWr_o,,
kos murah Bandung,Bandung (Lainnya),Lainnya / Umum,Kost Putri Pondok Alamanda,Jl. Cisaranten Kulon IV No.09,5,+62 851-3481-2895,,https://www.google.com/maps/search/?api=1&query=Kost%20Putri%20Pondok%20Alamanda&query_place_id=ChIJnzNMxnXDaC4R-0k9uvKilrY,,
kos murah Bandung,Bandung (Lainnya),Lainnya / Umum,Kosan Putri Tarnis,Jl. Rancabolang Indah II No.15a,5,+62 895-3406-47281,,https://www.google.com/maps/search/?api=1&query=Kosan%20Putri%20Tarnis&query_place_id=ChIJ0TRr6qDpaC4RMHb-uIj5lCs,,
kos murah Bandung,Bandung (Lainnya),Lainnya / Umum,Kost Putri Fathiza,Jl. Manisi Jati No.17,5,+62 812-2422-913,,https://www.google.com/maps/search/?api=1&query=Kost%20Putri%20Fathiza&query_place_id=ChIJk2D9fRHDaC4RhHBe9f41cDg,,
kos Antapani Bandung,Antapani,Lainnya / Umum,Kost Putri TAQYMALIK,Jl. Purwakarta IV No.18,5,+62 821-1177-7364,,https://www.google.com/maps/search/?api=1&query=Kost%20Putri%20TAQYMALIK&query_place_id=ChIJe_fZV3XnaC4RHPSTtwiNmO4,,
kos murah Bandung,Bandung (Lainnya),Lainnya / Umum,Kost Khanza Putri,"Jl. Gg. Kujang No.47, RT.01/RW.06",4.8,+62 899-4128-293,,https://www.google.com/maps/search/?api=1&query=Kost%20Khanza%20Putri&query_place_id=ChIJO4nT0yjDaC4R8CCd6iKqu1Q,,
kos Cibiru / Panyileukan Bandung,Cibiru / Panyileukan,UIN Sunan Gunung Djati,Kost Eyang Putri,"Jl. Nirwana VII, AC 9 Jl. Citra Bumi Panyileukan No.20, RT.05/RW.13",4.9,+62 858-3106-2991,,https://www.google.com/maps/search/?api=1&query=Kost%20Eyang%20Putri&query_place_id=ChIJs78EwUPDaC4Rj-GKlEF23Tg,,
kos Gegerkalong / Setiabudi Bandung,Gegerkalong / Setiabudi,UPI Setiabudi,KOS AGAN MIM,Jl. Yupiter Barat XII No.37 Blk M2,4.9,+62 851-3500-0341,,https://www.google.com/maps/search/?api=1&query=KOS%20AGAN%20MIM&query_place_id=ChIJBTikAgDpaC4R5wpPrLEetY0,,
kos murah Bandung,Bandung (Lainnya),Lainnya / Umum,Kost Edelweis (Khusus Putri),"mukti, Jl. Giri Rahayu Jl. Babakan Desa",4.4,+62 823-2588-5301,,https://www.google.com/maps/search/?api=1&query=Kost%20Edelweis%20(Khusus%20Putri)&query_place_id=ChIJ_crjMlPDaC4RlJ5vj9D5qrM,,
kos murah Bandung,Bandung (Lainnya),Lainnya / Umum,Kos Putri Mantrisa,Jl. Cikajang Raya II No.16 Blok A,4.8,+62 819-7345-6787,,https://www.google.com/maps/search/?api=1&query=Kos%20Putri%20Mantrisa&query_place_id=ChIJybv6aPjnaC4RWSlxr4WHw4w,,
kos murah Bandung,Bandung (Lainnya),Lainnya / Umum,Dela Kost,Jl. Cibodas Baru Jl. Cibodas Raya No.27,4.3,+62 812-2116-920,,https://www.google.com/maps/search/?api=1&query=Dela%20Kost&query_place_id=ChIJpQ3ASfnnaC4RchLEZJduT7M,,
kos murah Bandung,Bandung (Lainnya),Lainnya / Umum,Kost Putri Salsabila,"belakang RM sambal cibiuk, Jl. Desa Cipadung",4.9,+62 898-8798-012,,https://www.google.com/maps/search/?api=1&query=Kost%20Putri%20Salsabila&query_place_id=ChIJTwmn_1vDaC4RY6xLNJrkH_w,,
kos murah Bandung,Bandung (Lainnya),Lainnya / Umum,Kos kosan Putri Hudassari,"Komplek Bumi Asri No.A-23, RT.02/RW.06",4.9,+62 822-8888-8691,,https://www.google.com/maps/search/?api=1&query=Kos%20kosan%20Putri%20Hudassari&query_place_id=ChIJdc-2ywvdaC4R3r6_Goliifk,,
kos Antapani Bandung,Antapani,Lainnya / Umum,kost Putri Bumi Shafira,Jl. Purwakarta 1 No.23,4.5,+62 812-2138-743,,https://www.google.com/maps/search/?api=1&query=kost%20Putri%20Bumi%20Shafira&query_place_id=ChIJD9Ag83_naC4RZaXJmt0gHCw,,
kos murah Bandung,Bandung (Lainnya),Lainnya / Umum,Kost Putri Wisma Pribumi,3P88+VF3,5,+62 813-1290-5252,,https://www.google.com/maps/search/?api=1&query=Kost%20Putri%20Wisma%20Pribumi&query_place_id=ChIJl2fynZfDaC4R6_NrTlKtuZM,,
kos murah Bandung,Bandung (Lainnya),Lainnya / Umum,Kost Pa Dedi,3PHF+HM2,4.3,+62 881-4578-416,,https://www.google.com/maps/search/?api=1&query=Kost%20Pa%20Dedi&query_place_id=ChIJD93CXgndaC4Rd9U4iKvNWvo,,
kos murah Bandung,Bandung (Lainnya),Lainnya / Umum,Kost Puri Salatiga,Jl. Salatiga No.3a,,+62 821-1994-1313,https://mamikos.com/room/kost-kota-bandung-kost-campur-eksklusif-kost-salatiga-puri-antapani-bandung,https://www.google.com/maps/search/?api=1&query=Kost%20Puri%20Salatiga&query_place_id=ChIJaUcp2uXnaC4RB1SiRkcMde8,,
kos murah Bandung,Bandung (Lainnya),Lainnya / Umum,Kost Pondok Bahagia Cipadung,Gg. Al Khairat 6 No.4b,,+62 817-207-644,https://mamikos.com/room/kost-kota-bandung-kost-campur-murah-kost-pondok-bahagia-cipadung-tipe-medium-cibiru-bandung-2,https://www.google.com/maps/search/?api=1&query=Kost%20Pondok%20Bahagia%20Cipadung&query_place_id=ChIJuba7jszDaC4RmG_iz6qZXlY,,
kos murah Bandung,Bandung (Lainnya),Lainnya / Umum,Kost P Martono,Jl. Depok VII No.160,5,+62 818-8283-4980,,https://www.google.com/maps/search/?api=1&query=Kost%20P%20Martono&query_place_id=ChIJbbhNXOrnaC4RsOKiVlqJ_Z8,,
kos Cibiru / Panyileukan Bandung,Cibiru / Panyileukan,UIN Sunan Gunung Djati,Kost Pondok Klara,"10, Jl. Raya Panyileukan. D2-10 Kel, Kec",4.2,+62 858-0465-7979,,https://www.google.com/maps/search/?api=1&query=Kost%20Pondok%20Klara&query_place_id=ChIJX0N54wfDaC4Rsy8G2kOMv7s,,
kos murah Bandung,Bandung (Lainnya),Lainnya / Umum,Kosan D'Shopie,Jl. Manisi No.37,4,+62 852-2271-1120,,https://www.google.com/maps/search/?api=1&query=Kosan%20D'Shopie&query_place_id=ChIJZdDkwivDaC4RzWLEvqKOuZ8,,
kos Sekeloa Bandung,Sekeloa,ITB Ganesha / UNPAD Dipatiukur / UNIKOM,kost putra sekeloa tengah 29A,Jl. Sekeloa Tengah No.29A,5,+62 812-2011-7988,,https://www.google.com/maps/search/?api=1&query=kost%20putra%20sekeloa%20tengah%2029A&query_place_id=ChIJY0099BjnaC4RgO2MB0W6_Pk,,
kos Antapani Bandung,Antapani,Lainnya / Umum,F. Kost Putri Antapani,Jl. Purwakarta 1 No.30,5,+62 857-2309-7799,,https://www.google.com/maps/search/?api=1&query=F.%20Kost%20Putri%20Antapani&query_place_id=ChIJE69Q57znaC4RJUSBxtwZMxo,,
kos murah Bandung,Bandung (Lainnya),Lainnya / Umum,Kosan Tanita (Kosan Khusus Putri),Jl. Neptunus Timur No.16 Blok A28,4.9,+62 812-1475-9818,,https://www.google.com/maps/search/?api=1&query=Kosan%20Tanita%20(Kosan%20Khusus%20Putri)&query_place_id=ChIJRRvazJ3paC4R7BmiZYCsIP0,,
kos Cibiru / Panyileukan Bandung,Cibiru / Panyileukan,UIN Sunan Gunung Djati,AKP1,"Jl. Terusan Panyileukan kav. PDK No.7, RT.06/RW.01 kel",4.4,+62 813-2003-4568,,https://www.google.com/maps/search/?api=1&query=AKP1&query_place_id=ChIJB3bpWtnCaC4RS-oIvrutdxU,,
kos Cibiru / Panyileukan Bandung,Cibiru / Panyileukan,UIN Sunan Gunung Djati,Kos Putri Pondok Nadia UIN,Jl. Mekarsari 1 No.4,4.8,+62 852-1651-7892,,https://www.google.com/maps/search/?api=1&query=Kos%20Putri%20Pondok%20Nadia%20UIN&query_place_id=ChIJKa02tNTcaC4RlBJ8G8VJZ_k,,
kos murah Bandung,Bandung (Lainnya),Lainnya / Umum,Kost Madina House,Jl. Mandala No.50,4.6,+62 821-1617-6815,,https://www.google.com/maps/search/?api=1&query=Kost%20Madina%20House&query_place_id=ChIJE7HGadnCaC4RKvKtt1OZm2g,,
kos murah Bandung,Bandung (Lainnya),Lainnya / Umum,Kost Putri Annisa Bandung,Gg. Aki Nari No. 690,4.3,+62 813-6346-8425,,https://www.google.com/maps/search/?api=1&query=Kost%20Putri%20Annisa%20Bandung&query_place_id=ChIJV4Ql61_maC4RIyvsrVap1DY,,
kos murah Bandung,Bandung (Lainnya),Lainnya / Umum,Wisma Arrahman,"Jalan Terusan Saluyu No. 7. RT.8 / RW.12, Kec. Derwati, Bandung",4.6,+62 812-2342-4492,,https://www.google.com/maps/search/?api=1&query=Wisma%20Arrahman&query_place_id=ChIJk_oAc5nCaC4RouTyiLC5iVI,,
kos Tubagus Ismail Bandung,Tubagus Ismail,ITB Ganesha / UNPAD Dipatiukur / UNIKOM,Kost Putri Bumi Lestari Dago Bandung,Jl. Tubagus Ismail - Depan No.74,5,+62 859-5899-4389,,https://www.google.com/maps/search/?api=1&query=Kost%20Putri%20Bumi%20Lestari%20Dago%20Bandung&query_place_id=ChIJrTWI-MPnaC4R7EW3Nl0FFrQ,,
kos Cisitu Bandung,Cisitu,ITB Ganesha / UNPAD Dipatiukur / UNIKOM,Kos putri muslimah ibu nonon,Gg. Cisitu Lama I No.7,5,+62 812-2036-0436,,https://www.google.com/maps/search/?api=1&query=Kos%20putri%20muslimah%20ibu%20nonon&query_place_id=ChIJYyD7VIbnaC4R3ZU0lNxRgEU,,
kos Tubagus Ismail Bandung,Tubagus Ismail,ITB Ganesha / UNPAD Dipatiukur / UNIKOM,D'Resik Kos Putri,Jl. Tubagus Ismail Dalam No.20B,5,+62 812-2044-4892,,https://www.google.com/maps/search/?api=1&query=D'Resik%20Kos%20Putri&query_place_id=ChIJqYJKCoXnaC4RKuXujgn30e8,,
kos Dago / Dipatiukur Bandung,Dago / Dipatiukur,ITB Ganesha / UNPAD Dipatiukur / UNIKOM,Oemah Putri Kos,Jl. Dago Asri V No.3,4.9,+62 22 2500380,,https://www.google.com/maps/search/?api=1&query=Oemah%20Putri%20Kos&query_place_id=ChIJiSsHdfvmaC4RzZprcWwGh8Q,,
kos Gegerkalong / Setiabudi Bandung,Gegerkalong / Setiabudi,UPI Setiabudi / POLBAN,Kost Putra,Jl. Gegerkalong Tengah 7 No.53D,4.1,+62 813-3455-0060,,https://www.google.com/maps/search/?api=1&query=Kost%20Putra&query_place_id=ChIJg34r973maC4RsLAy9QGyuig,,
kos Tamansari Bandung,Tamansari,ITB Ganesha / UNPAD Dipatiukur / UNIKOM,Kost Putra Yussi Dorm Tamansari No. 48/56,"Jl. Tamansari No.48, RW.56",5,+62 822-1905-6668,,https://www.google.com/maps/search/?api=1&query=Kost%20Putra%20Yussi%20Dorm%20Tamansari%20No.%2048%2F56&query_place_id=ChIJyYXaUgDnaC4R2owYbeHXpIg,,
kos murah Bandung,Bandung (Lainnya),Lainnya / Umum,Kost Putra Kiara 2,Jl. Pak Gatot Raya,4.9,+62 857-2197-5990,,https://www.google.com/maps/search/?api=1&query=Kost%20Putra%20Kiara%202&query_place_id=ChIJO5jMTRLnaC4RFs_LRmgUIbk,,
kos Tamansari Bandung,Tamansari,ITB Ganesha / UNPAD Dipatiukur / UNIKOM,Kos Putra Flamboyan,Jl. Pelesiran No.33 BLK,4.7,+62 821-2723-5084,,https://www.google.com/maps/search/?api=1&query=Kos%20Putra%20Flamboyan&query_place_id=ChIJZYVfnVXnaC4RlhHX0pVKNms,,
kos murah Bandung,Bandung (Lainnya),Lainnya / Umum,tempat kost,"Jl. Kalijati Indah Raya No.2, RW.no.61",5,+62 812-222-764,,https://www.google.com/maps/search/?api=1&query=tempat%20kost&query_place_id=ChIJs5UmDADnaC4Ryd5E_Jx3dbw,,
kos Gegerkalong / Setiabudi Bandung,Gegerkalong / Setiabudi,UPI Setiabudi,Rumah Kos Reynaldo Yodia,Jl. Jupiter Tengah I No.11a,,+62 838-9705-7940,https://mamikos.com/room/kost-kota-bandung-kost-putri-murah-kost-yupiter-tengah-buahbatu-bandung,https://www.google.com/maps/search/?api=1&query=Rumah%20Kos%20Reynaldo%20Yodia&query_place_id=ChIJ52b_SgzpaC4RoapBWUVai34,,
kos murah Bandung,Bandung (Lainnya),Lainnya / Umum,Griya Putri - - Kost Wanita,Jl. DR. Slamet No.1,4.3,+62 811-247-741,,https://www.google.com/maps/search/?api=1&query=Griya%20Putri%20-%20-%20Kost%20Wanita&query_place_id=ChIJpZzVTEPmaC4RVV2GCyi8iag,,
kos Ciumbuleuit Bandung,Ciumbuleuit,UNPAR,Silver Kost 1 dekat Universitas Parahyangan UNPAR Bandung Utara Ciumbuleuit Bukit Jarian kos khusus mahasiswi atau putri,Jl. Bukit Jarian No.56,4.6,,https://mamikos.com/room/kost-kota-bandung-kost-putri-eksklusif-kost-silver-cidadap-bandung,https://www.google.com/maps/search/?api=1&query=Silver%20Kost%201%20dekat%20Universitas%20Parahyangan%20UNPAR%20Bandung%20Utara%20Ciumbuleuit%20Bukit%20Jarian%20kos%20khusus%20mahasiswi%20atau%20putri&query_place_id=ChIJMw0Em6HnaC4RPAOE-r50FtA,,
kos Tamansari Bandung,Tamansari,ITB Ganesha / UNPAD Dipatiukur / UNIKOM,Kos Putri Pondok madania,"s, Jl. Tamansari Gg. H. Unen Sumantri, RT.07/RW.13, no5a/59",4.3,+62 813-2230-2868,,https://www.google.com/maps/search/?api=1&query=Kos%20Putri%20Pondok%20madania&query_place_id=ChIJK11seuXnaC4RvEarixflTWk,,
kos murah Bandung,Bandung (Lainnya),Lainnya / Umum,KOS 20B,"Jln. Terusan Gatot Raya Gg. Gegersuni 4 No.20B, RT.07/RW.05",4.6,+62 852-2128-8749,,https://www.google.com/maps/search/?api=1&query=KOS%2020B&query_place_id=ChIJuxeV1EbnaC4RR_pjU7KgKaE,,
kos murah Bandung,Bandung (Lainnya),Lainnya / Umum,Cozy Place Kost Putra,Jl. Sarijadi Raya No.110 Blk II,4.3,+62 813-2194-2227,,https://www.google.com/maps/search/?api=1&query=Cozy%20Place%20Kost%20Putra&query_place_id=ChIJcUJuluvnaC4Rhol00xBM6qg,,
kos Dago / Dipatiukur Bandung,Dago / Dipatiukur,ITB Ganesha / UNPAD Dipatiukur / UNIKOM,Kost Redhome putra,"No.107 A, Jl. Dipati Ukur",4.5,+62 822-1479-0413,,https://www.google.com/maps/search/?api=1&query=Kost%20Redhome%20putra&query_place_id=ChIJB5GIYgDnaC4R0VHBqLdO-l4,,
kos Tubagus Ismail Bandung,Tubagus Ismail,ITB Ganesha / UNPAD Dipatiukur / UNIKOM,Kost Putra HIKMAH D4,Jl. Tubagus Ismail Dalam No.29 RT.04/07,4.3,+62 821-1889-8030,,https://www.google.com/maps/search/?api=1&query=Kost%20Putra%20HIKMAH%20D4&query_place_id=ChIJDUor6wXnaC4RDFIA80-KLSM,,
kos murah Bandung,Bandung (Lainnya),Lainnya / Umum,Kostan putra Bangbayang 22,Jl. Bangbayang No.22,5,+62 858-8566-2674,,https://www.google.com/maps/search/?api=1&query=Kostan%20putra%20Bangbayang%2022&query_place_id=ChIJI8LDAOvnaC4RJ_Y63PgXzRg,,
kos murah Bandung,Bandung (Lainnya),Lainnya / Umum,Ivan Kost,Jl. Cihampelas No.302,4,+62 812-2266-621,,https://www.google.com/maps/search/?api=1&query=Ivan%20Kost&query_place_id=ChIJn8O1cvbmaC4Rg4uO41Ew4jY,,
kos murah Bandung,Bandung (Lainnya),Lainnya / Umum,Wildan Kost,Jl. Kapten Abdul Hamid No.85B,5,+62 813-8646-2093,,https://www.google.com/maps/search/?api=1&query=Wildan%20Kost&query_place_id=ChIJW0iGNbLnaC4RBpQjWskGFKU,,
kos Gegerkalong / Setiabudi Bandung,Gegerkalong / Setiabudi,UPI Setiabudi / POLBAN,Kost Ibu Cicih,"Jl. Dr. Setiabudi No.35, RT.02/RW.03",4.9,+62 821-6540-1901,,https://www.google.com/maps/search/?api=1&query=Kost%20Ibu%20Cicih&query_place_id=ChIJKzBkrn_naC4RWpATu2umdeg,,
kos murah Bandung,Bandung (Lainnya),Lainnya / Umum,Rent house,"No. 19, Jalan Muararajeun lama III, RT.07/RW.05",4.8,+62 812-2293-229,,https://www.google.com/maps/search/?api=1&query=Rent%20house&query_place_id=ChIJB9LXYMLnaC4RFTqk_nJ1lrA,,
kos murah Bandung,Bandung (Lainnya),Lainnya / Umum,Nanino Kost,Jl. Bangbayang No.27B,5,+62 812-2588-9269,,https://www.google.com/maps/search/?api=1&query=Nanino%20Kost&query_place_id=ChIJCbxFlKznaC4ReiyX_nMB55k,,
kos murah Bandung,Bandung (Lainnya),Lainnya / Umum,Kosan pak Riki pa/pi - Mamapura,Jl. Jurang Gg. Mama Pura No.682/181,4.7,+62 812-9227-711,,https://www.google.com/maps/search/?api=1&query=Kosan%20pak%20Riki%20pa%2Fpi%20-%20Mamapura&query_place_id=ChIJhToVqALnaC4RHQ5x-tQr4Fo,,
kos Sadang Serang Bandung,Sadang Serang,ITB Ganesha / UNPAD Dipatiukur / UNIKOM,Sadang Green Kost,Jalan Terminal No.16A,4.8,+62 812-7796-2674,,https://www.google.com/maps/search/?api=1&query=Sadang%20Green%20Kost&query_place_id=ChIJBax-gavnaC4RuJ6RbFV9rXQ,,
kos murah Bandung,Bandung (Lainnya),Lainnya / Umum,Kos Putri Sabar 7,Jl. Sabar No.7,5,+62 813-1211-2789,,https://www.google.com/maps/search/?api=1&query=Kos%20Putri%20Sabar%207&query_place_id=ChIJWTI8U8PnaC4RoX-spgNW8AQ,,
kos murah Bandung,Bandung (Lainnya),Lainnya / Umum,Light Home Kost,"Jl. Cibogo 3 No.9 RT05, RW.05",4.5,+62 815-7305-1295,,https://www.google.com/maps/search/?api=1&query=Light%20Home%20Kost&query_place_id=ChIJ7Vi6C37maC4RXeUXMD3yUiM,,
kos Dago / Dipatiukur Bandung,Dago / Dipatiukur,ITB Ganesha / UNPAD Dipatiukur / UNIKOM,Kost Putri Pondok Rachika Dipatiukur,4J49+VR8,4.4,+62 812-2452-0098,,https://www.google.com/maps/search/?api=1&query=Kost%20Putri%20Pondok%20Rachika%20Dipatiukur&query_place_id=ChIJc0yHosHnaC4R61gwFvMRwc0,,
kos murah Bandung,Bandung (Lainnya),Lainnya / Umum,Gratia Kost,Jl. Prof. drg. Soeria Soemantri No.48,3.9,+62 816-4870-190,,https://www.google.com/maps/search/?api=1&query=Gratia%20Kost&query_place_id=ChIJgRqloYbmaC4RCk--xRmAP6M,,
kos Tamansari Bandung,Tamansari,ITB Ganesha / UNPAD Dipatiukur / UNIKOM,Kost Putra Palm House Baru,"4J43+JQ6, Jl. Pelesiran Gang H Iyos",4,+62 22 70784486,,https://www.google.com/maps/search/?api=1&query=Kost%20Putra%20Palm%20House%20Baru&query_place_id=ChIJCwgaqFvmaC4RKghqg5p4zVg,,
kos Kanayakan Bandung,Kanayakan,ITB Ganesha / UNPAD Dipatiukur / UNIKOM,Kost Putra Kanayakan Baru 29-A,Jl. Kanayakan Baru No.29-A,4.6,+62 821-2602-4806,,https://www.google.com/maps/search/?api=1&query=Kost%20Putra%20Kanayakan%20Baru%2029-A&query_place_id=ChIJVwRtrvPnaC4RUNOHTSDcMIU,,
kos Ciumbuleuit Bandung,Ciumbuleuit,UNPAR,Kost Putri Unpar Simphony,Jl. Bukit Jarian No.44 A,5,+62 813-9578-7011,,https://www.google.com/maps/search/?api=1&query=Kost%20Putri%20Unpar%20Simphony&query_place_id=ChIJD5cTRWXnaC4Rr9iv7v1y5Jk,,
kos Gegerkalong Bandung,Gegerkalong,UPI Setiabudi / POLBAN,Kos 33A Lt. 2 Mrt,"Jl. Gegerkalong Girang No.2, Gegerkalong, Kec. Sukasari, Kota Bandung, Jawa Barat 40153",,0896-6377-7896,http://marethadp.tumblr.com/,https://www.google.com/maps/place/Kos+33A+Lt.+2+Mrt/data=!4m7!3m6!1s0x2e68e6bcf8d0c6c7:0xe25a2086b7062440!8m2!3d-6.8645399!4d107.5889038!16s%2Fg%2F11cn8s2hz1!19sChIJx8bQ-LzmaC4RQCQGt4YgWuI?authuser=0&hl=id&rclk=1,,
kos mahasiswa dekat UPI,Setiabudi,UPI Setiabudi,Kosan Ibu Sumi Untuk Putri,"Gg. Dahlia II No.85 RT. 06/06, Isola, Kec. Sukasari, Kota Bandung, Jawa Barat 40154",,0898-4090-181,https://wa.me/628984090181,https://www.google.com/maps/place/Kosan+Ibu+Sumi+Untuk+Putri/data=!4m7!3m6!1s0x2e68e6a49abf906d:0x89c5af2cc412e635!8m2!3d-6.8616224!4d107.5840297!16s%2Fg%2F11bzr9r0x5!19sChIJbZC_mqTmaC4RNeYSxCyvxYk?authuser=0&hl=id&rclk=1,,
kos mahasiswa dekat UPI,Setiabudi,UPI Setiabudi,Pondok Camar (Kost),"Jl. Cipaku Indah II Gang Bapak Hari, RT.01/RW.02, Ledeng, Kec. Cidadap, Kota Bandung, Jawa Barat 40143",,0821-2753-7777,https://l.instagram.com/?u=https://linktr.ee/pondokcamar.bdg?fbclid=PAZXh0bgNhZW0CMTEAAafZWRkd4MveWLWQBS8UmWgj_f87davrpuvkYOTYVYPPx4LKb7rSVcOUPhRz2g_aem_5nKEyMsKyMElsVh1dNexWA&e=AT3-OgAj_ZZh5F75KV91u5XE6QKWwoXnRXCkL-pdCk7ByEh_m4aCGpZ6yImq4a9uLyYnjXT10VLVVDDLUwGCxhSgliiqrBSNxtFdFA,https://www.google.com/maps/place/Pondok+Camar+%28Kost%29/data=!4m7!3m6!1s0x2e68e70011d5ff37:0x7707408e5ac8efb1!8m2!3d-6.860485!4d107.5963053!16s%2Fg%2F11vr41_zxx!19sChIJN__VEQDnaC4Rse_IWo5AB3c?authuser=0&hl=id&rclk=1,,
kos Setiabudi Bandung,Setiabudi,UPI Setiabudi / POLBAN,Toserba Griya Setiabudi,"Jl. Dr. Setiabudi No.170L, Hegarmanah, Kec. Cidadap, Kota Bandung, Jawa Barat 40141",,(022) 2043884,https://yogyagroup.com/,https://www.google.com/maps/place/Toserba+Griya+Setiabudi/data=!4m7!3m6!1s0x2e68e6947bb9e291:0xa620d6916b17d3ea!8m2!3d-6.8718229!4d107.594418!16s%2Fg%2F11b60tw4_l!19sChIJkeK5e5TmaC4R6tMXa5HWIKY?authuser=0&hl=id&rclk=1,,
kos Setiabudi Bandung,Setiabudi,UPI Setiabudi / POLBAN,youre.at - Setiabudi,"Jl. Dr. Setiabudi No.130-134, Hegarmanah, Kec. Cidadap, Kota Bandung, Jawa Barat 40141",,0817-0219-995,https://www.youre.at/gsa,https://www.google.com/maps/place/youre.at+-+Setiabudi/data=!4m10!3m9!1s0x2e68e71a0f4178b5:0xc48600b1784cf79b!5m2!4m1!1i2!8m2!3d-6.8747556!4d107.5971603!16s%2Fg%2F11q_kzr50c!19sChIJtXhBDxrnaC4Rm_dMeLEAhsQ?authuser=0&hl=id&rclk=1,,
kos Setiabudi Bandung,Setiabudi,UPI Setiabudi / POLBAN,FLIPRO KOSTEL SETIABUDI BANDUNG,"4HPW+4G2, Jl. Cipaku I, Ledeng, Kec. Cidadap, Kota Bandung, Jawa Barat 40143",,0823-1019-9656,https://fatihgroup.co.id/pesantren-kost/,https://www.google.com/maps/place/FLIPRO+KOSTEL+SETIABUDI+BANDUNG/data=!4m7!3m6!1s0x2e68e7006ca5ac9d:0xb21757602e5301ab!8m2!3d-6.8647623!4d107.5962636!16s%2Fg%2F11lcmkd5yg!19sChIJnaylbADnaC4RqwFTLmBXF7I?authuser=0&hl=id&rclk=1,,
kos Setiabudi Bandung,Gegerkalong,UPI Setiabudi / POLBAN,Kost Kejora Space,"Jl. Dr. Setiabudi Gg. H. Ridho No.5/174, Gegerkalong, Kec. Sukasari, Kota Bandung, Jawa Barat 40153",,0877-3030-8119,https://www.instagram.com/kost.kejoraspace?igsh=MTdjemwyaGxhZHo2dA%3D%3D&utm_source=qr,https://www.google.com/maps/place/Kost+Kejora+Space/data=!4m7!3m6!1s0x2e68e7006c3eb515:0x49582c650b39a4da!8m2!3d-6.8674505!4d107.5931759!16s%2Fg%2F11xl3x0p7z!19sChIJFbU-bADnaC4R2qQ5C2UsWEk?authuser=0&hl=id&rclk=1,,
kos Setiabudi Bandung,Setiabudi,UPI Setiabudi / POLBAN,Casa Feby Guest House & Kost,"Jl. Babakan Jeruk 1 Jl. Jeruk Sitrun No.40, Sukagalih, Kec. Sukajadi, Kota Bandung, Jawa Barat 40163",,0812-2035-0510,http://www.febygroup.com/,https://www.google.com/maps/place/Casa+Feby+Guest+House+%26+Kost/data=!4m10!3m9!1s0x2e68e67d98ad4795:0x5c20f424d7b6a942!5m2!4m1!1i2!8m2!3d-6.8897252!4d107.5826244!16s%2Fg%2F11fp4hz231!19sChIJlUetmH3maC4RQqm21yT0IFw?authuser=0&hl=id&rclk=1,,
kos Setiabudi Bandung,Gegerkalong,UPI Setiabudi / POLBAN,pa wahyu kost,"Jl. Dr. Setiabudi No.97, Gegerkalong, Kec. Sukasari, Kota Bandung, Jawa Barat 40153",,0813-9999-89621,http://www.pway.com/,https://www.google.com/maps/place/pa+wahyu+kost/data=!4m7!3m6!1s0x2e68e6930dd21031:0xb5182ca35d388120!8m2!3d-6.8737858!4d107.5953871!16s%2Fg%2F11c6sqt83q!19sChIJMRDSDZPmaC4RIIE4XaMsGLU?authuser=0&hl=id&rclk=1,,
kos Setiabudi Bandung,Setiabudi,UPI Setiabudi / POLBAN,Kost COZY,"Jl. Dr. Setiabudi No.186c, Hegarmanah, Kec. Cidadap, Kota Bandung, Jawa Barat 40141",,0888-2259-703,https://wa.me/message/GY43OJK4I6BEP1,https://www.google.com/maps/place/Kost+COZY/data=!4m7!3m6!1s0x2e68e6944ff0efff:0xc28f508feaa44bb4!8m2!3d-6.8701924!4d107.5940809!16s%2Fg%2F11g9p0tnxz!19sChIJ_-_wT5TmaC4RtEuk6o9Qj8I?authuser=0&hl=id&rclk=1,,
kos Gegerkalong Bandung,Gegerkalong,UPI Setiabudi / POLBAN,Kuskuskos,"Gg. H. Ridho No.6, RT.07/RW.04, Gegerkalong, Kec. Sukasari, Kota Bandung, Jawa Barat 40153",,0813-1313-0091,http://www.instagram.com/kuskuskos,https://www.google.com/maps/place/Kuskuskos/data=!4m7!3m6!1s0x2e68e695ff7aecf3:0xd94e19a61a914f97!8m2!3d-6.867225!4d107.5922371!16s%2Fg%2F11b6hhl2wn!19sChIJ8-x6_5XmaC4Rl0-RGqYZTtk?authuser=0&hl=id&rclk=1,,
kos Gegerkalong Bandung,Gegerkalong,UPI Setiabudi / POLBAN,Kost Oren Sukasari Bandung,"Jl. Gegerkalong Tengah No.48 (blk 73, RT.04/RW.03, Gegerkalong, Kec. Sukasari, Kota Bandung, Jawa Barat 40153",,0895-6052-98022,https://mamikos.com/room/kost-kota-bandung-kost-campur-eksklusif-kost-oren-sukasari-bandung-1,https://www.google.com/maps/place/Kost+Oren+Sukasari+Bandung/data=!4m7!3m6!1s0x2e68e770b6ac7d63:0xbc63b32465cea62f!8m2!3d-6.8656039!4d107.5914405!16s%2Fg%2F11t0sr2fm5!19sChIJY32stnDnaC4RL6bOZSSzY7w?authuser=0&hl=id&rclk=1,,
kos Sekeloa Bandung,Sekeloa,ITB Ganesha / UNPAD Dipatiukur / UNIKOM,Wisma Cirebon Kost Putri,Jl. Sekeloa Utara 1 No.5,2.8,+62 812-2320-8540,,https://www.google.com/maps/search/?api=1&query=Wisma%20Cirebon%20Kost%20Putri&query_place_id=ChIJawB56cHnaC4RfJUzgHsFebY,,
kos Gegerkalong Bandung,Gegerkalong,UPI Setiabudi / POLBAN,Kost Putri Lilis,"Jl. Gegerkalong Tengah No.16A, Gegerkalong, Kec. Sukasari, Kota Bandung, Jawa Barat 40153",,0821-2644-2733,https://wa.link/lxetvf/,https://www.google.com/maps/place/Kost+Putri+Lilis/data=!4m7!3m6!1s0x2e68e7a1cbc7cf61:0xc08253a625ff3cf5!8m2!3d-6.8684915!4d107.591453!16s%2Fg%2F11mq74bf_m!19sChIJYc_Hy6HnaC4R9Tz_JaZTgsA?authuser=0&hl=id&rclk=1,,
kos Gegerkalong Bandung,Gegerkalong,UPI Setiabudi / POLBAN,RUKUN Place Bandung,"Jl. Dr. Setiabudi Dalam No.7A, Ledeng, Kec. Cidadap, Kota Bandung, Jawa Barat 40143",,(022) 32097096,http://www.rukunplace.com/,https://www.google.com/maps/place/RUKUN+Place+Bandung/data=!4m10!3m9!1s0x2e68e6cb17e6597f:0xdc20273f90eaabb5!5m2!4m1!1i2!8m2!3d-6.847503!4d107.601634!16s%2Fg%2F11yvszwhdh!19sChIJf1nmF8vmaC4RtavqkD8nINw?authuser=0&hl=id&rclk=1,,
kos Gegerkalong Bandung,Gegerkalong,UPI Setiabudi,RedDoorz near Upi Sersan Bajuri Bandung,"Jl. Sersan Bajuri No.35, Isola, Kec. Sukasari, Kota Bandung, Jawa Barat 40154",,0813-2227-795,https://www.reddoorz.com/id-id/hotel/indonesia/bandung/setiabudi/lembang/reddoorz-near-upi-setiabudi-2?utm_campaign=webclick&utm_medium=mybusiness&utm_source=google,https://www.google.com/maps/place/RedDoorz+near+Upi+Sersan+Bajuri+Bandung/data=!4m10!3m9!1s0x2e68e6b74ab17a5b:0x8e2c23efccf0429d!5m2!4m1!1i2!8m2!3d-6.855602!4d107.591965!16s%2Fg%2F11flw6tnw8!19sChIJW3qxSrfmaC4RnULwzO8jLI4?authuser=0&hl=id&rclk=1,,
kos dekat UPI Bandung,Gegerkalong,UPI Setiabudi,Kost Setiabudi,"Jl. Budi Luhur I No.:1, Gegerkalong, Kec. Sukasari, Kota Bandung, Jawa Barat 40153",,0812-8360-8888,http://kossetiabudibandung.blogspot.com/,https://www.google.com/maps/place/Kost+Setiabudi/data=!4m7!3m6!1s0x2e68e6940d2ccc41:0x7ab6857de9c06680!8m2!3d-6.87152!4d107.5935028!16s%2Fg%2F1hf9tmnby!19sChIJQcwsDZTmaC4RgGbA6X2Ftno?authuser=0&hl=id&rclk=1,,
kos dekat UPI Bandung,Setiabudi,UPI Setiabudi,Kost EDUMEDIA Geger Asih,"Jl. Geger Asih No.148, Isola, Kec. Sukasari, Kota Bandung, Jawa Barat 40154",,0812-2384-925,https://linktr.ee/KostEdumedia,https://www.google.com/maps/place/Kost+EDUMEDIA+Geger+Asih/data=!4m7!3m6!1s0x2e68e75bffa50f7b:0x4fda747b0149ac78!8m2!3d-6.8625322!4d107.5884678!16s%2Fg%2F11pyd44jxd!19sChIJew-l_1vnaC4ReKxJAXt02k8?authuser=0&hl=id&rclk=1,,
kos dekat UPI Bandung,Gegerkalong,UPI Setiabudi,Kost EDUMEDIA Geger Sari,"Gg Geger Sari No.45, Gegerkalong, Sukasari, Bandung City, West Java 40153",,0812-2384-925,https://linktr.ee/KostEdumedia,https://www.google.com/maps/place/Kost+EDUMEDIA+Geger+Sari/data=!4m7!3m6!1s0x2e68e72312353869:0xe60896b026912b6c!8m2!3d-6.8630738!4d107.5865206!16s%2Fg%2F11rph3m0qj!19sChIJaTg1EiPnaC4RbCuRJrCWCOY?authuser=0&hl=id&rclk=1,,
kos dekat UPI Bandung,Gegerkalong,UPI Setiabudi,Kost EDUMEDIA Geger Bakti,"gg Geger Bakti masuk depan alfamart No.6B, Gegerkalong, Kec. Sukasari, Kota Bandung, Jawa Barat 40153",,0812-2384-925,https://linktr.ee/KostEdumedia,https://www.google.com/maps/place/Kost+EDUMEDIA+Geger+Bakti/data=!4m7!3m6!1s0x2e68e7f6efba8875:0x584b74f6eb957770!8m2!3d-6.8630461!4d107.5871039!16s%2Fg%2F11pycspgkr!19sChIJdYi67_bnaC4RcHeV6_Z0S1g?authuser=0&hl=id&rclk=1,,
kos dekat UPI Bandung,Gegerkalong,UPI Setiabudi,Kost Putri ACI 7,"Jl. Cilimus, Isola, Kec. Sukasari, Kota Bandung, Jawa Barat 40154",,(022) 93773677,http://www.acikost.com/,https://www.google.com/maps/place/Kost+Putri+ACI+7/data=!4m7!3m6!1s0x2e68e6b09efe647b:0xe64544c9ddac391f!8m2!3d-6.8567357!4d107.5901661!16s%2Fg%2F11bws862c4!19sChIJe2T-nrDmaC4RHzms3clEReY?authuser=0&hl=id&rclk=1,,
kos dekat UPI Bandung,Gegerkalong,UPI Setiabudi,Kost Putri 2,"Jl. Cilimus, Isola, Kec. Sukasari, Kota Bandung, Jawa Barat 40154",,0896-7420-3664,http://www.kostputri.net/,https://www.google.com/maps/place/Kost+Putri+2/data=!4m7!3m6!1s0x2e68e6ba10c33ced:0xcd9f92ffcecd7336!8m2!3d-6.8581891!4d107.5911454!16s%2Fg%2F11hbb_tt47!19sChIJ7TzDELrmaC4RNnPNzv-Sn80?authuser=0&hl=id&rclk=1,,
kos dekat UPI Bandung,Gegerkalong,UPI Setiabudi,KOST PUTRI PONDOK ADILA,"Jl. Cilimus No.11, Isola, Kec. Sukasari, Kota Bandung, Jawa Barat 40154",,0896-8097-1923,http://kampungcilimus.com/,https://www.google.com/maps/place/KOST+PUTRI+PONDOK+ADILA/data=!4m7!3m6!1s0x2e68e6ba0ce1867f:0x4c7c120ae2ace6af!8m2!3d-6.8573619!4d107.5905595!16s%2Fg%2F11c489v5nj!19sChIJf4bhDLrmaC4Rr-as4goSfEw?authuser=0&hl=id&rclk=1,,
kos dekat UPI Bandung,Gegerkalong,UPI Setiabudi,Kost Putri 8,"Jl. Cilimus No.24, Isola, Kec. Sukasari, Kota Bandung, Jawa Barat 40154",,(022) 93773677,http://www.kostupi.blogspot.com/,https://www.google.com/maps/place/Kost+Putri+8/data=!4m7!3m6!1s0x2e68e6ba1115b325:0xabc1b0f9b796608a!8m2!3d-6.8560555!4d107.5916544!16s%2Fg%2F1td82tq0!19sChIJJbMVEbrmaC4RimCWt_mwwas?authuser=0&hl=id&rclk=1,,
kos murah Bandung,Bandung (Lainnya),Lainnya / Umum,Lavender Home Kost Putri,Jl. Tengku Angkasa No.40,5,+62 817-228-988,,https://www.google.com/maps/search/?api=1&query=Lavender%20Home%20Kost%20Putri&query_place_id=ChIJrc52hD3naC4RImblI9cJk8c,,
kos murah Bandung,Bandung (Lainnya),Lainnya / Umum,Kost Putra Ciheulang Baru 3,Jl. Ciheulang Baru No.3,4.9,+62 22 2502707,,https://www.google.com/maps/search/?api=1&query=Kost%20Putra%20Ciheulang%20Baru%203&query_place_id=ChIJD6fokP_maC4RATjgw_vTAu0,,
kos murah Bandung,Bandung (Lainnya),Lainnya / Umum,Kos Putri Pak Jimmi no. 4A,Jl. Rancabentang I No.4A,4.8,+62 812-5847-867,,https://www.google.com/maps/search/?api=1&query=Kos%20Putri%20Pak%20Jimmi%20no.%204A&query_place_id=ChIJ83NJsAvnaC4RNfavCmnsloA,,
kos murah Bandung,Bandung (Lainnya),Lainnya / Umum,Kost putra/putri KTB 42/28 A,3HPW+R55,4.7,+62 852-2136-0746,,https://www.google.com/maps/search/?api=1&query=Kost%20putra%2Fputri%20KTB%2042%2F28%20A&query_place_id=ChIJiWb5tX3naC4R4a0x4roYybM,,
kos Cibiru / Panyileukan Bandung,Cibiru / Panyileukan,UIN Sunan Gunung Djati,KOSAN PONDOK CEMARA,"3P66+6VP, Jl. Terusan Panyileukan",5,+62 857-0802-5361,,https://www.google.com/maps/search/?api=1&query=KOSAN%20PONDOK%20CEMARA&query_place_id=ChIJNWzMmRPDaC4R_8UxayV7pIE,,
kos Gegerkalong / Setiabudi Bandung,Gegerkalong / Setiabudi,UPI Setiabudi,Kost Aina,Jalan Jupiter Selatan 12 Blok S2 54/58 KAV 1,5,+62 821-1356-5936,,https://www.google.com/maps/search/?api=1&query=Kost%20Aina&query_place_id=ChIJwRBhClfpaC4RFKPnak1OOfM,,
kos Tamansari Bandung,Tamansari,ITB Ganesha / UNPAD Dipatiukur / UNIKOM,Cerys Kost 3.0 - Kost Khusus Putri,Gg. Pancaniti No.155/58,4.7,+62 812-1478-046,,https://www.google.com/maps/search/?api=1&query=Cerys%20Kost%203.0%20-%20Kost%20Khusus%20Putri&query_place_id=ChIJSUfvo0XmaC4RsJjkgVemaVg,,
kos Antapani Bandung,Antapani,Lainnya / Umum,Kost Sehati Antapani Bandung,Jl. Cikampek XVI No.17,5,+62 852-9407-0694,,https://www.google.com/maps/search/?api=1&query=Kost%20Sehati%20Antapani%20Bandung&query_place_id=ChIJ02zmrrPnaC4RWVTybT5RmTQ,,
kos murah Bandung,Bandung (Lainnya),Lainnya / Umum,Muzhaffar Kost,"Kel, Jl. Desa Cipadung Kp. Cisalatri No.100a, RT.02/RW.06",3.7,+62 859-5666-4710,,https://www.google.com/maps/search/?api=1&query=Muzhaffar%20Kost&query_place_id=ChIJb1jOJ-rdaC4REzLJmhYN9jM,,
kos murah Bandung,Bandung (Lainnya),Lainnya / Umum,Cream House Kost Eksklusif,"3P56+P6F, Jl. Sakola II",5,+62 878-8346-7835,,https://www.google.com/maps/search/?api=1&query=Cream%20House%20Kost%20Eksklusif&query_place_id=ChIJc8uWZ6rDaC4RPxVYeXEnSww,,
kos murah Bandung,Bandung (Lainnya),Lainnya / Umum,Kost Pondok Arjuna,3PC8+2FF,5,+62 823-1605-8109,,https://www.google.com/maps/search/?api=1&query=Kost%20Pondok%20Arjuna&query_place_id=ChIJDQ1A3LvDaC4Rhq2v5tM0m2w,,
kos murah Bandung,Bandung (Lainnya),Lainnya / Umum,Kost Pondok Batra,Jl. Baturaden VIII No.6,4.3,+62 813-2144-9843,,https://www.google.com/maps/search/?api=1&query=Kost%20Pondok%20Batra&query_place_id=ChIJ0S6C9iroaC4RZl1t76zA90w,,
kos murah Bandung,Bandung (Lainnya),Lainnya / Umum,Kost Paviliun Mawar,Jl. Parakan Saat III No.145b,4.4,+62 812-2344-134,,https://www.google.com/maps/search/?api=1&query=Kost%20Paviliun%20Mawar&query_place_id=ChIJTcE1J7LDaC4Rk3oZYKUa2rY,,
kos Bandung Selatan / Timur Bandung,Bandung Selatan / Timur,Lainnya / Umum,Kosan Metro,"Venus Timur IX No. 1 Margahayu, Jl. Venus Tim. IX No.1",4.4,+62 812-2122-2260,,https://www.google.com/maps/search/?api=1&query=Kosan%20Metro&query_place_id=ChIJzTmIVafCaC4Rzup54hqhdHE,,
kos murah Bandung,Bandung (Lainnya),Lainnya / Umum,Guest House Husna,Jl. Melati Utama No.58 A,4.9,+62 813-2000-0651,,https://www.google.com/maps/search/?api=1&query=Guest%20House%20Husna&query_place_id=ChIJj3H9eaDDaC4RYyArSfoSTco,,
kos murah Bandung,Bandung (Lainnya),Lainnya / Umum,Cipadung Indah Park,"taman cipadung indah, Komplek Jl. Kemala No.27",4.3,+62 822-1727-0628,,https://www.google.com/maps/search/?api=1&query=Cipadung%20Indah%20Park&query_place_id=ChIJ2dWKsNvCaC4RwurMZJnTLHM,,
kos murah Bandung,Bandung (Lainnya),Lainnya / Umum,Kosan El-Wina Putri,"Jl. Gg. Kujang No.11, RT.01/RW.06",4.7,+62 816-831-554,,https://www.google.com/maps/search/?api=1&query=Kosan%20El-Wina%20Putri&query_place_id=ChIJ97SyG8bDaC4RUwDOi7JSJDo,,
kos Antapani Bandung,Antapani,Lainnya / Umum,Kosan D'flamboyan,Jl. Antapani Lama Gg. Tarumasari No.6,4.5,+62 895-2570-2469,,https://www.google.com/maps/search/?api=1&query=Kosan%20D'flamboyan&query_place_id=ChIJ4Qn-gPLnaC4R5yNXclGuSAM,,
kos murah Bandung,Bandung (Lainnya),Lainnya / Umum,Kost pak samudji,"3P44+4R6, Jl. Teratai II",4.5,+62 853-2046-0987,,https://www.google.com/maps/search/?api=1&query=Kost%20pak%20samudji&query_place_id=ChIJeTOBybrDaC4R30QPcfPJaDU,,
kos murah Bandung,Bandung (Lainnya),Lainnya / Umum,Kost bintangloka rancabolang,Jl. Rancabolang No.28b,4.6,,https://mamikos.com/room/kost-kota-bandung-kost-campur-murah-kost-pondok-bintangloka-buahbatu-bandung-2,https://www.google.com/maps/search/?api=1&query=Kost%20bintangloka%20rancabolang&query_place_id=ChIJ01bQoILpaC4R-P6oB5BM8SI,,
kos Ciumbuleuit Bandung,Ciumbuleuit,UNPAR,Kos putri,Jl. Bukit Jarian No.33b,5,+62 821-1790-2033,,https://www.google.com/maps/search/?api=1&query=Kos%20putri&query_place_id=ChIJ-V7RXwDnaC4RvC3ueBCsoQc,,
kos murah Bandung,Bandung (Lainnya),Lainnya / Umum,RIVA KOST,"3PGC+6GC, Jl. Jatikaler, RT.02/RW.07",5,,https://rivakostedi6d.beddealid.cfd/,https://www.google.com/maps/search/?api=1&query=RIVA%20KOST&query_place_id=ChIJLQ_FIQDDaC4RjQgkueRojVQ,,
kos murah Bandung,Bandung (Lainnya),Lainnya / Umum,Kosan Bowie,Jl. Cilengkrang II Jl. Palasari 2 No.7,4.7,+62 812-3451-5636,,https://www.google.com/maps/search/?api=1&query=Kosan%20Bowie&query_place_id=ChIJLciX6C7daC4Rxcph2HopPqA,,
kos murah Bandung,Bandung (Lainnya),Lainnya / Umum,Kos Putri Pondok Rahayu,Jl. Teratai I No.19,4.3,+62 852-8452-8804,,https://www.google.com/maps/search/?api=1&query=Kos%20Putri%20Pondok%20Rahayu&query_place_id=ChIJqw4QB93CaC4Ri5O7W9EcPr8,,
kos murah Bandung,Bandung (Lainnya),Lainnya / Umum,Kost Pondok Putri Flamboyan 1,Jl. Flamboyan No.1,4.9,,https://mamikos.com/room/kost-kota-bandung-kost-putri-murah-kost-pondok-flamboyan-1-panyileukan-bandung,https://www.google.com/maps/search/?api=1&query=Kost%20Pondok%20Putri%20Flamboyan%201&query_place_id=ChIJt1kGoSLDaC4RdIlizR7wvyE,,
kos Cibiru / Panyileukan Bandung,Cibiru / Panyileukan,UIN Sunan Gunung Djati,Home Y Kost Putri,Komp. Bumi Panyileukan No.14 blok G6,5,+62 857-5982-2848,,https://www.google.com/maps/search/?api=1&query=Home%20Y%20Kost%20Putri&query_place_id=ChIJbZ6d9XPDaC4RsLCFewNdY7A,,
kos murah Bandung,Bandung (Lainnya),Lainnya / Umum,Kost Putri Bunga Anyelir,Jl. Anyelir II No.27,4.9,+62 878-2805-6209,,https://www.google.com/maps/search/?api=1&query=Kost%20Putri%20Bunga%20Anyelir&query_place_id=ChIJv8PXVu7DaC4Rm-sEWPJAoBM,,
kos Sekeloa Bandung,Sekeloa,ITB Ganesha / UNPAD Dipatiukur / UNIKOM,Kost Putri Chrysalis,Jl. Sekeloa A No.21,4.6,,https://www.facebook.com/Kost-Bandung-Sekeloa-Chrysalis-107182072664929,https://www.google.com/maps/search/?api=1&query=Kost%20Putri%20Chrysalis&query_place_id=ChIJOT9jHDjnaC4Rk2iSsdKnUVs,,
kos Sekeloa Bandung,Sekeloa,ITB Ganesha / UNPAD Dipatiukur / UNIKOM,kost putri sekeloa tengah 27,4J69+3QW,4.7,+62 812-2011-7988,,https://www.google.com/maps/search/?api=1&query=kost%20putri%20sekeloa%20tengah%2027&query_place_id=ChIJezzz5FTmaC4RKcg59p_gglo,,
kos murah Bandung,Bandung (Lainnya),Lainnya / Umum,Kost Putra putri Wisma Dirgantara,"Gang H.Mulya No.76, RT.2/RW.6",4,+62 812-2175-312,,https://www.google.com/maps/search/?api=1&query=Kost%20Putra%20putri%20Wisma%20Dirgantara&query_place_id=ChIJodY9rgTDaC4RV4Lka_zqsm8,,
kos murah Bandung,Bandung (Lainnya),Lainnya / Umum,Kost Pondok Mizan Putra,"Jl. Desa Cipadung No.19, RT.2/RW.8",4.8,+62 822-1922-4989,,https://www.google.com/maps/search/?api=1&query=Kost%20Pondok%20Mizan%20Putra&query_place_id=ChIJJS-XQirDaC4R6W15oTkSLus,,
kos murah Bandung,Bandung (Lainnya),Lainnya / Umum,Kost Putra Griya Manisi 81,Jl. Manisi No.81,5,+62 896-9689-6282,,https://www.google.com/maps/search/?api=1&query=Kost%20Putra%20Griya%20Manisi%2081&query_place_id=ChIJX63fGwDDaC4R5L2NF2uktf4,,
kos Gegerkalong / Setiabudi Bandung,Gegerkalong / Setiabudi,UPI Setiabudi,Kost Pondok Aren,"3M46+GH9, Jl. Jupiter Barat",5,+62 878-2212-7222,,https://www.google.com/maps/search/?api=1&query=Kost%20Pondok%20Aren&query_place_id=ChIJDfCFALfpaC4RjFYCvcgsFSk,,
kos Gegerkalong / Setiabudi Bandung,Gegerkalong / Setiabudi,UPI Setiabudi,Kost N 77 putri sholehah,Jl. Yupiter Barat XII Blok N II No.77,5,+62 811-2343-991,,https://www.google.com/maps/search/?api=1&query=Kost%20N%2077%20putri%20sholehah&query_place_id=ChIJFbaWBBvpaC4R5c0xV86Kcnw,,
kos murah Bandung,Bandung (Lainnya),Lainnya / Umum,Kost Putri Arka House,Jl. Cikampek V No.31,5,+62 821-7404-2652,,https://www.google.com/maps/search/?api=1&query=Kost%20Putri%20Arka%20House&query_place_id=ChIJ-RJwXgDnaC4RHU5b-hq9WQ0,,
kos murah Bandung,Bandung (Lainnya),Lainnya / Umum,Kost Gagak Satu 25,"NO+WA, Gg. Gagak I No.25",4.8,+62 812-1476-2069,,https://www.google.com/maps/search/?api=1&query=Kost%20Gagak%20Satu%2025&query_place_id=ChIJHbPMw-LnaC4RxDn80U4vuak,,
kos murah Bandung,Bandung (Lainnya),Lainnya / Umum,Kost putra Sariasih 1/21 Jalan Sariasih 1 Sarijadi Bandung,"Jl. Sariasih I No.21, RT.06/RW.10",4.5,+62 898-7421-846,,https://www.google.com/maps/search/?api=1&query=Kost%20putra%20Sariasih%201%2F21%20Jalan%20Sariasih%201%20Sarijadi%20Bandung&query_place_id=ChIJs7IHEtrnaC4Rd4IJA-raioQ,,
kos murah Bandung,Bandung (Lainnya),Lainnya / Umum,Kost Putri Bangbayang,"4J99+PH5, Gg. Bangbayang Timur",4.6,+62 821-6400-6759,,https://www.google.com/maps/search/?api=1&query=Kost%20Putri%20Bangbayang&query_place_id=ChIJlVKmTj7naC4RRRr4QgnzHhM,,
kos murah Bandung,Bandung (Lainnya),Lainnya / Umum,Kost Putra SB17,Jl. Sukawarna Baru No.17,5,+62 822-1974-4752,,https://www.google.com/maps/search/?api=1&query=Kost%20Putra%20SB17&query_place_id=ChIJwfoyOHTnaC4RoSZhD5wpJug,,
kos Sukajadi / Pasteur Bandung,Sukajadi / Pasteur,Maranatha / ITB Ganesha,Putri Sapujagad Kost Pasteur Bandung,Jl. Sapujagat No.2,,+62 811-9008-7829,https://www.rukita.co/place/putri-sapujagad-kost-pasteur-bandung?utm_source=referral&utm_medium=GMB&utm_campaign=property&utm_content=putri-sapujagad-kost-pasteur-bandung,https://www.google.com/maps/search/?api=1&query=Putri%20Sapujagad%20Kost%20Pasteur%20Bandung&query_place_id=ChIJ1_LMnvLnaC4RAk1ORVEfxBI,,
kos murah Bandung,Bandung (Lainnya),Lainnya / Umum,Kos Putri Sidomukti 63B,Gg. Cikondang II No.63b,4.8,+62 813-8111-3028,,https://www.google.com/maps/search/?api=1&query=Kos%20Putri%20Sidomukti%2063B&query_place_id=ChIJbfRqnZ3naC4RGCcNcUQDQn4,,
kos murah Bandung,Bandung (Lainnya),Lainnya / Umum,KOST Koe Puteri RABEN 4 a,Jl. Rancabentang I No.4a,3,+62 812-5847-867,,https://www.google.com/maps/search/?api=1&query=KOST%20Koe%20Puteri%20RABEN%204%20a&query_place_id=ChIJ0yq35iznaC4RuhoABpIOZTI,,
kos Tamansari Bandung,Tamansari,ITB Ganesha / UNPAD Dipatiukur / UNIKOM,Kost Pelesiran 21 & 23,Jl. Pelesiran No.23,4,+62 812-2240-2607,,https://www.google.com/maps/search/?api=1&query=Kost%20Pelesiran%2021%20%26%2023&query_place_id=ChIJV1kSG7fnaC4RcvgJypl2ZZA,,
kos Cisitu Bandung,Cisitu,ITB Ganesha / UNPAD Dipatiukur / UNIKOM,Kos Putri Ruri,Jl. Cisitu Lama No.4 160b,5,+62 812-2005-090,,https://www.google.com/maps/search/?api=1&query=Kos%20Putri%20Ruri&query_place_id=ChIJocP9WQDnaC4Ri1gX-e8--X4,,
kos murah Bandung,Bandung (Lainnya),Lainnya / Umum,Ecodelta Kost,"Blok, Jl. Mustang No.2 No.1B",4.3,+62 812-4660-383,,https://www.google.com/maps/search/?api=1&query=Ecodelta%20Kost&query_place_id=ChIJ7a_Y-YDmaC4ReTSYuY_r3uQ,,
kos murah Bandung,Bandung (Lainnya),Lainnya / Umum,Kos Putri Muslimah,Jl. Ir. H. Juanda Gg. H. Tahyati No.13 158b,4.4,+62 812-2145-073,,https://www.google.com/maps/search/?api=1&query=Kos%20Putri%20Muslimah&query_place_id=ChIJH1Uy9fzmaC4RGzakXjGBWII,,
kos murah Bandung,Bandung (Lainnya),Lainnya / Umum,Kos Putri Annisaa,Gg. H. Tahyati No.36,4.9,+62 818-214-336,,https://www.google.com/maps/search/?api=1&query=Kos%20Putri%20Annisaa&query_place_id=ChIJJ4c4__zmaC4Rv7R-Bv1o5Ww,,
kos murah Bandung,Bandung (Lainnya),Lainnya / Umum,Kost D'Shaf,Jl. Kb. Bibit Barat No.41 D,4.9,+62 878-7828-6937,,https://www.google.com/maps/search/?api=1&query=Kost%20D'Shaf&query_place_id=ChIJA4Xglm_naC4Ri_D7C3WHQDE,,
kos Sukajadi / Pasteur Bandung,Sukajadi / Pasteur,Maranatha / ITB Ganesha,Kost Putri Sukajadi No 16J,"JNE, Jl Sukajadi Ruko No 16 J Sebelah Zest Hotel Sukajadi",4.6,+62 812-2005-8098,,https://www.google.com/maps/search/?api=1&query=Kost%20Putri%20Sukajadi%20No%2016J&query_place_id=ChIJFz9_gF3maC4Rw3fzITKTlYs,,
kos murah Bandung,Bandung (Lainnya),Lainnya / Umum,Kos Clover,Jl. Haur Pancuh No.80,4.8,+62 811-2345-081,,https://www.google.com/maps/search/?api=1&query=Kos%20Clover&query_place_id=ChIJfWIX_InnaC4RpKN2VHChPls,,
kos murah Bandung,Bandung (Lainnya),Lainnya / Umum,Kos Putri Adelia,4JC7+XH7,5,+62 853-1490-9921,,https://www.google.com/maps/search/?api=1&query=Kos%20Putri%20Adelia&query_place_id=ChIJ_1Xp7R7naC4RcomrlPAyjWY,,
kos Tubagus Ismail Bandung,Tubagus Ismail,ITB Ganesha / UNPAD Dipatiukur / UNIKOM,Kost Putri Tubagus Ismail V No. 18,Jl. Tubagus Ismail V No.18,5,+62 813-1545-1987,,https://www.google.com/maps/search/?api=1&query=Kost%20Putri%20Tubagus%20Ismail%20V%20No.%2018&query_place_id=ChIJoxA2uLXnaC4RHqpZQJdsijs,,
kos murah Bandung,Bandung (Lainnya),Lainnya / Umum,Kosan Ibu Ikah,"4HRV+R97, Jl. Negla",4.9,+62 821-3078-3554,,https://www.google.com/maps/search/?api=1&query=Kosan%20Ibu%20Ikah&query_place_id=ChIJefyn6rnmaC4RX9r6RlWH468,,
kos murah Bandung,Bandung (Lainnya),Lainnya / Umum,Kost blueberry,Jl. Rancakendal No.96C,3.7,+62 853-2018-1155,,https://www.google.com/maps/search/?api=1&query=Kost%20blueberry&query_place_id=ChIJS7LUSdXnaC4RLW9GV6_zYKY,,
kos murah Bandung,Bandung (Lainnya),Lainnya / Umum,Kost Putra Gagak 130 Pusat Kota Bandung,Jl. Gagak No.130,4.4,+62 812-2051-6114,,https://www.google.com/maps/search/?api=1&query=Kost%20Putra%20Gagak%20130%20Pusat%20Kota%20Bandung&query_place_id=ChIJ8zGmaqvnaC4RWGgidvBEtLM,,
kos murah Bandung,Bandung (Lainnya),Lainnya / Umum,Kost H Iyus,"Gg. Bongkaran No.174B/25, RT.06/RW.15",4.8,+62 877-2251-8088,,https://www.google.com/maps/search/?api=1&query=Kost%20H%20Iyus&query_place_id=ChIJgUOQrjDnaC4ReRQ_uryM2_4,,
kos Gegerkalong / Setiabudi Bandung,Gegerkalong / Setiabudi,UPI Setiabudi / POLBAN,Kost Modern,Jl. Gegerkalong Tengah No.20,4.3,+62 817-622-868,,https://www.google.com/maps/search/?api=1&query=Kost%20Modern&query_place_id=ChIJgzh1DJbmaC4R6VwgO-7TZ3Y,,
kos Sadang Serang Bandung,Sadang Serang,ITB Ganesha / UNPAD Dipatiukur / UNIKOM,Ambar Kost Putri Muslimah,Jl. Sadang Tengah II No.2,4.9,+62 822-1139-3306,,https://www.google.com/maps/search/?api=1&query=Ambar%20Kost%20Putri%20Muslimah&query_place_id=ChIJc98McInnaC4RUNOTmKdz8a0,,
kos murah Bandung,Bandung (Lainnya),Lainnya / Umum,Kost Putri Terusan Cigadung 8,Jl. Terusan Cigadung No.8,5,+62 855-1003-372,,https://www.google.com/maps/search/?api=1&query=Kost%20Putri%20Terusan%20Cigadung%208&query_place_id=ChIJ9Rn1XADnaC4RhDQxN3Xm6Zc,,
kos murah Bandung,Bandung (Lainnya),Lainnya / Umum,Kost Putri Cipaganti Permai Bandung,Jl. Cipaganti Permai 3 No.4,4.9,+62 812-1514-4836,,https://www.google.com/maps/search/?api=1&query=Kost%20Putri%20Cipaganti%20Permai%20Bandung&query_place_id=ChIJSbogYU7naC4Rix2H36iWlzk,,
kos Sangkuriang Bandung,Sangkuriang,ITB Ganesha / UNPAD Dipatiukur / UNIKOM,Kost Putri Muslimah,Jl. Sangkuriang No.H-2,4.5,+62 22 92249966,,https://www.google.com/maps/search/?api=1&query=Kost%20Putri%20Muslimah&query_place_id=ChIJT8qeU_fmaC4RjorB3Q97bj0,,
kos murah Bandung,Bandung (Lainnya),Lainnya / Umum,Kost Putri Imah Hejo,Jl. Ciheulang Baru Gg. II no. 10B,5,+62 856-8760-506,,https://www.google.com/maps/search/?api=1&query=Kost%20Putri%20Imah%20Hejo&query_place_id=ChIJU9uMgv_maC4RBwdbp5x0r3s,,
kos murah Bandung,Bandung (Lainnya),Lainnya / Umum,Tyafarina Kost (TRANSAKSI DI TEMPAT),"Tyafarina Kost, Jl. Pasundan Gg Wirabrata No.121/18A",4.7,+62 852-2185-3142,,https://www.google.com/maps/search/?api=1&query=Tyafarina%20Kost%20(TRANSAKSI%20DI%20TEMPAT)&query_place_id=ChIJbYnUk8vnaC4R88HQrMl7WI8,,
kos Dago / Dipatiukur Bandung,Dago / Dipatiukur,ITB Ganesha / UNPAD Dipatiukur / UNIKOM,kost dago asri blok c no 17a,"C No.17, Jl. Dago Asri",4.5,+62 852-6564-9001,,https://www.google.com/maps/search/?api=1&query=kost%20dago%20asri%20blok%20c%20no%2017a&query_place_id=ChIJJzzjYOPmaC4R-9lxed3tN-M,,
kos murah Bandung,Bandung (Lainnya),Lainnya / Umum,Kost Tengku Angkasa,Jl. Tengku Angkasa No.38,4.6,+62 813-2064-3065,,https://www.google.com/maps/search/?api=1&query=Kost%20Tengku%20Angkasa&query_place_id=ChIJB8474VPmaC4Rbo8uIuDqPME,,
kos Tamansari Bandung,Tamansari,ITB Ganesha / UNPAD Dipatiukur / UNIKOM,Kos Putra / Putri Pancaniti 273,Gg. Pancaniti No.273,5,+62 877-3357-4336,,https://www.google.com/maps/search/?api=1&query=Kos%20Putra%20%2F%20Putri%20Pancaniti%20273&query_place_id=ChIJAVY61uXnaC4RitiL7KH_c2U,,
kos murah Bandung,Bandung (Lainnya),Lainnya / Umum,Kost Mami Nova,"Jl. Babakan Sari No.70 B, RT.001/RW.008",4.8,+62 821-9922-3365,,https://www.google.com/maps/search/?api=1&query=Kost%20Mami%20Nova&query_place_id=ChIJ675ZEcbnaC4RCq7LbnCKqxY,,
kos Cisitu Bandung,Cisitu,ITB Ganesha / UNPAD Dipatiukur / UNIKOM,Kost Putri 165,Jl. Cisitu Lama Atas No.25-160,4.9,+62 877-8889-0710,,https://www.google.com/maps/search/?api=1&query=Kost%20Putri%20165&query_place_id=ChIJ2-LZn6HnaC4RVEiJlhE7Fy0,,
kos murah Bandung,Bandung (Lainnya),Lainnya / Umum,Kost Mattha Putra Assalam Paledang (kost pria),Jl. Paledang No.37,3.9,+62 817-7547-5230,,https://www.google.com/maps/search/?api=1&query=Kost%20Mattha%20Putra%20Assalam%20Paledang%20(kost%20pria)&query_place_id=ChIJG3dJENzlaC4RDveTNAHp_Po,,
kos murah Bandung,Bandung (Lainnya),Lainnya / Umum,A4 Kost Cikutra,"Jl.Terusan Citra Green Garden Jl. Sukanegla, RT.02 Rw05/RW.No.33",4.9,+62 812-2106-8059,,https://www.google.com/maps/search/?api=1&query=A4%20Kost%20Cikutra&query_place_id=ChIJSzOYdNXnaC4RpIDWlPTRnBU,,
kos Tubagus Ismail Bandung,Tubagus Ismail,ITB Ganesha / UNPAD Dipatiukur / UNIKOM,Kost Guntur Tuiba 63,"Jl. Tubagus Ismail Bawah No.63, Lebakgede, Kecamatan Coblong, Kota Bandung, Jawa Barat 40132",,0882-0000-52528,https://www.facebook.com/share/1DhrCuuifi/,https://www.google.com/maps/place/Kost+Guntur+Tuiba+63/data=!4m7!3m6!1s0x2e68e70043d035d9:0xefeadc506413744c!8m2!3d-6.8863091!4d107.615505!16s%2Fg%2F11yzn1thwy!19sChIJ2TXQQwDnaC4RTHQTZFDc6u8?authuser=0&hl=id&rclk=1,,
kos murah Bandung,Bandung (Lainnya),Lainnya / Umum,Rumah kost putra cikutra baru IV No.5,Jl. Cikutra Baru IV No.5,4.8,+62 852-2330-1091,,https://www.google.com/maps/search/?api=1&query=Rumah%20kost%20putra%20cikutra%20baru%20IV%20No.5&query_place_id=ChIJw7lb4XnnaC4RVza4TbxMs8g,,
kos murah Bandung,Bandung (Lainnya),Lainnya / Umum,Kost Putih (Putra),"Jl. Terusan Cikutra Baru No.2, RT.002/RW.006",4.4,+62 818-748-165,,https://www.google.com/maps/search/?api=1&query=Kost%20Putih%20(Putra)&query_place_id=ChIJDS1qjS3naC4Rro41HxO4bGM,,
kos murah Bandung,Bandung (Lainnya),Lainnya / Umum,Kost Putra Cikutra TCB25,"Kosan, Neglasari Kecamatan Cibeunying Kaler Lokasi di depan rumah no 48 atau dibelakang rumah no 27, Jl. Terusan Cikutra Baru No.25B",4.6,+62 819-3123-1339,,https://www.google.com/maps/search/?api=1&query=Kost%20Putra%20Cikutra%20TCB25&query_place_id=ChIJcRxcGb3naC4RpUkSArlpwCQ,,
kos murah Bandung,Bandung (Lainnya),Lainnya / Umum,MERENAH KOST,Jl. Babakan Baru No.100,4.8,+62 813-7423-8893,,https://www.google.com/maps/search/?api=1&query=MERENAH%20KOST&query_place_id=ChIJcZDDb5PnaC4RRYUx-FJgrdc,,
kos murah Bandung,Bandung (Lainnya),Lainnya / Umum,KOST BUDI,Jl. Cikutra Barat No.80,4.3,+62 877-8168-6460,,https://www.google.com/maps/search/?api=1&query=KOST%20BUDI&query_place_id=ChIJT-gfw6_naC4ROAQzjxlcpNM,,
kos Tubagus Ismail Bandung,Tubagus Ismail,ITB Ganesha / UNPAD Dipatiukur / UNIKOM,Kos Putra Bapak Ismail,Jl. Tubagus Ismail No.3,3.5,+62 22 2505563,,https://www.google.com/maps/search/?api=1&query=Kos%20Putra%20Bapak%20Ismail&query_place_id=ChIJ33uDDQDnaC4RRrUmV8uqNxo,,
kos Tubagus Ismail Bandung,Tubagus Ismail,ITB Ganesha / UNPAD Dipatiukur / UNIKOM,Kost Putri Tubagus Ismail,Jl. Tubagus Ismail No.88,4.2,+62 858-1415-9480,,https://www.google.com/maps/search/?api=1&query=Kost%20Putri%20Tubagus%20Ismail&query_place_id=ChIJlfIfpP_maC4RietFCsqZ1vw,,
kos murah Bandung,Bandung (Lainnya),Lainnya / Umum,Kost Putra Anggrek 2,4J6C+6HR,4.3,+62 812-1213-1310,,https://www.google.com/maps/search/?api=1&query=Kost%20Putra%20Anggrek%202&query_place_id=ChIJ2UuQDELnaC4RVW-tHG_1ReU,,
kos murah Bandung,Bandung (Lainnya),Lainnya / Umum,Kost Engkus ( Pria & Mahasiswa ),Jl. Kb. Bibit Utara No.98,4,+62 895-3303-16711,,https://www.google.com/maps/search/?api=1&query=Kost%20Engkus%20(%20Pria%20%26%20Mahasiswa%20)&query_place_id=ChIJFwHgPUfnaC4RrHIpqV1UjRs,,
kos Sadang Serang Bandung,Sadang Serang,ITB Ganesha / UNPAD Dipatiukur / UNIKOM,rumah kost sonni hadi,"Gg. II No. A28, Sadang Serang, Kecamatan Coblong, Kota Bandung, Jawa Barat 40133",,0821-1628-5252,https://www.facebook.com/sonni.hadi,https://www.google.com/maps/place/rumah+kost+sonni+hadi/data=!4m7!3m6!1s0x2e68e6531883d6eb:0x4537665d4a4a308b!8m2!3d-6.8938972!4d107.620007!16s%2Fg%2F11g6wbvv94!19sChIJ69aDGFPmaC4RizBKSl1mN0U?authuser=0&hl=id&rclk=1,,
kos Sadang Serang Bandung,Sadang Serang,ITB Ganesha / UNPAD Dipatiukur / UNIKOM,Kos Ciung,"Jl. Ciung No.3, Sadang Serang, Kecamatan Coblong, Kota Bandung, Jawa Barat 40133",,0813-4252-7582,https://mamikos.com/room/kost-kota-bandung-kost-campur-eksklusif-kost-ciung-murah-coblong-bandung-2,https://www.google.com/maps/place/Kos+Ciung/data=!4m7!3m6!1s0x2e68e7881284dc73:0xcb074689d0b7e86d!8m2!3d-6.8974545!4d107.6207691!16s%2Fg%2F11pdscdvn7!19sChIJc9yEEojnaC4Rbei30IlGB8s?authuser=0&hl=id&rclk=1,,
kos murah Bandung,Bandung (Lainnya),Lainnya / Umum,Kost putra rumah roti,"Jl. Ir. H. Juanda No.11/158a, RT.05/RW.09",5,+62 813-8999-8210,,https://www.google.com/maps/search/?api=1&query=Kost%20putra%20rumah%20roti&query_place_id=ChIJB-2lV4nnaC4REy3Kir5nV5k,,
kos Tubagus Ismail Bandung,Sekeloa,ITB Ganesha / UNPAD Dipatiukur / UNIKOM,Kost WM at Tubagus Bandung,"Jl. Ciheulang Baru No.7, Sekeloa, Kecamatan Coblong, Kota Bandung, Jawa Barat 40134",,0811-8125-525,http://www.instagram.com/kostwm_bandung,https://www.google.com/maps/place/Kost+WM+at+Tubagus+Bandung/data=!4m7!3m6!1s0x2e68e736e24cfee5:0x43623545c7e97444!8m2!3d-6.8861058!4d107.619268!16s%2Fg%2F11fhr06dnl!19sChIJ5f5M4jbnaC4RRHTpx0U1YkM?authuser=0&hl=id&rclk=1,,
kos murah Bandung,Bandung (Lainnya),Lainnya / Umum,Kos Putri Bumi Tsuroyyaa,"4J2J+M6J, Gg. Perumnas Sukaluyu I",2.7,+62 811-755-372,,https://www.google.com/maps/search/?api=1&query=Kos%20Putri%20Bumi%20Tsuroyyaa&query_place_id=ChIJh_-y6uHnaC4Rb7vpiIBXG6M,,
kos murah Bandung,Bandung (Lainnya),Lainnya / Umum,Kos Putri Bu Popon,"Jl. Muararajeun Lama No.30, RT.04/RW.04",5,+62 813-2018-9822,,https://www.google.com/maps/search/?api=1&query=Kos%20Putri%20Bu%20Popon&query_place_id=ChIJ-XT7oFXnaC4R-9sGXLO0buY,,
kos murah Bandung,Bandung (Lainnya),Lainnya / Umum,KOST PUTRI C-24,"40191, Jl. Cikondang No.24",,+62 22 2507774,http://kostputribandungpusat.blogspot.co.id/,https://www.google.com/maps/search/?api=1&query=KOST%20PUTRI%20C-24&query_place_id=ChIJ_3HF16jnaC4RtoUnzRzKLgg,,
kos Sadang Serang Bandung,Sadang Serang,ITB Ganesha / UNPAD Dipatiukur / UNIKOM,Kost Putra Sadang Serang,"No.19 Blok 6, Perumnas Jl. Sadang Sari",5,+62 813-2187-3330,,https://www.google.com/maps/search/?api=1&query=Kost%20Putra%20Sadang%20Serang&query_place_id=ChIJcU3hmDTnaC4R5teABuq0I6g,,
kos Dago / Dipatiukur Bandung,Dago / Dipatiukur,ITB Ganesha / UNPAD Dipatiukur / UNIKOM,kost putra D15 dago asri,"C No.19, Jl. Dago Asri",4.8,+62 812-2156-2810,,https://www.google.com/maps/search/?api=1&query=kost%20putra%20D15%20dago%20asri&query_place_id=ChIJ-x_YPD7naC4RO2WH5vQ6vjo,,
kos Tubagus Ismail Bandung,Tubagus Ismail,ITB Ganesha / UNPAD Dipatiukur / UNIKOM,Kost Pavilion Tubis,"Komplek, Jl. Tubagus Ismail XII No., 14",5,+62 811-861-330,,https://www.google.com/maps/search/?api=1&query=Kost%20Pavilion%20Tubis&query_place_id=ChIJ9y4aoYXnaC4RWT3MwfUJogI,,
kost dekat ITB Ganesha,Dago / Dipatiukur,ITB Ganesha,Daun Residence,"Jl. Ir. H. Juanda No.126, Lebakgede, Kecamatan Coblong, Kota Bandung, Jawa Barat 40132",,0811-8613-333,http://www.daunresidencebandung.com/,https://www.google.com/maps/place/Daun+Residence/data=!4m10!3m9!1s0x2e68e7d493940f6b:0x7c35216a9d6df568!5m2!4m1!1i2!8m2!3d-6.889906!4d107.6135851!16s%2Fg%2F11fjwzfhxh!19sChIJaw-Uk9TnaC4RaPVtnWohNXw?authuser=0&hl=id&rclk=1,,
kos Cisitu Bandung,Cisitu,ITB Ganesha / UNPAD Dipatiukur / UNIKOM,Kanzek House [Kost Putra],"Gg. Cisitu Lama I No.20C, RT.08/RW.11",5,+62 851-5657-6236,,https://www.google.com/maps/search/?api=1&query=Kanzek%20House%20%5BKost%20Putra%5D&query_place_id=ChIJLdN2MbbnaC4R-vjXdMk-d4A,,
kos murah Bandung,Bandung (Lainnya),Lainnya / Umum,KOST EKSKLUSIF HARIAN BULANAN,"jln Sukamulya indah I no 7, Jl. Sukamulya Indah I No.7",4.1,+62 812-4660-383,,https://www.google.com/maps/search/?api=1&query=KOST%20EKSKLUSIF%20HARIAN%20BULANAN&query_place_id=ChIJJ-TZ4i7naC4R-nn_SvdFSh8,,
kos murah Bandung,Bandung (Lainnya),Lainnya / Umum,Habibah Kost,Jl. Baladewa Asri 1 No.14,3.9,+62 822-6213-0506,,https://www.google.com/maps/search/?api=1&query=Habibah%20Kost&query_place_id=ChIJA8JTGG_maC4RPujvZhHhKlA,,
kos murah Bandung,Bandung (Lainnya),Lainnya / Umum,Kost Om Ijal & Tante Mita,Jl. Gotong Royong,4.5,+62 822-4077-4466,,https://www.google.com/maps/search/?api=1&query=Kost%20Om%20Ijal%20%26%20Tante%20Mita&query_place_id=ChIJM7izsxDpaC4RGfz0NjzDC5o,,
kos murah Bandung,Bandung (Lainnya),Lainnya / Umum,Kos Putra Surapati Cibeunying Kaler,Jl. Surapati Gg. Sukaluyu I No.86B,4.3,+62 812-2001-344,,https://www.google.com/maps/search/?api=1&query=Kos%20Putra%20Surapati%20Cibeunying%20Kaler&query_place_id=ChIJBfNlKcrnaC4Rk46zzhpsB5w,,
kos murah Bandung,Bandung (Lainnya),Lainnya / Umum,Kost CGS-82,Jl. Cigadung Selatan No.82,4.8,+62 812-2011-955,,https://www.google.com/maps/search/?api=1&query=Kost%20CGS-82&query_place_id=ChIJ2zzUDqrnaC4RphpFX6VwvQQ,,
kos murah Bandung,Bandung (Lainnya),Lainnya / Umum,GRIYA BALI - Rumah Kost,Jl. Babakan Priangan VI No.101A,4.7,+62 812-1461-2626,,https://www.google.com/maps/search/?api=1&query=GRIYA%20BALI%20-%20Rumah%20Kost&query_place_id=ChIJT_EcuxrpaC4RjFdidTIp-qA,,
kos Dago / Dipatiukur Bandung,Dago / Dipatiukur,ITB Ganesha / UNPAD Dipatiukur / UNIKOM,Kost Kuning Dago,"Jl. Lamping Situ No.14, RT.05/RW.06",4.8,+62 852-2190-1328,,https://www.google.com/maps/search/?api=1&query=Kost%20Kuning%20Dago&query_place_id=ChIJnTh2st7naC4RR4KnNGS2ssU,,
kos murah Bandung,Bandung (Lainnya),Lainnya / Umum,Raleigh House (Kost Putri),"Jl Linggawastu Dalam, Gg Asoka No.317/25, RT.004/RW.016",4.8,+62 821-1698-6698,,https://www.google.com/maps/search/?api=1&query=Raleigh%20House%20(Kost%20Putri)&query_place_id=ChIJo8uchrrnaC4RsHy_Rm4Zs-Q,,
kos murah Bandung,Bandung (Lainnya),Lainnya / Umum,Kost Putri - MUSTROOM - Room for Rent,Jl. Waas A No.3,4.9,+62 812-2123-558,,https://www.google.com/maps/search/?api=1&query=Kost%20Putri%20-%20MUSTROOM%20-%20Room%20for%20Rent&query_place_id=ChIJ_cd80xvpaC4RywFkH-AxajA,,
kos murah Bandung,Bandung (Lainnya),Lainnya / Umum,Kost Mutumanikam,Jl. Mutumanikam No.22,4.6,+62 811-211-340,,https://www.google.com/maps/search/?api=1&query=Kost%20Mutumanikam&query_place_id=ChIJ2fpU8WLoaC4RMVnMQJQwKwM,,
kos murah Bandung,Bandung (Lainnya),Lainnya / Umum,Kost Khansa,"Jl. Gumuruh Gg. Maleer Timur IX No.62, RT.09/RW.05",4.6,+62 821-1537-6408,,https://www.google.com/maps/search/?api=1&query=Kost%20Khansa&query_place_id=ChIJU3KmhazpaC4RYR3tNKXgPRo,,
kos murah Bandung,Bandung (Lainnya),Lainnya / Umum,Kost Cakradinata 9,Jl. Cakradinata No.9 A,4.6,+62 813-1300-4030,,https://www.google.com/maps/search/?api=1&query=Kost%20Cakradinata%209&query_place_id=ChIJPUI0Jz7oaC4REaBq9iLSomA,,
kos murah Bandung,Bandung (Lainnya),Lainnya / Umum,Kost Jati Indah,"3J4M+5X5, Jl. Jati Indah Raya",4.6,+62 878-5508-5346,,https://www.google.com/maps/search/?api=1&query=Kost%20Jati%20Indah&query_place_id=ChIJ_YZi62joaC4R2XlBmiXiaGo,,
kos Tamansari Bandung,Tamansari,ITB Ganesha / UNPAD Dipatiukur / UNIKOM,Kostan NyLa (Khusus Putri),Jl. Tamansari Gg. H. Unen Sumantri No.12/59 RT 05,5,+62 821-2129-0909,,https://www.google.com/maps/search/?api=1&query=Kostan%20NyLa%20(Khusus%20Putri)&query_place_id=ChIJ5RVOXcbnaC4RwuZ1MBShQSc,,
kos murah Bandung,Bandung (Lainnya),Lainnya / Umum,Kost Saung Bona,Jl. Batununggal Sari (Jl. Batu Sari) Gg. Batu Slamet I No.159 RT 04/11. Kel Batununggal Kec. Bandung Kidul,5,+62 812-1479-2135,,https://www.google.com/maps/search/?api=1&query=Kost%20Saung%20Bona&query_place_id=ChIJc52D70fpaC4Rcp4-PXxqSIg,,
kos Cisitu Bandung,Cisitu,ITB Ganesha / UNPAD Dipatiukur / UNIKOM,Kost EdiLodge Dago,"Jl. Cisitu Indah VI No.186b, Dago, Kecamatan Coblong, Kota Bandung, Jawa Barat 40135",,0852-1324-0302,https://mamikos.com/room/kost-kota-bandung-kost-putra-eksklusif-kost-apik-pak-edi-dago-tipe-e-coblong-bandung,https://www.google.com/maps/place/Kost+EdiLodge+Dago/data=!4m7!3m6!1s0x2e68e704745a4def:0xa58758a8df282cfe!8m2!3d-6.8734641!4d107.6138678!16s%2Fg%2F11txlr1gx0!19sChIJ701adATnaC4R_iwo36hYh6U?authuser=0&hl=id&rclk=1,,
kos murah Bandung,Bandung (Lainnya),Lainnya / Umum,Kost Pondok Citra,"3J7V+75P, Gg. Kb. Kangkung IX",4.6,+62 821-3623-2525,,https://www.google.com/maps/search/?api=1&query=Kost%20Pondok%20Citra&query_place_id=ChIJvcYdDYTpaC4RCyJBNAysG0s,,
kos murah Bandung,Bandung (Lainnya),Lainnya / Umum,Rumah Kost Jamrud 11 (Kost Pria),Jl. Jamrud Barat No.11,4.9,+62 811-8335-088,,https://www.google.com/maps/search/?api=1&query=Rumah%20Kost%20Jamrud%2011%20(Kost%20Pria)&query_place_id=ChIJz4ErLUTdaC4RAYb2B0GwJFA,,
kos Cisitu Bandung,Cisitu,ITB Ganesha / UNPAD Dipatiukur / UNIKOM,Rehat Coliving Kost Cisitu,"Jl. Cisitu Indah 4 No.3, Dago, Kecamatan Coblong, Kota Bandung, Jawa Barat 40135",,0851-9006-4924,http://rehat.co/,https://www.google.com/maps/place/Rehat+Coliving+Kost+Cisitu/data=!4m7!3m6!1s0x2e68e7f6db83fbc5:0x6658a29689dbddab!8m2!3d-6.8759042!4d107.6125091!16s%2Fg%2F11y1lg5y46!19sChIJxfuD2_bnaC4Rq93biZaiWGY?authuser=0&hl=id&rclk=1,,
kos murah Bandung,Bandung (Lainnya),Lainnya / Umum,Kosan Ibu Mae,"4HGV+WJ9, Jl. Budi Luhur",4.4,+62 22 2035502,,https://www.google.com/maps/search/?api=1&query=Kosan%20Ibu%20Mae&query_place_id=ChIJFaFkhZPmaC4RAH-O_Iu8aT0,,
kos Sekeloa Bandung,Sekeloa,ITB Ganesha / UNPAD Dipatiukur / UNIKOM,Kost 74,Jl. Sekeloa Utara No.74,4.8,+62 821-1822-6323,,https://www.google.com/maps/search/?api=1&query=Kost%2074&query_place_id=ChIJZe5OhSvnaC4RX08ZRk-r8fg,,
kos murah Bandung,Bandung (Lainnya),Lainnya / Umum,Kosan Karyawan Kamar Mandi Dalam,"Komplek, Jl. Batik Ayu Jl. Pahlawan No.28",4.8,+62 822-3535-3562,,https://www.google.com/maps/search/?api=1&query=Kosan%20Karyawan%20Kamar%20Mandi%20Dalam&query_place_id=ChIJN6ni4K7naC4Rmpq3q6UlIzI,,
kos Sekeloa Bandung,Sekeloa,ITB Ganesha / UNPAD Dipatiukur / UNIKOM,Kost Sekeloa Utama,"Jl. Sekeloa Utara No.30, RW.02",3.4,+62 819-1806-4059,,https://www.google.com/maps/search/?api=1&query=Kost%20Sekeloa%20Utama&query_place_id=ChIJT10VglXmaC4ROzV3yQmt-EI,,
kos Kanayakan Bandung,Kanayakan,ITB Ganesha,KOST BAGOES,"komplek dosen ITB, Jl. Kanayakan D 45",4.7,+62 819-1844-1606,,https://www.google.com/maps/search/?api=1&query=KOST%20BAGOES&query_place_id=ChIJQx6ouwDnaC4RVCN4ti1wiPA,,
kos Tubagus Ismail Bandung,Sekeloa,ITB Ganesha / UNPAD Dipatiukur / UNIKOM,Kost Villa Ravi,"Jalan Tubagus Ismail VIII Timur No.2, Sekeloa, Kecamatan Coblong, Kota Bandung, Jawa Barat 40134",,0817-617-514,http://www.villaravi.com/,https://www.google.com/maps/place/Kost+Villa+Ravi/data=!4m7!3m6!1s0x2e68e7002f307e0d:0x9014f05b2c8b8b43!8m2!3d-6.8845905!4d107.6219426!16s%2Fg%2F11cs6cx5f3!19sChIJDX4wLwDnaC4RQ4uLLFvwFJA?authuser=0&hl=id&rclk=1,,
kos murah Bandung,Bandung (Lainnya),Lainnya / Umum,KOST BAPAK HANS,Jl. DR. Djundjunan Dalam III No.10,3.8,,http://kostjunjunan.weebly.com/,https://www.google.com/maps/search/?api=1&query=KOST%20BAPAK%20HANS&query_place_id=ChIJ1Ucuim_maC4R-X672vbxKo4,,
kos murah Bandung,Bandung (Lainnya),Lainnya / Umum,Kost Putra,Jl. Cipaku Indah I No.19,4.8,+62 815-6046-251,,https://www.google.com/maps/search/?api=1&query=Kost%20Putra&query_place_id=ChIJa9HMY7_maC4R1fiDviQRvBo,,
kos murah Bandung,Bandung (Lainnya),Lainnya / Umum,Kosan Ibu Ratna,Jl. Budi Luhur No.Dalam,4,+62 821-3025-0022,,https://www.google.com/maps/search/?api=1&query=Kosan%20Ibu%20Ratna&query_place_id=ChIJN_BKIZTmaC4RacSIKVA6DQ4,,
kos Tubagus Ismail Bandung,Tubagus Ismail,ITB Ganesha / UNPAD Dipatiukur / UNIKOM,Kosan Tubagus Ismail XVII/1,Jl. T. Ismail XVII No.1,4.4,+62 821-4443-0008,,https://www.google.com/maps/search/?api=1&query=Kosan%20Tubagus%20Ismail%20XVII%2F1&query_place_id=ChIJcXo1k_7maC4Ry4YRShKuKl4,,
kos murah Bandung,Bandung (Lainnya),Lainnya / Umum,KOST Ramli 19,Jl. Ramli No.19,4.6,+62 812-9756-7567,,https://www.google.com/maps/search/?api=1&query=KOST%20Ramli%2019&query_place_id=ChIJdZV2cC7maC4RKR9MLIZ6Uh8,,
kos murah Bandung,Bandung (Lainnya),Lainnya / Umum,Oregon Kos Bandung,Jl. Pangarang No.34b no. 34 B,4.7,+62 818-201-309,,https://www.google.com/maps/search/?api=1&query=Oregon%20Kos%20Bandung&query_place_id=ChIJM7CoK6rnaC4R2YvqxyEszAE,,
kos Buah Batu Bandung,Buah Batu,Telkom University / ISBI,Kost Buah Batu Suryalaya Lengkong Bandung,Jl. Suryalaya Tim. No.7,4.3,+62 878-9496-9698,,https://www.google.com/maps/search/?api=1&query=Kost%20Buah%20Batu%20Suryalaya%20Lengkong%20Bandung&query_place_id=ChIJ49X7pWHoaC4Ry-SGaNT9myM,,
kos murah Bandung,Bandung (Lainnya),Lainnya / Umum,Puspa Kost Bandung,"Jl. Sukawarna Gang I No.30, RT.02/RW.01",4.8,+62 859-5136-4965,,https://www.google.com/maps/search/?api=1&query=Puspa%20Kost%20Bandung&query_place_id=ChIJxUcT8UrnaC4RYQAoV_WvNGs,,
kos Tamansari Bandung,Tamansari,ITB Ganesha / UNPAD Dipatiukur / UNIKOM,Nona Kost,"Jl Taman Pelesiran No.21, RT.006/RW.006",4.8,+62 895-3261-53812,,https://www.google.com/maps/search/?api=1&query=Nona%20Kost&query_place_id=ChIJkX0o3-rnaC4RwHpQoz4y-zY,,
kos Sadang Serang Bandung,Sadang Serang,ITB Ganesha / UNPAD Dipatiukur / UNIKOM,Kost Pria Khatulistiwa Jalan Gagak,"Jl. Gagak No.172 A, Sadang Serang, Kecamatan Coblong, Kota Bandung, Jawa Barat 40123",,0818-630-824,https://www.youtube.com/watch?v=6WqeRr2WcLY,https://www.google.com/maps/place/Kost+Pria+Khatulistiwa+Jalan+Gagak/data=!4m7!3m6!1s0x2e68e7bc8bf9bbeb:0x1323543e733f8f5!8m2!3d-6.8932426!4d107.6276094!16s%2Fg%2F11pq1nrly5!19sChIJ67v5i7znaC4R9fgz50M1MgE?authuser=0&hl=id&rclk=1,,
kos Sadang Serang Bandung,Sadang Serang,ITB Ganesha / UNPAD Dipatiukur / UNIKOM,Kost A28,"Gg. II No.A28, Sadang Serang, Kecamatan Coblong, Kota Bandung, Jawa Barat 40133",,0821-1628-5252,http://sonnihadi.blogspot.com/,https://www.google.com/maps/place/Kost+A28/data=!4m7!3m6!1s0x2e68e70034349151:0xf1aa5604e3aa1651!8m2!3d-6.893889!4d107.6200825!16s%2Fg%2F11yrp343t_!19sChIJUZE0NADnaC4RURaq4wRWqvE?authuser=0&hl=id&rclk=1,,
kos murah Bandung,Bandung (Lainnya),Lainnya / Umum,Pondok Kost Nani Iskandar,"Jl. H. Sayuti No.48, RT.3/RW.7",4.6,+62 817-126-517,,https://www.google.com/maps/search/?api=1&query=Pondok%20Kost%20Nani%20Iskandar&query_place_id=ChIJAeek-EfpaC4RuJQ4qH_NrK4,,
kos murah Bandung,Bandung (Lainnya),Lainnya / Umum,"Kost Putri Bandung ""FRUITY-HOME"" HANYA PAKAI","Jl. Pagarsih 17 Blkg Percetakan SOECI.17/90, RT10, RW.07",4.8,+62 877-8455-3522,,https://www.google.com/maps/search/?api=1&query=Kost%20Putri%20Bandung%20%22FRUITY-HOME%22%20HANYA%20PAKAI&query_place_id=ChIJJ-PksRjmaC4Rptle3vtW9sM,,
kos murah Bandung,Bandung (Lainnya),Lainnya / Umum,OTTO RESIDENCE -- Kost Pusat Kota Bandung,Jl. Otto Iskandar Dinata belakang No.292,4.4,+62 812-2155-255,,https://www.google.com/maps/search/?api=1&query=OTTO%20RESIDENCE%20--%20Kost%20Pusat%20Kota%20Bandung&query_place_id=ChIJ3derLCfmaC4RdGzOLAMCo0Y,,
kost dekat ITB Ganesha,Cisitu,ITB Ganesha,Reka Kos Dago,"Jl. Cisitu Lama VIII No.13, Dago, Kecamatan Coblong, Kota Bandung, Jawa Barat 40135",,0819-0888-9747,https://rekakos.wordpress.com/,https://www.google.com/maps/place/Reka+Kos+Dago/data=!4m7!3m6!1s0x2e68e6fba8de14e9:0xc61915e8d4f67acf!8m2!3d-6.8796212!4d107.6140105!16s%2Fg%2F11cs6hmmz7!19sChIJ6RTeqPvmaC4Rz3r21OgVGcY?authuser=0&hl=id&rclk=1,,
kos murah Bandung,Bandung (Lainnya),Lainnya / Umum,Rumahku Kost Cijawura,Jl. Cijawura Girang II No.5,4.6,+62 821-1714-6830,,https://www.google.com/maps/search/?api=1&query=Rumahku%20Kost%20Cijawura&query_place_id=ChIJ_82ZwyrpaC4RPvamx0LYOtM,,
kos murah Bandung,Bandung (Lainnya),Lainnya / Umum,Kost Puri Ratih Karapitan Bandung,"3JF8+HP8, Gg. Karapitan I",4.9,+62 811-2288-627,,https://www.google.com/maps/search/?api=1&query=Kost%20Puri%20Ratih%20Karapitan%20Bandung&query_place_id=ChIJJ57rOSrmaC4RACEFtNRrTVE,,
kos murah Bandung,Bandung (Lainnya),Lainnya / Umum,Kost Sritunggal,Jl. Sritunggal No.32,4.3,+62 22 42826906,,https://www.google.com/maps/search/?api=1&query=Kost%20Sritunggal&query_place_id=ChIJUc0jc4XoaC4RXgClbN2c1FM,,
kos murah Bandung,Bandung (Lainnya),Lainnya / Umum,Swiss kost,Jl. Saad No.7,4.4,+62 22 4217979,,https://www.google.com/maps/search/?api=1&query=Swiss%20kost&query_place_id=ChIJnaAE7i7maC4R9bkCd_EgUKs,,
kos murah Bandung,Bandung (Lainnya),Lainnya / Umum,Kost Intan Sepuluh,Jl. Intan No.10,5,+62 813-2219-9882,,https://www.google.com/maps/search/?api=1&query=Kost%20Intan%20Sepuluh&query_place_id=ChIJLRyluR7paC4RMemtaZIVWQs,,
kos murah Bandung,Bandung (Lainnya),Lainnya / Umum,KOST VONY,Jl. Adiwinangun No.25,4.6,+62 856-0694-5527,,https://www.google.com/maps/search/?api=1&query=KOST%20VONY&query_place_id=ChIJn2b33A3naC4RRrJrxuQpZfw,,
kos Tamansari Bandung,Tamansari,UNISBA,Kost Unisba Tamsar,Jl. Tamansari Bawah,4.7,+62 819-5340-3884,,https://www.google.com/maps/search/?api=1&query=Kost%20Unisba%20Tamsar&query_place_id=ChIJFZ9h01XnaC4RYKvRJaRg_zM,,
kos murah Bandung,Bandung (Lainnya),Lainnya / Umum,Kos bu Evi,Jl. Sukaaman I No.22,4.5,+62 822-4002-0054,,https://www.google.com/maps/search/?api=1&query=Kos%20bu%20Evi&query_place_id=ChIJ9xwuRG7naC4RzEBu8f6392M,,
kos murah Bandung,Bandung (Lainnya),Lainnya / Umum,JEVAN KOST BANDUNG,Jl. H. Akbar No.193 6B,4.8,+62 812-2051-7641,,https://www.google.com/maps/search/?api=1&query=JEVAN%20KOST%20BANDUNG&query_place_id=ChIJs2VPGqHnaC4R7M6nmV56E3E,,
kos murah Bandung,Bandung (Lainnya),Lainnya / Umum,Kost Pondok Semar,Jl. Tj. Anom Gg. II No.5,4,+62 815-7208-0257,,https://www.google.com/maps/search/?api=1&query=Kost%20Pondok%20Semar&query_place_id=ChIJL9EzFa7naC4RwKTnuptB2DU,,
kos murah Bandung,Bandung (Lainnya),Lainnya / Umum,Kost Pondok Anugrah,"1, Jl. Buana Mekar No.14",4.8,+62 813-7399-1701,,https://www.google.com/maps/search/?api=1&query=Kost%20Pondok%20Anugrah&query_place_id=ChIJAygM3DfoaC4RxxI2cG6fwm4,,
kos Bandung Selatan / Timur Bandung,Bandung Selatan / Timur,Lainnya / Umum,Dsanty Kost Putri,"Jl. Raya Kopo Gg. Sukaleueur No.39-C, RT.05/RW.02",4.6,+62 857-2407-6955,,https://www.google.com/maps/search/?api=1&query=Dsanty%20Kost%20Putri&query_place_id=ChIJrVAxT1TpaC4RZSqE30JAlAU,,
kos Bandung Tengah Bandung,Bandung Tengah,Lainnya / Umum,Kost Adita,Jl. Wartawan IV No.11,4.2,+62 821-2935-5486,,https://www.google.com/maps/search/?api=1&query=Kost%20Adita&query_place_id=ChIJ8yzcSmToaC4R-2E_wYCZHro,,
kos murah Bandung,Bandung (Lainnya),Lainnya / Umum,Kost Pondok Kresna,Jl. Kresna No.63,4.9,+62 812-2334-597,,https://www.google.com/maps/search/?api=1&query=Kost%20Pondok%20Kresna&query_place_id=ChIJQ4wwai3naC4RaV6bBSHUWZY,,
kos murah Bandung,Bandung (Lainnya),Lainnya / Umum,Kost Calysta,Jl. Ijan,4.2,+62 878-3422-2855,,https://www.google.com/maps/search/?api=1&query=Kost%20Calysta&query_place_id=ChIJm2Mm_53oaC4RLsHwXIIZLOk,,
kos murah Bandung,Bandung (Lainnya),Lainnya / Umum,"T"" Nia kost- kostan",Gg. Saleh No.165 / 66,4.4,+62 811-2320-677,,https://www.google.com/maps/search/?api=1&query=T%22%20Nia%20kost-%20kostan&query_place_id=ChIJ4STeDhXmaC4RIj9FbOwrgWk,,
kost dekat ITB Ganesha,Tamansari,ITB Ganesha,Kost Tamansari 33 56 Coblong Bandung,"Jl. Tamansari No.33/56, RT.004/RW.007, Lb. Siliwangi, Kecamatan Coblong, Kota Bandung, Jawa Barat 40132",,0811-9304-768,https://instagram.com/kost.tamansari3356?igshid=YmMyMTA2M2Y=,https://www.google.com/maps/place/Kost+Tamansari+33+56+Coblong+Bandung/data=!4m7!3m6!1s0x2e68e7d2d8d0c467:0xe3c6c7f4631e2303!8m2!3d-6.894235!4d107.6078247!16s%2Fg%2F11jzclwhgm!19sChIJZ8TQ2NLnaC4RAyMeY_THxuM?authuser=0&hl=id&rclk=1,,
kost dekat ITB Ganesha,Ciumbuleuit,ITB Ganesha,"Kost Bukit Sari 9, dekat UNPAR ITB - Kos Mahasiswa","Jl. Bukit Sari No.9, Hegarmanah, Kec. Cidadap, Kota Bandung, Jawa Barat 40141",,0812-2106-000,https://sites.google.com/view/kostbukitsari,"https://www.google.com/maps/place/Kost+Bukit+Sari+9,+dekat+UNPAR+ITB+-+Kos+Mahasiswa/data=!4m7!3m6!1s0x2e68e6f3d1a4f487:0xe5630eed2adb41d5!8m2!3d-6.8801632!4d107.603229!16s%2Fg%2F11c6cpx493!19sChIJh_Sk0fPmaC4R1UHbKu0OY-U?authuser=0&hl=id&rclk=1",,
kos Sadang Serang Bandung,Sadang Serang,ITB Ganesha / UNPAD Dipatiukur / UNIKOM,Feby Gallery Kost,"Jl. Tikukur No.22, Sadang Serang, Kecamatan Coblong, Kota Bandung, Jawa Barat 40133",,0838-2177-1492,https://febygroup.com/,https://www.google.com/maps/place/Feby+Gallery+Kost/data=!4m7!3m6!1s0x2e68e73d5f50638d:0xe1ddbdc90d099ad!8m2!3d-6.8973418!4d107.6216904!16s%2Fg%2F11hdxhbzc6!19sChIJjWNQXz3naC4RrZnQkNzbHQ4?authuser=0&hl=id&rclk=1,,
kost dekat ITB Ganesha,Tamansari,ITB Ganesha,Kost Gaga,"Jl. Kb. Bibit Utara Dalam No.96b/58, RT.04/RW.05, Tamansari, Kec. Bandung Wetan, Kota Bandung, Jawa Barat 40116",,0858-6402-9774,http://kostgaga.blogspot.com/,https://www.google.com/maps/place/Kost+Gaga/data=!4m7!3m6!1s0x2e68e7128fc97f33:0x1ed00eef221f576!8m2!3d-6.8965635!4d107.6069306!16s%2Fg%2F11m_h5ylxc!19sChIJM3_JjxLnaC4RdvUh8u4A7QE?authuser=0&hl=id&rclk=1,,
kost dekat ITB Ganesha,Sangkuriang,ITB Ganesha,Point Homy Sangkuriang,"Jl. Sangkuriang No.4, Dago, Kecamatan Coblong, Kota Bandung, Jawa Barat 40135",,0821-2100-3636,https://instagram.com/pointhomy?igshid=1oo8gsezli954,https://www.google.com/maps/place/Point+Homy+Sangkuriang/data=!4m10!3m9!1s0x2e68e6f9b37187e1:0x1282dce23a4a6cef!5m2!4m1!1i2!8m2!3d-6.884315!4d107.611677!16s%2Fg%2F11cmhxh2bd!19sChIJ4Ydxs_nmaC4R72xKOuLcghI?authuser=0&hl=id&rclk=1,,
kos murah Bandung,Bandung (Lainnya),Lainnya / Umum,Pondok Kost Gsw31,Jl. Guntursari Wetan No.31,4.9,+62 813-2131-930,,https://www.google.com/maps/search/?api=1&query=Pondok%20Kost%20Gsw31&query_place_id=ChIJMcZ9eWjoaC4R2MLa49NuhV8,,
kos murah Bandung,Bandung (Lainnya),Lainnya / Umum,Kost Jalan Maos,Jl. Maos II No.I no 29,4.3,+62 812-2441-9449,,https://www.google.com/maps/search/?api=1&query=Kost%20Jalan%20Maos&query_place_id=ChIJHfTh_pHoaC4R9MAA_-lgses,,
kos murah Bandung,Bandung (Lainnya),Lainnya / Umum,Kost Putra,Jl. Kota Baru V No.11a,5,+62 812-2126-9722,,https://www.google.com/maps/search/?api=1&query=Kost%20Putra&query_place_id=ChIJrcbRUPPpaC4RmZYTRy1uInA,,
kos murah Bandung,Bandung (Lainnya),Lainnya / Umum,Pondok Putri Abah,3JR3+83M,4.4,+62 816-1967-785,,https://www.google.com/maps/search/?api=1&query=Pondok%20Putri%20Abah&query_place_id=ChIJZy2l2JbnaC4RsbW0b9s1P1o,,
kos Sadang Serang Bandung,Sadang Serang,ITB Ganesha / UNPAD Dipatiukur / UNIKOM,Kost Putra Sadang Hegar,Jl. Sadang Hegar 1 No.16,4.5,+62 878-2233-6618,,https://www.google.com/maps/search/?api=1&query=Kost%20Putra%20Sadang%20Hegar&query_place_id=ChIJEz1EKN3naC4RmMFqwm_4iZs,,
kos murah Bandung,Bandung (Lainnya),Lainnya / Umum,Kosan ibu ida,"Jl. Karang Arum No.49, RT.01/RW.02",4.4,+62 838-2194-5788,,https://www.google.com/maps/search/?api=1&query=Kosan%20ibu%20ida&query_place_id=ChIJo-B-bwLnaC4RAsFZbF2xDo4,,
kos murah Bandung,Bandung (Lainnya),Lainnya / Umum,KOST MURAH REGOL KOTA BANDUNG,"Jl. Moch. Toha Gg. Mulya I No.7C, RT.5/RW.5",4.7,+62 898-6131-178,,https://www.google.com/maps/search/?api=1&query=KOST%20MURAH%20REGOL%20KOTA%20BANDUNG&query_place_id=ChIJewCY9KfpaC4RGARoeHFqtnI,,
kos Dago / Dipatiukur Bandung,Dago / Dipatiukur,ITB Ganesha / UNPAD Dipatiukur / UNIKOM,Kost Dago Timur,Jl. Dago Timur No.20,4.4,,http://www.tempat-kost.com/,https://www.google.com/maps/search/?api=1&query=Kost%20Dago%20Timur&query_place_id=ChIJGcrgzuLmaC4RvsxGB4ZOhMA,,
kos murah Bandung,Bandung (Lainnya),Lainnya / Umum,kost putri murah ISBI,Jl. Situ Emuh No.12,2.9,+62 851-5553-5858,,https://www.google.com/maps/search/?api=1&query=kost%20putri%20murah%20ISBI&query_place_id=ChIJTSrX0DTpaC4RkNjGPOKox2g,,
kost dekat UNPAS,Bandung (Lainnya),UNPAS,Kost Putra UNPAS Bandung,Jl. Nursaid No.No,5,,https://kostputraunpas.blogspot.com/2023/07/kost-putra-unpas.html,https://www.google.com/maps/search/?api=1&query=Kost%20Putra%20UNPAS%20Bandung&query_place_id=ChIJIb3aGsfpaC4RWAF4lpRzWYk,,
kos murah Bandung,Bandung (Lainnya),Lainnya / Umum,Kost putra Gugun Bandung,Jl. Raden Dewi Sartika Gg. H. Sarbini No.77 20B,4.3,+62 858-6008-6863,,https://www.google.com/maps/search/?api=1&query=Kost%20putra%20Gugun%20Bandung&query_place_id=ChIJRx7LJVHnaC4R36TlfZRNS1E,,
kos murah Bandung,Bandung (Lainnya),Lainnya / Umum,kost putra Pondok Imut,Jl. Sapta Taruna IV No.A4 No.2,4.8,+62 878-2160-7119,,https://www.google.com/maps/search/?api=1&query=kost%20putra%20Pondok%20Imut&query_place_id=ChIJQ3qdfxXpaC4RwcguNyZRlJQ,,
kost dekat ITB Ganesha,Tamansari,ITB Ganesha,KOSAN 22 BU HJ IDAH,"Jl. Tamansari Bawah No.22, Tamansari, Kec. Bandung Wetan, Kota Bandung, Jawa Barat 40116",,0813-2072-2817,https://linktr.ee/kosan22buhjidah,https://www.google.com/maps/place/KOSAN+22+BU+HJ+IDAH/data=!4m7!3m6!1s0x2e68e77b94652835:0x762d5b87ee1c51!8m2!3d-6.9036608!4d107.6072478!16s%2Fg%2F11qh5vx7k6!19sChIJNShllHvnaC4RURzuh1stdgA?authuser=0&hl=id&rclk=1,,
kos murah Bandung,Bandung (Lainnya),Lainnya / Umum,Kosan Putra,Jl. Ancol Timur I IV No.4,5,+62 812-2222-0054,,https://www.google.com/maps/search/?api=1&query=Kosan%20Putra&query_place_id=ChIJJTDdxGDpaC4RIsdRQKEWvdE,,
kos murah Bandung,Bandung (Lainnya),Lainnya / Umum,Kost Khusus Pria (Ibu Srie),"Jl. Babakan Ciamis, Kelurahan Kecamatan No.78 A",5,+62 812-2165-608,,https://www.google.com/maps/search/?api=1&query=Kost%20Khusus%20Pria%20(Ibu%20Srie)&query_place_id=ChIJdf41uHvnaC4RV3wERfNJzoQ,,
kos Cibiru / Panyileukan Bandung,Cibiru / Panyileukan,UIN Sunan Gunung Djati,Rumah Kos Satata Panyileukan Bandung ( Putra ),Jl. Sakola II No.21A,5,+62 888-0220-1565,,https://www.google.com/maps/search/?api=1&query=Rumah%20Kos%20Satata%20Panyileukan%20Bandung%20(%20Putra%20)&query_place_id=ChIJN7edbivDaC4R6V7kghwg918,,
kos murah Bandung,Bandung (Lainnya),Lainnya / Umum,Kost Putra Sefira,Jl. Maleer V,5,+62 898-9988-744,,https://www.google.com/maps/search/?api=1&query=Kost%20Putra%20Sefira&query_place_id=ChIJByRX3f3paC4Rm-GRemLIY_o,,
kos murah Bandung,Bandung (Lainnya),Lainnya / Umum,Hanya Booking via Mamikost Kost Sukanda 2,Gg. Parta No.100/34A,4.2,,https://mamikos.com/room/kost-bandung-kost-campur-murah-kost-galih-kebon-pisang-sumur-bandung,https://www.google.com/maps/search/?api=1&query=Hanya%20Booking%20via%20Mamikost%20Kost%20Sukanda%202&query_place_id=ChIJT1n_fcvnaC4RI9lJFvgIZsM,,
kos murah Bandung,Bandung (Lainnya),Lainnya / Umum,Kost-Kostan Ibu Hj. Dadang (Putra/Putri),"Jalan Cikaso Selatan, Gg. Kartini Jl. A. Yani No.52/41",4.3,+62 22 7277063,,https://www.google.com/maps/search/?api=1&query=Kost-Kostan%20Ibu%20Hj.%20Dadang%20(Putra%2FPutri)&query_place_id=ChIJ0X91wsXnaC4RRrefXK-fLwE,,
kos murah Bandung,Bandung (Lainnya),Lainnya / Umum,Kost Putri Bumi Putri Abah 211,Gg. Kina No.211/5A,5,+62 816-1967-785,,https://www.google.com/maps/search/?api=1&query=Kost%20Putri%20Bumi%20Putri%20Abah%20211&query_place_id=ChIJSyrVAJXnaC4RMOKXuaw42qU,,
kos murah Bandung,Bandung (Lainnya),Lainnya / Umum,KOST.ON3 Residence,"Jl. Purawinata Gg. Icin No.1 3, RW.3",4.3,+62 822-1790-0608,,https://www.google.com/maps/search/?api=1&query=KOST.ON3%20Residence&query_place_id=ChIJ1xkDDS7naC4R4H9SeV1wI2U,,
kost dekat ITB Ganesha,Dago / Dipatiukur,ITB Ganesha,The PAVILION Dago,"Jl. Dago Asri V No.5, Dago, Kecamatan Coblong, Kota Bandung, Jawa Barat 40135",,0823-2115-9875,http://paviliondago.weebly.com/,https://www.google.com/maps/place/The+PAVILION+Dago/data=!4m7!3m6!1s0x2e68e6fb9f0b0b39:0xeec10a33ed45d510!8m2!3d-6.8792569!4d107.6142812!16s%2Fg%2F11cp5fm99z!19sChIJOQsLn_vmaC4RENVF7TMKwe4?authuser=0&hl=id&rclk=1,,
kos murah Bandung,Bandung (Lainnya),Lainnya / Umum,Kost AIKA Pria,Jl. Neptunus Timur,4.4,+62 812-2013-9111,,https://www.google.com/maps/search/?api=1&query=Kost%20AIKA%20Pria&query_place_id=ChIJDS1euyLoaC4RQeyG_GczPVQ,,
kos murah Bandung,Bandung (Lainnya),Lainnya / Umum,Kost (Putra) Birds House Residence,"Jl. Pesona Ciwastra Village No.56 BLOK H55, RT.08/RW.06",4.9,,https://mamikos.com/room/kost-kota-bandung-kost-putra-eksklusif-kost-birds-house-residence-tipe-a-rancasari-bandung-2,https://www.google.com/maps/search/?api=1&query=Kost%20(Putra)%20Birds%20House%20Residence&query_place_id=ChIJC4nhS4DDaC4RW1fmym1uaGg,,
kost dekat ITB Ganesha,Dago / Dipatiukur,ITB Ganesha,Sasana Olahraga Ganesha (Saraga) ITB,"Jl. Siliwangi Dalam 3, Lb. Siliwangi, Kecamatan Coblong, Kota Bandung, Jawa Barat 40132",,(022) 2511540,https://saraga-sabuga.itb.ac.id/,https://www.google.com/maps/place/Sasana+Olahraga+Ganesha+%28Saraga%29+ITB/data=!4m7!3m6!1s0x2e68e6f823040e25:0xf1b82cb8be54c4ce!8m2!3d-6.8856584!4d107.6103208!16s%2Fg%2F11bycjbq8n!19sChIJJQ4EI_jmaC4RzsRUvrgsuPE?authuser=0&hl=id&rclk=1,,
kos murah Bandung,Bandung (Lainnya),Lainnya / Umum,Kost Palapa,Jl. Cikaso Barat No.44,4.5,+62 812-2057-276,,https://www.google.com/maps/search/?api=1&query=Kost%20Palapa&query_place_id=ChIJudABK8HnaC4R-LPaY2rJCYI,,
kos murah Bandung,Bandung (Lainnya),Lainnya / Umum,Pondok Kost 37 Pamoyanan,Gg. H. Ahmad No.37 A,4.6,+62 859-6035-9744,,https://www.google.com/maps/search/?api=1&query=Pondok%20Kost%2037%20Pamoyanan&query_place_id=ChIJhaqRS_PpaC4RDiG5W3fx8zU,,
kos murah Bandung,Bandung (Lainnya),Lainnya / Umum,kosan putra putri susmita,"Jl. Susmita No.198, RT.03/RW.08",4.9,+62 822-1686-4375,,https://www.google.com/maps/search/?api=1&query=kosan%20putra%20putri%20susmita&query_place_id=ChIJFyK0wtXnaC4REXIDdsObUgk,,
kos Sadang Serang Bandung,Sadang Serang,ITB Ganesha / UNPAD Dipatiukur / UNIKOM,Kost Pak Haji Oyon,"Jl. Gelatik Dalam, kp Jl. Karang Asih No.400, RT.02/RW.13, Sadang Serang, Kecamatan Coblong, Kota Bandung, Jawa Barat 40133",,0812-8148-0828,https://mamikos.com/room/kost-kota-bandung-kost-campur-murah-kost-pak-haji-oyon-sadang-serang-coblong-bandung-1,https://www.google.com/maps/place/Kost+Pak+Haji+Oyon/data=!4m7!3m6!1s0x2e68e7a59dee0f49:0x8ba460b086ff8b5f!8m2!3d-6.8945757!4d107.6225716!16s%2Fg%2F11fkf5g8rx!19sChIJSQ_unaXnaC4RX4v_hrBgpIs?authuser=0&hl=id&rclk=1,,
kos murah Bandung,Bandung (Lainnya),Lainnya / Umum,Kost Bu Osih I,"3M8R+RX5 belakang Apotek Fajar Abadi, Jl. Rumah Sakit, RT.02/RW.07",4.8,+62 851-7301-7606,,https://www.google.com/maps/search/?api=1&query=Kost%20Bu%20Osih%20I&query_place_id=ChIJlzqBjujDaC4RAI1OU1RKGDM,,
kos murah Bandung,Bandung (Lainnya),Lainnya / Umum,Kost Putra Weferli,"3JWQ+XXW, Gg. Sastrodihardjo IV",5,+62 817-9190-660,,https://www.google.com/maps/search/?api=1&query=Kost%20Putra%20Weferli&query_place_id=ChIJ0bI759LnaC4RtDKL8lPhVBg,,
kos Buah Batu Bandung,Buah Batu,Telkom University / ISBI,Qitt Kost ( Kost Putri ),"Komplek Bank BNI, Jl. Swadharma Jl. Terusan Buah Batu No.31",5,+62 812-2123-206,,https://www.google.com/maps/search/?api=1&query=Qitt%20Kost%20(%20Kost%20Putri%20)&query_place_id=ChIJK3cH9YRuNqIRj5-khJdq_3w,,
kost dekat ITB Ganesha,Ciumbuleuit,ITB Ganesha,Vkost,"Jl. Cisatu II No.10, Ciumbuleuit, Kec. Cidadap, Kota Bandung, Jawa Barat 40141",,(022) 2032220,http://bit.ly/v_kost,https://www.google.com/maps/place/Vkost/data=!4m7!3m6!1s0x2e68e6e96789f469:0x3fbd1b86c26a6ca8!8m2!3d-6.8705624!4d107.6042841!16s%2Fg%2F11d_bhlg1z!19sChIJafSJZ-nmaC4RqGxqwoYbvT8?authuser=0&hl=id&rclk=1,,
kos Cisitu Bandung,Cisitu,ITB Ganesha / UNPAD Dipatiukur / UNIKOM,Kost CIV13,"V, Jl. Cisitu Indah No.13, Dago, Coblong, Bandung City, West Java 40135",,0878-4843-7797,https://condoid.click/kost-civ-dkngnj,https://www.google.com/maps/place/Kost+CIV13/data=!4m7!3m6!1s0x2e68e6e4c6a9e34b:0xfe0490e05aa05e20!8m2!3d-6.8756175!4d107.6137434!16s%2Fg%2F11c6014s5m!19sChIJS-OpxuTmaC4RIF6gWuCQBP4?authuser=0&hl=id&rclk=1,,
kos murah Bandung,Bandung (Lainnya),Lainnya / Umum,KOS HJ ANIE ( Kos Laki laki ),Jl. A. Yani No.26,4.4,+62 822-3361-0661,,https://www.google.com/maps/search/?api=1&query=KOS%20HJ%20ANIE%20(%20Kos%20Laki%20laki%20)&query_place_id=ChIJK1-v9wnnaC4RVV5AtyvE94I,,
kos murah Bandung,Bandung (Lainnya),Lainnya / Umum,Kost putri,Jl. Parabon IV No.15,3.7,+62 813-2020-9209,,https://www.google.com/maps/search/?api=1&query=Kost%20putri&query_place_id=ChIJXXf7UgDpaC4RbVcLroBv9Bs,,
kos murah Bandung,Bandung (Lainnya),Lainnya / Umum,Kost Sekelimus XII No. 15,Jl. Sekelimus XII No.15,4.7,+62 895-6220-63916,,https://www.google.com/maps/search/?api=1&query=Kost%20Sekelimus%20XII%20No.%2015&query_place_id=ChIJh30R-7zpaC4RBsdvJxuEdO0,,
kos murah Bandung,Bandung (Lainnya),Lainnya / Umum,Kost Tanam Paviliun Pak Djadjat,Jl. Iik Amiharja No.20,4.9,,https://bit.ly/2KSFQWD,https://www.google.com/maps/search/?api=1&query=Kost%20Tanam%20Paviliun%20Pak%20Djadjat&query_place_id=ChIJ2fEflJ_paC4Rc0ZW5_PW3NE,,
kos murah Bandung,Bandung (Lainnya),Lainnya / Umum,Mewas Kost Batununggal,Jl. Batununggal Lestari No.5,5,+62 812-2069-2072,,https://www.google.com/maps/search/?api=1&query=Mewas%20Kost%20Batununggal&query_place_id=ChIJz63B2rfpaC4R-IS9goBPj00,,
kos murah Bandung,Bandung (Lainnya),Lainnya / Umum,LuXeeta Kost,Jl. Boncenang No.4,5,+62 898-8880-887,,https://www.google.com/maps/search/?api=1&query=LuXeeta%20Kost&query_place_id=ChIJ0cQKUy_paC4Ri0WRY64i4VI,,
kos Tamansari Bandung,Tamansari,ITB Ganesha / UNPAD Dipatiukur / UNIKOM,Kost Bu Yani 139,Jl. Tamansari Bawah No.139,5,+62 821-2778-2405,,https://www.google.com/maps/search/?api=1&query=Kost%20Bu%20Yani%20139&query_place_id=ChIJSTf4FQDnaC4R-xb4-C04Fto,,
kos murah Bandung,Bandung (Lainnya),Lainnya / Umum,Rumah Melati,Jl. Cijawura Girang II No.22,4,+62 812-2160-7990,,https://www.google.com/maps/search/?api=1&query=Rumah%20Melati&query_place_id=ChIJ2RUAbhXoaC4REsybUAPLkF0,,
kos murah Bandung,Bandung (Lainnya),Lainnya / Umum,Kost Kibaw,Jl. Kiara Condong Gg. Advent No.45/127A,4,+62 821-2911-1072,,https://www.google.com/maps/search/?api=1&query=Kost%20Kibaw&query_place_id=ChIJ5Uu1_OznaC4RXi9MsuKp_m8,,
kos Tamansari Bandung,Tamansari,ITB Ganesha / UNPAD Dipatiukur / UNIKOM,TASA 211 kost,Jl. Tamansari Gg. Lurah Hormat No.211/58,4.9,+62 811-1114-151,,https://www.google.com/maps/search/?api=1&query=TASA%20211%20kost&query_place_id=ChIJOQFWXoLnaC4RyOQ7nY5IzMQ,,
kos murah Bandung,Bandung (Lainnya),Lainnya / Umum,Pondok Nursijan,Jl. Nursijan No.17,4.4,,https://abnb.me/9TOO7GIEcS,https://www.google.com/maps/search/?api=1&query=Pondok%20Nursijan&query_place_id=ChIJXcf-GSnmaC4RQYgMGtMqlrU,,
kos murah Bandung,Bandung (Lainnya),Lainnya / Umum,RIKA KOST,"RIKA KOST, Gg. Pamarset No.45 22B",5,,https://mamikos.com/room/kost-bandung-kost-campur-murah-kost-ibu-rika-tipe-a-astanaanyar-bandung#/,https://www.google.com/maps/search/?api=1&query=RIKA%20KOST&query_place_id=ChIJ7Q787Q7naC4RPaQBB6sKSLA,,
kos murah Bandung,Bandung (Lainnya),Lainnya / Umum,Kos Tulip 1 Bandung Cicendo,Gg. Sukasari No.30,3.8,+62 821-1888-8835,,https://www.google.com/maps/search/?api=1&query=Kos%20Tulip%201%20Bandung%20Cicendo&query_place_id=ChIJaf1_4E3naC4RSeF-Ouni2ks,,
kos murah Bandung,Bandung (Lainnya),Lainnya / Umum,Kost Pondok Barokah,"3M42+XRC, Jl. Cidurian Selatan",3.6,+62 812-2350-417,,https://www.google.com/maps/search/?api=1&query=Kost%20Pondok%20Barokah&query_place_id=ChIJleDne1fpaC4RW-Lhixi5Yvg,,
kos Sadang Serang Bandung,Sadang Serang,ITB Ganesha / UNPAD Dipatiukur / UNIKOM,Kost Pelangi,"4J4G+JCJ, Jl. Cikutra Bar. Gg. Reuma, tengah 1, Sadang Serang, Kecamatan Coblong, Kota Bandung, Jawa Barat 40133",,0815-6053-584,http://pelangi.co.id/,https://www.google.com/maps/place/Kost+Pelangi/data=!4m7!3m6!1s0x2e68e76d21695225:0x30e8a6f5589acb97!8m2!3d-6.893425!4d107.6260195!16s%2Fg%2F11hygv788b!19sChIJJVJpIW3naC4Rl8uaWPWm6DA?authuser=0&hl=id&rclk=1,,
kos murah Bandung,Bandung (Lainnya),Lainnya / Umum,Kos Nafizhan,Jl. Parakan Wangi No.10,5,+62 812-2324-6215,,https://www.google.com/maps/search/?api=1&query=Kos%20Nafizhan&query_place_id=ChIJx9lRRgDpaC4REU1ZDzgc8d0,,
kos murah Bandung,Bandung (Lainnya),Lainnya / Umum,Rumah Kos Kemang 102,"Jl. Kebon Manggu No.102/22C, RT.02/RW.08",4.8,+62 821-4299-7738,,https://www.google.com/maps/search/?api=1&query=Rumah%20Kos%20Kemang%20102&query_place_id=ChIJhww75xPnaC4R6mBbi4r-3Qw,,
kos murah Bandung,Bandung (Lainnya),Lainnya / Umum,Kosan Putra Putri,Jl. Kampus II No.36,5,+62 831-8919-4435,,https://www.google.com/maps/search/?api=1&query=Kosan%20Putra%20Putri&query_place_id=ChIJRe7sMQDnaC4R06_lW5VHJuM,,
kos murah Bandung,Bandung (Lainnya),Lainnya / Umum,Kost Putri Turangga Timur 70,Jl. Turangga Tim. No.70 Kel,5,+62 877-9467-1426,,https://www.google.com/maps/search/?api=1&query=Kost%20Putri%20Turangga%20Timur%2070&query_place_id=ChIJaQ8h9C_paC4R9jntcJW1YqU,,
kos Cisitu Bandung,Cisitu,ITB Ganesha / UNPAD Dipatiukur / UNIKOM,Kos Umi Cisitu Lama,"Jl. Cisitu Lama No.27 160A, RT.04 rw12, Dago, Kecamatan Coblong, Kota Bandung, Jawa Barat 40135",,0857-1717-7918,https://mamikos.com/room/kost-kota-bandung-kost-putra-murah-kost-umi-1-tipe-a-coblong-bandung-1,https://www.google.com/maps/place/Kos+Umi+Cisitu+Lama/data=!4m7!3m6!1s0x2e68e77a640771b5:0x1f59468f25e19597!8m2!3d-6.8789488!4d107.611751!16s%2Fg%2F11sk4nwp9r!19sChIJtXEHZHrnaC4Rl5XhJY9GWR8?authuser=0&hl=id&rclk=1,,
kos murah Bandung,Bandung (Lainnya),Lainnya / Umum,Kost Ceco J'me,"Jl. Cibangkong No.35/120, RT.02/Rw06",4.5,+62 878-2336-3393,,https://www.google.com/maps/search/?api=1&query=Kost%20Ceco%20J'me&query_place_id=ChIJtS5sz9nnaC4RM8_QV6apOlo,,
kos murah Bandung,Bandung (Lainnya),Lainnya / Umum,Kosan murah (Belakang Itenas),Jl. Simpang Pahlawan III IV No.4,4.8,+62 819-4332-3566,,https://www.google.com/maps/search/?api=1&query=Kosan%20murah%20(Belakang%20Itenas)&query_place_id=ChIJq-Y6zAnnaC4RO5IK6iKeHA0,,
kos murah Bandung,Bandung (Lainnya),Lainnya / Umum,Kost Batununggal Lestari Putri,Jl. Batununggal Lestari III No.1,4.8,+62 813-9412-3577,,https://www.google.com/maps/search/?api=1&query=Kost%20Batununggal%20Lestari%20Putri&query_place_id=ChIJx3DoCSzpaC4R-dXXcdV6cnk,,
kos murah Bandung,Bandung (Lainnya),Lainnya / Umum,Kost Muslimah,Jl. Batik Jonas No.7,4.8,+62 812-2025-3367,,https://www.google.com/maps/search/?api=1&query=Kost%20Muslimah&query_place_id=ChIJUVoekq_naC4RHfyaFourXLc,,
kost dekat ITB Ganesha,Dago / Dipatiukur,ITB Ganesha,Rumah Ebo Guesthouse,"Jl. Imam Bonjol No.27, Lebakgede, Kecamatan Coblong, Kota Bandung, Jawa Barat 40132",,0813-2227-795,https://www.urbanviewhotel.com/id-id/hotel/indonesia/bandung/coblong/lebakgede/urbanview-rumah-ebo-dago-bandung?utm_campaign=webclick&utm_medium=mybusiness&utm_source=google,https://www.google.com/maps/place/Rumah+Ebo+Guesthouse/data=!4m10!3m9!1s0x2e68e65153bdcad7:0x9a286557782995f5!5m2!4m1!1i2!8m2!3d-6.8923251!4d107.6151813!16s%2Fg%2F1x6n4lfj!19sChIJ18q9U1HmaC4R9ZUpeFdlKJo?authuser=0&hl=id&rclk=1,,
kos murah Bandung,Bandung (Lainnya),Lainnya / Umum,Kost Tamibil,"Jl. Sukasari II No.271, RT.06/RW.02",5,+62 812-1276-3159,,https://www.google.com/maps/search/?api=1&query=Kost%20Tamibil&query_place_id=ChIJp7OFTlPmaC4RFTasaekelaY,,
kos Gegerkalong / Setiabudi Bandung,Gegerkalong / Setiabudi,UPI Setiabudi,Kosan putra Enggar & Toko kelontongan,jl.Jupiter barat no.XXVII blok Q2 no.91 margahayu barat,4.7,+62 896-0772-6457,,https://www.google.com/maps/search/?api=1&query=Kosan%20putra%20Enggar%20%26%20Toko%20kelontongan&query_place_id=ChIJGYFTyhnoaC4RzLJPmQQLGgU,,
kos Sadang Serang Bandung,Sadang Serang,ITB Ganesha / UNPAD Dipatiukur / UNIKOM,Kost Bandung Paviliun Cemara,"Jl. Cibeunying Kolot IV, Sadang Serang, Kecamatan Coblong, Kota Bandung, Jawa Barat 40133",,0812-5522-7737,http://kostbandungpaviliuncemara.blogspot.com/,https://www.google.com/maps/place/Kost+Bandung+Paviliun+Cemara/data=!4m7!3m6!1s0x2e68e7cb44f0a83d:0x2c8b9abbc816a1f7!8m2!3d-6.8907125!4d107.6280019!16s%2Fg%2F11ghnpcgrt!19sChIJPajwRMvnaC4R96EWyLuaiyw?authuser=0&hl=id&rclk=1,,
kos murah Bandung,Bandung (Lainnya),Lainnya / Umum,Kost-an Jati Indah Ibu Enny - Batununggal - Bandung,3J4M+HXP,4.9,+62 878-2461-9024,,https://www.google.com/maps/search/?api=1&query=Kost-an%20Jati%20Indah%20Ibu%20Enny%20-%20Batununggal%20-%20Bandung&query_place_id=ChIJA09sRMjpaC4RP-zC3hgAth4,,
kos murah Bandung,Bandung (Lainnya),Lainnya / Umum,Kos Futsal Putra Jati,Jl. Mandala No.50,3.9,+62 896-7108-0720,,https://www.google.com/maps/search/?api=1&query=Kos%20Futsal%20Putra%20Jati&query_place_id=ChIJHY1fcmvoaC4R4pHEHpUDd6Y,,
kos murah Bandung,Bandung (Lainnya),Lainnya / Umum,Kost Eky Kiaracondong,"Jl. Babakan Sari III No.275 B, RT.06/RW.09",4.4,+62 896-8241-9913,,https://www.google.com/maps/search/?api=1&query=Kost%20Eky%20Kiaracondong&query_place_id=ChIJO-6hDSbnaC4RtbYAFE_Dh74,,
kos murah Bandung,Bandung (Lainnya),Lainnya / Umum,Kosan Putra,"3JF5+RPH, Jl. Cakradireja",4.2,+62 22 4224035,,https://www.google.com/maps/search/?api=1&query=Kosan%20Putra&query_place_id=ChIJq66TKybmaC4Rop5vjWlVCio,,
kos murah Bandung,Bandung (Lainnya),Lainnya / Umum,Gemilang Kost,Jl. Kotabaru VI No.7,5,+62 812-2403-4353,,https://www.google.com/maps/search/?api=1&query=Gemilang%20Kost&query_place_id=ChIJx_QV88bpaC4RHNLGSPQdR9Q,,
kos murah Bandung,Bandung (Lainnya),Lainnya / Umum,Kost micky 18 gatsu bandung,"Jl. Karees Kulon No.18, RT.02/RW.06",4.9,+62 878-7824-2898,,https://www.google.com/maps/search/?api=1&query=Kost%20micky%2018%20gatsu%20bandung&query_place_id=ChIJYwmlil7naC4RjcRnrFMoKlU,,
kos murah Bandung,Bandung (Lainnya),Lainnya / Umum,Kosan Mamah Erpin,Jl. Inhoftank,4.8,+62 813-2299-7784,,https://www.google.com/maps/search/?api=1&query=Kosan%20Mamah%20Erpin&query_place_id=ChIJ__pnvBzpaC4Rn8jeKlFAH7o,,
kos Tamansari Bandung,Tamansari,ITB Ganesha / UNPAD Dipatiukur / UNIKOM,White House 282 Kost Bejo,Gg. H. Unen Sumantri Jl. Tamansari Bawah No.282/59,5,+62 878-2430-1442,,https://www.google.com/maps/search/?api=1&query=White%20House%20282%20Kost%20Bejo&query_place_id=ChIJ-xKCRNDnaC4RBe3TRlXB9hg,,
kos murah Bandung,Bandung (Lainnya),Lainnya / Umum,Kost Pondok Nugraha / C1 no 12,Jl. Muhtarudin No.12 Blok C1,5,+62 878-2378-3344,,https://www.google.com/maps/search/?api=1&query=Kost%20Pondok%20Nugraha%20%2F%20C1%20no%2012&query_place_id=ChIJU7WeM8_paC4RWlQtTdoqj8E,,
kos murah Bandung,Bandung (Lainnya),Lainnya / Umum,Rumah Kost Samudra Indah Bandung,Jl. Moch Fatah No.7,4.4,+62 822-4001-8889,,https://www.google.com/maps/search/?api=1&query=Rumah%20Kost%20Samudra%20Indah%20Bandung&query_place_id=ChIJoWx55_nlaC4RCBAiXkP3rbI,,
kos murah Bandung,Bandung (Lainnya),Lainnya / Umum,Cozyku Kost Melong Karapitan,Jl. Melong Wetan No.1b/104,5,+62 811-2363-388,,https://www.google.com/maps/search/?api=1&query=Cozyku%20Kost%20Melong%20Karapitan&query_place_id=ChIJVw6dgZHpaC4RPpPrM2ww4-c,,
kos murah Bandung,Bandung (Lainnya),Lainnya / Umum,Kostan Putra Ibu Yanti,No Jl. Kurdi Tim. No.17,4.5,+62 881-0223-75153,,https://www.google.com/maps/search/?api=1&query=Kostan%20Putra%20Ibu%20Yanti&query_place_id=ChIJB-7bgpPoaC4RBmK-fqtf7qA,,
kos murah Bandung,Bandung (Lainnya),Lainnya / Umum,Kost Dhe Room's,"Jl. Karasak Utara IV No.12, RT.04/RW.05",4.9,+62 821-3078-5388,,https://www.google.com/maps/search/?api=1&query=Kost%20Dhe%20Room's&query_place_id=ChIJ3Uhw8ObpaC4RT4bvpzneeJE,,
kos murah Bandung,Bandung (Lainnya),Lainnya / Umum,Kamar kos Yo&yo bandung,Jl. Kb. Gedang No.76,4.6,+62 877-6456-6593,,https://www.google.com/maps/search/?api=1&query=Kamar%20kos%20Yo%26yo%20bandung&query_place_id=ChIJfQA9V8XpaC4RJzNYb4jvPW0,,
kos murah Bandung,Bandung (Lainnya),Lainnya / Umum,Rumahku Kost & Backpacker Puragabaya,Jl. Puragabaya Blok B3,4.4,+62 821-1714-6830,,https://www.google.com/maps/search/?api=1&query=Rumahku%20Kost%20%26%20Backpacker%20Puragabaya&query_place_id=ChIJayJYfbrpaC4RkTJH5es-sS4,,
kos murah Bandung,Bandung (Lainnya),Lainnya / Umum,Kost Emung,Jl. Emung No.89/36b,5,+62 812-2126-9722,,https://www.google.com/maps/search/?api=1&query=Kost%20Emung&query_place_id=ChIJffwM_dTnaC4RsQDH_T4PHWk,,
kos murah Bandung,Bandung (Lainnya),Lainnya / Umum,Kost marco,Jl. Cikawao Dalam I No.6,5,+62 812-2230-1490,,https://www.google.com/maps/search/?api=1&query=Kost%20marco&query_place_id=ChIJLzzYIF_naC4Rwpi8qcDO_jQ,,
kos murah Bandung,Bandung (Lainnya),Lainnya / Umum,Kost Putri Kiaracondong,komplek dolog I no.11 Rt01/ rw05 jl.ibrahim adji 304,4.7,+62 853-2000-3220,,https://www.google.com/maps/search/?api=1&query=Kost%20Putri%20Kiaracondong&query_place_id=ChIJGyGaoHPoaC4RmD6hIWfPK0M,,
kos murah Bandung,Bandung (Lainnya),Lainnya / Umum,Kost Naripan 23,Jl. Naripan No.23,4.2,+62 857-2433-8793,,https://www.google.com/maps/search/?api=1&query=Kost%20Naripan%2023&query_place_id=ChIJL0JNkC_maC4RmW3FBvBAfy0,,
kos Cisitu Bandung,Cisitu,ITB Ganesha / UNPAD Dipatiukur / UNIKOM,Kost Cisitu Rumah Diyan,"Jl. Cisitu Lama No.87/160C, Dago, Kecamatan Coblong, Kota Bandung, Jawa Barat 40135",,0878-2128-8545,https://www.instagram.com/kos_rumahdiyan/,https://www.google.com/maps/place/Kost+Cisitu+Rumah+Diyan/data=!4m7!3m6!1s0x2e68e70e9c67ab8f:0x76944e98563e7590!8m2!3d-6.8775897!4d107.6115913!16s%2Fg%2F11g078r0j2!19sChIJj6tnnA7naC4RkHU-VphOlHY?authuser=0&hl=id&rclk=1,,
kost dekat ITB Ganesha,Bandung (Lainnya),ITB Ganesha,Kos Putri Adipati 10,"Jl. Adipati Kertabumi No.10, Citarum, Kec. Bandung Wetan, Kota Bandung, Jawa Barat 40115",,0813-2200-4613,https://mamikos.com/room/kost-kota-bandung-kost-putri-eksklusif-kost-adipati-10-bandung-wetan-bandung-2,https://www.google.com/maps/place/Kos+Putri+Adipati+10/data=!4m7!3m6!1s0x2e68e767af1c0dfd:0x634d73b0732c2d50!8m2!3d-6.8998643!4d107.6145963!16s%2Fg%2F11rr9pw8rr!19sChIJ_Q0cr2fnaC4RUC0sc7BzTWM?authuser=0&hl=id&rclk=1,,
kos murah Bandung,Bandung (Lainnya),Lainnya / Umum,Wisma Nusa Indah,Jl. Lodaya No.95,4.1,+62 22 7300505,,https://www.google.com/maps/search/?api=1&query=Wisma%20Nusa%20Indah&query_place_id=ChIJ07QhXX7oaC4RjFlKfA9pIIE,,
kos murah Bandung,Bandung (Lainnya),Lainnya / Umum,Kost om putra,Jl. Karasak No.39,3.7,+62 857-0310-0023,,https://www.google.com/maps/search/?api=1&query=Kost%20om%20putra&query_place_id=ChIJLUJo_fjpaC4Rk6D0h-VXK60,,
kos murah Bandung,Bandung (Lainnya),Lainnya / Umum,Mandala Residence / Rumah Kos,Jl. Mandala No.29,4.4,+62 896-6195-176,,https://www.google.com/maps/search/?api=1&query=Mandala%20Residence%20%2F%20Rumah%20Kos&query_place_id=ChIJL7PyyRToaC4RW5iwPbFth38,,
kos murah Bandung,Bandung (Lainnya),Lainnya / Umum,Kost 118. Harga 600k/bulan,"Jl cijagra 1 Gg. IV No.118/206, RT.07/RW.02",4.8,+62 821-1095-5317,,https://www.google.com/maps/search/?api=1&query=Kost%20118.%20Harga%20600k%2Fbulan&query_place_id=ChIJ7YBv-6HpaC4RpJg0DVeS1lQ,,
kos Cisitu Bandung,Cisitu,ITB Ganesha / UNPAD Dipatiukur / UNIKOM,Kost Ibu Ida,"Jl. Cisitu Lama No.190 160B, Dago, Coblong, Bandung City, West Java 40135",,0858-6060-4013,http://wa.me/6285860604013,https://www.google.com/maps/place/Kost+Ibu+Ida/data=!4m7!3m6!1s0x2e68e7ddcc2121c3:0x22833a8887486a78!8m2!3d-6.878018!4d107.6113306!16s%2Fg%2F11j4y47hrv!19sChIJwyEhzN3naC4ReGpIh4g6gyI?authuser=0&hl=id&rclk=1,,
kos murah Bandung,Bandung (Lainnya),Lainnya / Umum,Guest House Pondokan Pijar,"Jl. Parakan Wangi I No.5, RW.6",4.7,+62 818-170-302,,https://www.google.com/maps/search/?api=1&query=Guest%20House%20Pondokan%20Pijar&query_place_id=ChIJs1czfl7oaC4RpRaxSecsa94,,
kos murah Bandung,Bandung (Lainnya),Lainnya / Umum,ELOK HOUSE,"Jl. Batununggal Elok No.16, RT.008/RW.001",4.7,+62 813-2074-8166,,https://www.google.com/maps/search/?api=1&query=ELOK%20HOUSE&query_place_id=ChIJ5YQf_ljoaC4RCB1bQvWcxnw,,
kos murah Bandung,Bandung (Lainnya),Lainnya / Umum,Rumah Kost G&G,Jl. Parabon IV No.9,5,+62 811-5812-911,,https://www.google.com/maps/search/?api=1&query=Rumah%20Kost%20G%26G&query_place_id=ChIJL3thFnDpaC4Rag2ViRrRl3A,,
kos Sadang Serang Bandung,Sadang Serang,ITB Ganesha / UNPAD Dipatiukur / UNIKOM,Tino Kost,"Jl. Titimplik Dalam No.116, RT.7/RW.3, Sadang Serang, Kecamatan Coblong, Kota Bandung, Jawa Barat 40132",,0852-2255-5766,https://www.uab.co.id/,https://www.google.com/maps/place/Tino+Kost/data=!4m7!3m6!1s0x2e68e7736cc0c245:0xb1cd618fd0440237!8m2!3d-6.8948517!4d107.6211396!16s%2Fg%2F11vkf4m897!19sChIJRcLAbHPnaC4RNwJE0I9hzbE?authuser=0&hl=id&rclk=1,,
kos murah Bandung,Bandung (Lainnya),Lainnya / Umum,Kost Omah Ceria,Gg. Sura,4.8,+62 813-1322-7740,,https://www.google.com/maps/search/?api=1&query=Kost%20Omah%20Ceria&query_place_id=ChIJFcpnrbLpaC4RaXcK-F3CswI,,
kos Cisitu Bandung,Cisitu,ITB Ganesha / UNPAD Dipatiukur / UNIKOM,Kost Griya Cisitu Indah Blok B-C,"Jl. Cisitu Indah 2 No.15, Dago, Kecamatan Coblong, Kota Bandung, Jawa Barat 40135",,0811-2349-878,https://www.instagram.com/kostgci_blokbc?igsh=eXdwdm1lY2pwODc2,https://www.google.com/maps/place/Kost+Griya+Cisitu+Indah+Blok+B-C/data=!4m7!3m6!1s0x2e68e7000bcb3573:0xf8d7c45d2c080434!8m2!3d-6.8765534!4d107.6119249!16s%2Fg%2F11vpc0qy44!19sChIJczXLCwDnaC4RNAQILF3E1_g?authuser=0&hl=id&rclk=1,,
kos murah Bandung,Bandung (Lainnya),Lainnya / Umum,Kos Cikendi 100,Jl. Hegarmanah Cikendi No.100,4.7,,,https://www.google.com/maps/search/?api=1&query=Kos%20Cikendi%20100&query_place_id=ChIJG8j7tu3maC4RPFE4mVko1cQ,,
kos murah Bandung,Bandung (Lainnya),Lainnya / Umum,Kost Putra ADHIE,,5,+62 813-8080-0708,,https://www.google.com/maps/search/?api=1&query=Kost%20Putra%20ADHIE&query_place_id=ChIJk7kxNAahtaURcEhF-q8dTHw,,
kos murah Bandung,Bandung (Lainnya),Lainnya / Umum,Kost Putra Manteron,Jl. Manteron No.25,3.7,,,https://www.google.com/maps/search/?api=1&query=Kost%20Putra%20Manteron&query_place_id=ChIJayKcNa7naC4RxPgMrkYdogo,,
kos murah Bandung,Bandung (Lainnya),Lainnya / Umum,Kost Pak Chaerawan,Jl. Bangbayang Sel. No.53,4,,,https://www.google.com/maps/search/?api=1&query=Kost%20Pak%20Chaerawan&query_place_id=ChIJidHpnv7maC4R5JomjR1xDuo,,
kos Sukajadi / Pasteur Bandung,Sukajadi / Pasteur,Maranatha / ITB Ganesha,Kost Putra Zyand House,Jl. Terusan Babakan Jeruk 1 No.124,5,,,https://www.google.com/maps/search/?api=1&query=Kost%20Putra%20Zyand%20House&query_place_id=ChIJg84GOrjnaC4RbZ098Br15qg,,
kos murah Bandung,Bandung (Lainnya),Lainnya / Umum,Kost putri anyelir 1,Jl. Anyelir 1 No.19,4.3,,,https://www.google.com/maps/search/?api=1&query=Kost%20putri%20anyelir%201&query_place_id=ChIJrbCWafLDaC4RdEwslYFGFNk,,
kos murah Bandung,Bandung (Lainnya),Lainnya / Umum,Kost Putra Cipedes,Jl. Cipedes Tengah No.134,4,,,https://www.google.com/maps/search/?api=1&query=Kost%20Putra%20Cipedes&query_place_id=ChIJ_yoQFInmaC4RFh3kizizyMI,,
kos murah Bandung,Bandung (Lainnya),Lainnya / Umum,Kost Putri D&D,"Jl. Gedebage Selatan No.24c RT03, RW.02",4.9,,,https://www.google.com/maps/search/?api=1&query=Kost%20Putri%20D%26D&query_place_id=ChIJja0X8UXDaC4RBtQMt23OW5I,,
kos murah Bandung,Bandung (Lainnya),Lainnya / Umum,Kost Putra Putri Cibogo 7,Jl. Cibogo No.7,4.5,,,https://www.google.com/maps/search/?api=1&query=Kost%20Putra%20Putri%20Cibogo%207&query_place_id=ChIJo4UBYn7maC4RJYrj97pJSg4,,
kos murah Bandung,Bandung (Lainnya),Lainnya / Umum,Kost Shafira 2,3P86+5MG,4.9,,,https://www.google.com/maps/search/?api=1&query=Kost%20Shafira%202&query_place_id=ChIJP485TB_DaC4RoINhpg4axuQ,,
kos Cisitu Bandung,Cisitu,ITB Ganesha / UNPAD Dipatiukur / UNIKOM,Kost Putra Weferly,Jl. Cisitu Indah I No.3,4,,,https://www.google.com/maps/search/?api=1&query=Kost%20Putra%20Weferly&query_place_id=ChIJTZ_8oW_naC4RE_27-PonPBo,,
kos Sekeloa Bandung,Sekeloa,ITB Ganesha / UNPAD Dipatiukur / UNIKOM,kost terracotta,Jl. Sekeloa Timur No.34/36,4.4,,,https://www.google.com/maps/search/?api=1&query=kost%20terracotta&query_place_id=ChIJPTr0LfXnaC4RE1fA1jjSaIk,,
kos Cibiru / Panyileukan Bandung,Cibiru / Panyileukan,UIN Sunan Gunung Djati,Kost Bumi Rahayu Panyileukan,Jl. Terusan Panyileukan Gg.Samian No.7,4.9,,,https://www.google.com/maps/search/?api=1&query=Kost%20Bumi%20Rahayu%20Panyileukan&query_place_id=ChIJw2U3MOHDaC4RcXw2flYmJ1E,,
kos murah Bandung,Bandung (Lainnya),Lainnya / Umum,Cempaka Putri Kost,Jl. Griya Cempaka Arum No.14 Blok AA01,,+62 853-2026-4411,,https://www.google.com/maps/search/?api=1&query=Cempaka%20Putri%20Kost&query_place_id=ChIJ2xalgBTvaC4ROm1g4Nx1b-w,,
kos murah Bandung,Bandung (Lainnya),Lainnya / Umum,Kost El - Fajar Putra,"3P98+VG5 Asrama Puri El-fajar, Jl. Gg. Kujang",4,,,https://www.google.com/maps/search/?api=1&query=Kost%20El%20-%20Fajar%20Putra&query_place_id=ChIJl7CUaCnDaC4RTEdZGymRcrU,,
kos murah Bandung,Bandung (Lainnya),Lainnya / Umum,Kos Putri Al Barri,Jl. Pamekar Tim. XV No.29,5,,,https://www.google.com/maps/search/?api=1&query=Kos%20Putri%20Al%20Barri&query_place_id=ChIJV6jzbwDDaC4R4mscODnrm_U,,
kos murah Bandung,Bandung (Lainnya),Lainnya / Umum,Terima Kost,Jl. Saad No.18,5,,,https://www.google.com/maps/search/?api=1&query=Terima%20Kost&query_place_id=ChIJP6aPXS7maC4RGpfegwwMfiQ,,
kos murah Bandung,Bandung (Lainnya),Lainnya / Umum,Kost Purabaya Ibu Tintin,Jl. Purabaya No.332/66,4.4,,,https://www.google.com/maps/search/?api=1&query=Kost%20Purabaya%20Ibu%20Tintin&query_place_id=ChIJt7warjvnaC4RW03au5aBqPs,,
kos murah Bandung,Bandung (Lainnya),Lainnya / Umum,Kost Pak Heri,Jl. Babakansari No.79,4.9,,,https://www.google.com/maps/search/?api=1&query=Kost%20Pak%20Heri&query_place_id=ChIJKwS_R2DDaC4Rlfe_MKlLXDs,,
kos murah Bandung,Bandung (Lainnya),Lainnya / Umum,Kost Bapak Eman (TIDAK ADA NO HP & TIDAK TERIMA TRF),Jl. Telepon No.19,4.2,,,https://www.google.com/maps/search/?api=1&query=Kost%20Bapak%20Eman%20(TIDAK%20ADA%20NO%20HP%20%26%20TIDAK%20TERIMA%20TRF)&query_place_id=ChIJk1yGXEbnaC4R4gPNxCpBlao,,
kos murah Bandung,Bandung (Lainnya),Lainnya / Umum,Kost Wisma Elok 2,"Jl. Desa Cipadung, RT.04/RW.04",4.5,,,https://www.google.com/maps/search/?api=1&query=Kost%20Wisma%20Elok%202&query_place_id=ChIJGQEqe5rDaC4RQ9k_eW18qDI,,
kos murah Bandung,Bandung (Lainnya),Lainnya / Umum,Kost Pondok Sejati,Gg. H. Kurdi No.1,4.7,,,https://www.google.com/maps/search/?api=1&query=Kost%20Pondok%20Sejati&query_place_id=ChIJ74QlXPjpaC4R169cxmdTToo,,
kos murah Bandung,Bandung (Lainnya),Lainnya / Umum,Kost Abu - Abu,3M69+JQH,4.3,,,https://www.google.com/maps/search/?api=1&query=Kost%20Abu%20-%20Abu&query_place_id=ChIJZwT-hKfCaC4R9HPt4y_xxMg,,
kos murah Bandung,Bandung (Lainnya),Lainnya / Umum,Kos putra Terajana,"3PC9+2GQ, Jl. Manisi",5,,,https://www.google.com/maps/search/?api=1&query=Kos%20putra%20Terajana&query_place_id=ChIJZVfbcADDaC4R_ZGCijtezfQ,,
kos murah Bandung,Bandung (Lainnya),Lainnya / Umum,Kost Putra Putri Hasril No. 73,Jl. Babakan Ciamis No.73,,+62 857-7030-8780,,https://www.google.com/maps/search/?api=1&query=Kost%20Putra%20Putri%20Hasril%20No.%2073&query_place_id=ChIJbZcZSQDnaC4Ry8t7-Urp0Sg,,
kos murah Bandung,Bandung (Lainnya),Lainnya / Umum,Rumah Kost R2B,Jl. Situ Batu 1 No.E-2,4.7,,,https://www.google.com/maps/search/?api=1&query=Rumah%20Kost%20R2B&query_place_id=ChIJzTMlbT_paC4R2szY2xAgVQM,,
kos murah Bandung,Bandung (Lainnya),Lainnya / Umum,Kost putra,Jl. Sekar Tongeret No.2,4.5,,,https://www.google.com/maps/search/?api=1&query=Kost%20putra&query_place_id=ChIJp6dLRA3paC4RpWtH874Q3sc,,
kos murah Bandung,Bandung (Lainnya),Lainnya / Umum,TIBRA KOST,3PG7+4Q9,5,,,https://www.google.com/maps/search/?api=1&query=TIBRA%20KOST&query_place_id=ChIJkTEdUJ_DaC4Re9whUKHk_f0,,
kos Sukajadi / Pasteur Bandung,Sukajadi / Pasteur,Maranatha / ITB Ganesha,Kost 03,Jl. Babakan Jeruk II,4.6,,,https://www.google.com/maps/search/?api=1&query=Kost%2003&query_place_id=ChIJDdkCUXzmaC4Rak9FrAKuX_A,,
kos murah Bandung,Bandung (Lainnya),Lainnya / Umum,Kost Putri 99,Gg. Merdekalio No.2,,+62 821-1792-3114,,https://www.google.com/maps/search/?api=1&query=Kost%20Putri%2099&query_place_id=ChIJc5pd1RDnaC4RZAIzsIc4UC8,,
kos murah Bandung,Bandung (Lainnya),Lainnya / Umum,Jeni kost,Jl. Sman No.21,4.5,,,https://www.google.com/maps/search/?api=1&query=Jeni%20kost&query_place_id=ChIJwXWeK53CaC4RhG0i2nNwWvg,,
kos Antapani Bandung,Antapani,Lainnya / Umum,Kamar kos,Jl. Antapani Lama,,+62 895-3755-33696,,https://www.google.com/maps/search/?api=1&query=Kamar%20kos&query_place_id=ChIJx1X6varCaC4RLEN4jkegSr4,,
kos murah Bandung,Bandung (Lainnya),Lainnya / Umum,Melany Kost,,4.8,+62 822-1880-8757,,https://www.google.com/maps/search/?api=1&query=Melany%20Kost&query_place_id=ChIJjxiug4jnaC4R4JPsIPw0bFI,,
kos murah Bandung,Bandung (Lainnya),Lainnya / Umum,Kost Ibu Jus,Jl. Tespong No.3,5,,,https://www.google.com/maps/search/?api=1&query=Kost%20Ibu%20Jus&query_place_id=ChIJK9jGWcDpaC4RbnVxf7Fm8W0,,
kos Cibiru / Panyileukan Bandung,Cibiru / Panyileukan,UIN Sunan Gunung Djati,Kost Kosan Cibiru Kosambi Pak Rudy,3P89+VV2,,+62 838-2547-3009,,https://www.google.com/maps/search/?api=1&query=Kost%20Kosan%20Cibiru%20Kosambi%20Pak%20Rudy&query_place_id=ChIJ_XnkzPDDaC4Rhjv2Wfi_nrY,,
kos murah Bandung,Bandung (Lainnya),Lainnya / Umum,Kost gue Bdg,Jl. Karapitan No.83,5,,,https://www.google.com/maps/search/?api=1&query=Kost%20gue%20Bdg&query_place_id=ChIJyQRAMcbpaC4RtqLCm5Us8OI,,
kos Gegerkalong / Setiabudi Bandung,Gegerkalong / Setiabudi,UPI Setiabudi,Kost Bandung,Jl. Jupiter Barat No.34,5,,,https://www.google.com/maps/search/?api=1&query=Kost%20Bandung&query_place_id=ChIJrcKr9NHpaC4RUTB5aXBq4-8,,
kos Bandung Selatan / Timur Bandung,Bandung Selatan / Timur,Lainnya / Umum,KOST PUTRA/PUTRI,Jl. Riung Saluyu Jl. Raya Derwati No.36,4.5,,,https://www.google.com/maps/search/?api=1&query=KOST%20PUTRA%2FPUTRI&query_place_id=ChIJD4lVLMvDaC4RPlXxVWfWKNs,,
kos murah Bandung,Bandung (Lainnya),Lainnya / Umum,pondok kost bray ca'ang,,4.8,+62 882-1435-2125,,https://www.google.com/maps/search/?api=1&query=pondok%20kost%20bray%20ca'ang&query_place_id=ChIJOd33P-znaC4RgvSkZnJRCJI,,
kos Sekeloa Bandung,Sekeloa,ITB Ganesha / UNPAD Dipatiukur / UNIKOM,Kost Putri Sekeloa Selatan,Jl. Sekeloa Sel. II No.17,,+62 811-2222-120,,https://www.google.com/maps/search/?api=1&query=Kost%20Putri%20Sekeloa%20Selatan&query_place_id=ChIJlTO6JQDnaC4R8EfPIeStuqQ,,
kos murah Bandung,Bandung (Lainnya),Lainnya / Umum,Kost Putra Ciheulang Baru 1,Jl. Ciheulang Baru I No.15,,+62 858-6190-8605,,https://www.google.com/maps/search/?api=1&query=Kost%20Putra%20Ciheulang%20Baru%201&query_place_id=ChIJXcP2fADnaC4RGBqTyW88d10,,
kos murah Bandung,Bandung (Lainnya),Lainnya / Umum,Kost Pondok Delima Putra,"Pondok Delima Putra, Jl. Cikuda No.20, RT.5/RW.10",5,,,https://www.google.com/maps/search/?api=1&query=Kost%20Pondok%20Delima%20Putra&query_place_id=ChIJg1rtosTdaC4RKx_LXPT_HSQ,,
kos murah Bandung,Bandung (Lainnya),Lainnya / Umum,KOST PONDOK SUMBER MULYA,Jl. Gg. Kujang No.65,4.1,,,https://www.google.com/maps/search/?api=1&query=KOST%20PONDOK%20SUMBER%20MULYA&query_place_id=ChIJrckEItbCaC4Rv7xRCyVNDeE,,
kos murah Bandung,Bandung (Lainnya),Lainnya / Umum,Kost Putra 25,Jl. Terusan Cisokan No.25,5,,,https://www.google.com/maps/search/?api=1&query=Kost%20Putra%2025&query_place_id=ChIJa64toYrnaC4RdDKhpFUhlEU,,
kos Antapani Bandung,Antapani,Lainnya / Umum,Kost Kadipaten 1 Antapani (Rumah Biru),"Rumah kos, jln kadipaten 1 2A, belakang griya No.03, RT.05",4.8,,,https://www.google.com/maps/search/?api=1&query=Kost%20Kadipaten%201%20Antapani%20(Rumah%20Biru)&query_place_id=ChIJqQrw6pHnaC4RTSajfIdYKA8,,
kos murah Bandung,Bandung (Lainnya),Lainnya / Umum,Kosan Putri Pak Ibrahim (350 ribu) dan kost campur (500+ ribu),"Jl. Semar No.59 A, RT.004/RW.005",,+62 857-2191-6637,,https://www.google.com/maps/search/?api=1&query=Kosan%20Putri%20Pak%20Ibrahim%20(350%20ribu)%20dan%20kost%20campur%20(500%2B%20ribu)&query_place_id=ChIJIRVgz1rnaC4REOt-LJIF3sY,,
kos murah Bandung,Bandung (Lainnya),Lainnya / Umum,Kosan Putra - Putri pojok ( si uwa ),"3PH2+X4J, Jl. Sindang Sari V",4.5,,,https://www.google.com/maps/search/?api=1&query=Kosan%20Putra%20-%20Putri%20pojok%20(%20si%20uwa%20)&query_place_id=ChIJI3lbTojdaC4RGtdf5q-QSLM,,
kos Sekeloa Bandung,Sekeloa,ITB Ganesha / UNPAD Dipatiukur / UNIKOM,Kost Ibu Usman,Jl. Sekeloa No.61,3.3,,,https://www.google.com/maps/search/?api=1&query=Kost%20Ibu%20Usman&query_place_id=ChIJN98Jf__maC4R7Jpbt3Fg6SA,,
kos murah Bandung,Bandung (Lainnya),Lainnya / Umum,Kost Bapak Yoppi,"toko rifky, Jl. Rumah Sakit Gang samping No.163",,+62 822-9541-6476,,https://www.google.com/maps/search/?api=1&query=Kost%20Bapak%20Yoppi&query_place_id=ChIJI9L_8H3DaC4RobYm-oLaz08,,
kos murah Bandung,Bandung (Lainnya),Lainnya / Umum,Kos Putra Manisi 40,Jl. Manisi,,+62 896-4315-3914,,https://www.google.com/maps/search/?api=1&query=Kos%20Putra%20Manisi%2040&query_place_id=ChIJQyiW4AjDaC4Rot3DskTW31Y,,
kos murah Bandung,Bandung (Lainnya),Lainnya / Umum,Kosan Bebas,"3M75+HW8, Jl. Kawaluyaan Indah VII",3.7,,,https://www.google.com/maps/search/?api=1&query=Kosan%20Bebas&query_place_id=ChIJW6xftAfpaC4RexSGwRdKEz4,,
kos murah Bandung,Bandung (Lainnya),Lainnya / Umum,Kost Bu Neni,Jl. Rumah Sakit No.rt 04,5,,,https://www.google.com/maps/search/?api=1&query=Kost%20Bu%20Neni&query_place_id=ChIJ337xrMTdaC4Rojn-XFeyYcU,,
kos murah Bandung,Bandung (Lainnya),Lainnya / Umum,Kost ibu Ratna,Jl. Naripan Dalam Jl. Haurkuning No.37,5,,,https://www.google.com/maps/search/?api=1&query=Kost%20ibu%20Ratna&query_place_id=ChIJf6PYYTvnaC4R8Yl_ItMSRSE,,
kos murah Bandung,Bandung (Lainnya),Lainnya / Umum,Kost Putra Bumi Rejeki,Jl. Srirejeki No.321/103,,+62 877-6592-6816,,https://www.google.com/maps/search/?api=1&query=Kost%20Putra%20Bumi%20Rejeki&query_place_id=ChIJB1e8bADpaC4Rl0ovLsFKTZo,,
kos murah Bandung,Bandung (Lainnya),Lainnya / Umum,Kosan Bu deasy,Jl. Sukasari II No.243,4.7,,,https://www.google.com/maps/search/?api=1&query=Kosan%20Bu%20deasy&query_place_id=ChIJURFlNXnnaC4RINGBv0CUS0A,,
kos murah Bandung,Bandung (Lainnya),Lainnya / Umum,kos putri,"3PC9+7VM, Gg. Bakti 5 Jl. Manisi",5,,,https://www.google.com/maps/search/?api=1&query=kos%20putri&query_place_id=ChIJw585OwDDaC4RZFvHnWBU5YU,,
kos murah Bandung,Bandung (Lainnya),Lainnya / Umum,Kost Amerta,Jl. Ciparay No.233,4.8,,,https://www.google.com/maps/search/?api=1&query=Kost%20Amerta&query_place_id=ChIJ8bL0vkjoaC4RDGS4Nn7ms1o,,
kos murah Bandung,Bandung (Lainnya),Lainnya / Umum,Kost pak atep RT,Jl. Embah Malim No.12,4.2,,,https://www.google.com/maps/search/?api=1&query=Kost%20pak%20atep%20RT&query_place_id=ChIJda69qCLnaC4R--Exp--C01E,,
kos murah Bandung,Bandung (Lainnya),Lainnya / Umum,Kos Putri Aman Hasanah,Jl. Fatwa No.F19,4,,,https://www.google.com/maps/search/?api=1&query=Kos%20Putri%20Aman%20Hasanah&query_place_id=ChIJy-UUBQDDaC4RkHt6_kYw6I4,,
kos murah Bandung,Bandung (Lainnya),Lainnya / Umum,Rumah Kost Ene,Jl. Terusan Sawah Kurung IV No.278,4.7,,,https://www.google.com/maps/search/?api=1&query=Rumah%20Kost%20Ene&query_place_id=ChIJs_a6KbPpaC4RZACzSk2t2Dg,,
kos murah Bandung,Bandung (Lainnya),Lainnya / Umum,Kost vgh 2,Jl. Cikampek XV No.28,4.3,,,https://www.google.com/maps/search/?api=1&query=Kost%20vgh%202&query_place_id=ChIJcVjikaTnaC4RvxSoni8zNaA,,
kos murah Bandung,Bandung (Lainnya),Lainnya / Umum,Kost ciwastra,Jl. Cijawura Hilir 17 No.99,3,,,https://www.google.com/maps/search/?api=1&query=Kost%20ciwastra&query_place_id=ChIJBxr5PELpaC4RMglmArsGnaQ,,
kos murah Bandung,Bandung (Lainnya),Lainnya / Umum,Kost Putri Wisma Nugraha,Jl. Fatwa No.16,5,,,https://www.google.com/maps/search/?api=1&query=Kost%20Putri%20Wisma%20Nugraha&query_place_id=ChIJxzb7e13DaC4RTRv-VciGtKo,,
kos dekat UPI Bandung,Gegerkalong,UPI Setiabudi,Kosan Pondok Safira 1 dekat UPI Bandung,"Jl. Cilimus No.35, Isola, Kec. Sukasari, Kota Bandung, Jawa Barat 40154",,0857-5910-8367,,https://www.google.com/maps/place/Kosan+Pondok+Safira+1+dekat+UPI+Bandung/data=!4m7!3m6!1s0x2e68e7015fdbd325:0x7e7b69359367c44!8m2!3d-6.8578566!4d107.5906671!16s%2Fg%2F11g1hm21dk!19sChIJJdPbXwHnaC4RRHw2WZO25wc?authuser=0&hl=id&rclk=1,,
kos murah Bandung,Bandung (Lainnya),Lainnya / Umum,Kost asri,Jl. Suryalaya Tengah No.2,5,,,https://www.google.com/maps/search/?api=1&query=Kost%20asri&query_place_id=ChIJNRzpT3rpaC4RxIQsMT1eCUQ,,
kos murah Bandung,Bandung (Lainnya),Lainnya / Umum,Kost Bu Cicih,"Jalan Manisi I no 30, RT.001/RW.003",4.8,,,https://www.google.com/maps/search/?api=1&query=Kost%20Bu%20Cicih&query_place_id=ChIJ72Z3LwDDaC4Rv891eC37XyQ,,
kos murah Bandung,Bandung (Lainnya),Lainnya / Umum,kost GHF,Jl. Pangarang No.34,5,,,https://www.google.com/maps/search/?api=1&query=kost%20GHF&query_place_id=ChIJVy9M-TDnaC4RsHeV8RDXipI,,
kos murah Bandung,Bandung (Lainnya),Lainnya / Umum,Bu mega kost ka,Jl. Kacapiring No.62/122,4.5,,,https://www.google.com/maps/search/?api=1&query=Bu%20mega%20kost%20ka&query_place_id=ChIJWUAysa_naC4Rl_PfU315aDY,,
kos murah Bandung,Bandung (Lainnya),Lainnya / Umum,Wisma Anugerah,Gg. Antabaru I No.5,4.8,,,https://www.google.com/maps/search/?api=1&query=Wisma%20Anugerah&query_place_id=ChIJmxEfK1HpaC4Rg3-yhTn1jTM,,
kos murah Bandung,Bandung (Lainnya),Lainnya / Umum,Kost Bu ayu,"Jl. Cigending No.206, RT./Rw/RW.07/08",4.4,,,https://www.google.com/maps/search/?api=1&query=Kost%20Bu%20ayu&query_place_id=ChIJqaJOly3daC4Rk79okPJ1-Yg,,
kos murah Bandung,Bandung (Lainnya),Lainnya / Umum,Kostan Fans House (MERAH),Gg. Tegallega No.39,4.3,,,https://www.google.com/maps/search/?api=1&query=Kostan%20Fans%20House%20(MERAH)&query_place_id=ChIJ8RTY6bHpaC4RAmm1QKNjJjE,,
kos murah Bandung,Bandung (Lainnya),Lainnya / Umum,Amerta Kost,"3P44+XJQ, Jl. Cimincrang",4.2,,,https://www.google.com/maps/search/?api=1&query=Amerta%20Kost&query_place_id=ChIJ40RGHd3CaC4RG2w2t_0_67I,,
kos murah Bandung,Bandung (Lainnya),Lainnya / Umum,Kost Makmur,Jl. Batu Indah VI No.36 A,5,,,https://www.google.com/maps/search/?api=1&query=Kost%20Makmur&query_place_id=ChIJmdpxGgDpaC4Ru8tpFeA0SRE,,
kos murah Bandung,Bandung (Lainnya),Lainnya / Umum,Kos Putri Cikutra,Jl. Cikutra Baru I No.4,4.2,,,https://www.google.com/maps/search/?api=1&query=Kos%20Putri%20Cikutra&query_place_id=ChIJFWKE5J_naC4RKTU0oTM2LTI,,
kos murah Bandung,Bandung (Lainnya),Lainnya / Umum,Kost Putri Pondok Az-Zahra,Jl. Rancabolang Indah II No.25,4.7,,,https://www.google.com/maps/search/?api=1&query=Kost%20Putri%20Pondok%20Az-Zahra&query_place_id=ChIJl8hz1iPoaC4RRUfCh8KnV_I,,
kos murah Bandung,Bandung (Lainnya),Lainnya / Umum,Kost Teh Renny,gang baba tata,3.6,,,https://www.google.com/maps/search/?api=1&query=Kost%20Teh%20Renny&query_place_id=ChIJ4YbfiZjoaC4ReFSwVdIYnxo,,
kos murah Bandung,Bandung (Lainnya),Lainnya / Umum,Kost Situsari Wetan 37A,Jl. Situsari Wetan No.37a,4.8,,,https://www.google.com/maps/search/?api=1&query=Kost%20Situsari%20Wetan%2037A&query_place_id=ChIJOS4bVADpaC4RrZQUS84Sv9g,,
kos Cisitu Bandung,Cisitu,ITB Ganesha / UNPAD Dipatiukur / UNIKOM,Kost Obi,Jl. Cisitu Indah 2 No.6,5,,,https://www.google.com/maps/search/?api=1&query=Kost%20Obi&query_place_id=ChIJ2Snk93PnaC4RsFlW0GLAKSY,,
kos murah Bandung,Bandung (Lainnya),Lainnya / Umum,Kost kost putri,,5,+62 838-4031-3374,,https://www.google.com/maps/search/?api=1&query=Kost%20kost%20putri&query_place_id=ChIJDzhDhJLnaC4RWJBdneMlcNs,,
kos murah Bandung,Bandung (Lainnya),Lainnya / Umum,Dapur Enak Sagalarasa,Gg. Senang Hati I No.2,4.8,,,https://www.google.com/maps/search/?api=1&query=Dapur%20Enak%20Sagalarasa&query_place_id=ChIJgdEw1YjnaC4RNT_wQq2JT3c,,
kos Tamansari Bandung,Tamansari,ITB Ganesha / UNPAD Dipatiukur / UNIKOM,Kost-an Asterina,"Jl. Tamansari Bawah Gg. Aster No.99/59, RT.07/RW.20",,+62 813-2131-1055,,https://www.google.com/maps/search/?api=1&query=Kost-an%20Asterina&query_place_id=ChIJ0_sw3tPnaC4R2Qw02PVfZyw,,
kos Bandung Tengah Bandung,Bandung Tengah,Lainnya / Umum,Kost Megumi,Jl. Wartawan IV No.31a,5,,,https://www.google.com/maps/search/?api=1&query=Kost%20Megumi&query_place_id=ChIJ7bRZbwDpaC4RMiwdMfiYQeg,,
kos murah Bandung,Bandung (Lainnya),Lainnya / Umum,Kost Raflesia,Jl. Sekelimus XII No.9,5,,,https://www.google.com/maps/search/?api=1&query=Kost%20Raflesia&query_place_id=ChIJF25ocVzpaC4R_lYpr02ztes,,
kos murah Bandung,Bandung (Lainnya),Lainnya / Umum,Kost Winarta,"Jl. Papanggungan No.15A, RW.09",5,,,https://www.google.com/maps/search/?api=1&query=Kost%20Winarta&query_place_id=ChIJu0XTskvpaC4RpNaSoqSStSs,,
kos murah Bandung,Bandung (Lainnya),Lainnya / Umum,Kost kurdi,Jl. H. Kurdi 1 No.30,5,,,https://www.google.com/maps/search/?api=1&query=Kost%20kurdi&query_place_id=ChIJDZA3ZADpaC4RVZwEvitCVWE,,
kos murah Bandung,Bandung (Lainnya),Lainnya / Umum,Kost Bu Ella Paledang,"3JF8+J9J, Gg. Sacawireja",5,,,https://www.google.com/maps/search/?api=1&query=Kost%20Bu%20Ella%20Paledang&query_place_id=ChIJcdzV-ZHnaC4RExEm9qGjqzI,,
kos murah Bandung,Bandung (Lainnya),Lainnya / Umum,Kost Eksklusif,Jl. Jati Jl. Manisi,4.2,,,https://www.google.com/maps/search/?api=1&query=Kost%20Eksklusif&query_place_id=ChIJtXsE5yvDaC4RixOsLnK7L7o,,
kos murah Bandung,Bandung (Lainnya),Lainnya / Umum,Kosan Putra Putri Baik-Baik Ibu Asih,"Jl. Baranang Siang No.77 34 A, RT.01 RW06",4.3,,,https://www.google.com/maps/search/?api=1&query=Kosan%20Putra%20Putri%20Baik-Baik%20Ibu%20Asih&query_place_id=ChIJW_ogMrfnaC4RvZAQRI0NVy4,,
kos murah Bandung,Bandung (Lainnya),Lainnya / Umum,Kosan,Jl. Saad No.32,5,,,https://www.google.com/maps/search/?api=1&query=Kosan&query_place_id=ChIJwxPZuuXnaC4RWvwfMp6MBaY,,
kos Dago / Dipatiukur Bandung,Dago / Dipatiukur,ITB Ganesha / UNPAD Dipatiukur / UNIKOM,Kost putra bangbayang 18,Jl. Dago Timur No.18,5,,,https://www.google.com/maps/search/?api=1&query=Kost%20putra%20bangbayang%2018&query_place_id=ChIJGRJ1DgDnaC4RzcuA4OcvPSA,,
kos murah Bandung,Bandung (Lainnya),Lainnya / Umum,PONDOK IRAWATI (Kamar Kost Khusus Putri),Jl. Graha,5,,,https://www.google.com/maps/search/?api=1&query=PONDOK%20IRAWATI%20(Kamar%20Kost%20Khusus%20Putri)&query_place_id=ChIJvT1nRo3DaC4RXDrdTNadAgc,,
kos murah Bandung,Bandung (Lainnya),Lainnya / Umum,Kost Aileen,Jl. Sawah Kurung I No.31,4.8,,,https://www.google.com/maps/search/?api=1&query=Kost%20Aileen&query_place_id=ChIJObSy1X3paC4RhkcKMb-JMwI,,
kos murah Bandung,Bandung (Lainnya),Lainnya / Umum,Kosan mutiara,Jl. Mutiara I No.35,4.5,,,https://www.google.com/maps/search/?api=1&query=Kosan%20mutiara&query_place_id=ChIJuVfuegrpaC4RUguE61Ibv_M,,
kos murah Bandung,Bandung (Lainnya),Lainnya / Umum,Kost Djoko Cukang Jati,Jl. Cukang Jati No.8/116,4.5,,,https://www.google.com/maps/search/?api=1&query=Kost%20Djoko%20Cukang%20Jati&query_place_id=ChIJuzqwaDnnaC4R_hJcr0-qlUE,,
kos murah Bandung,Bandung (Lainnya),Lainnya / Umum,Kost 33,Jl. Kebun Binatang No.33,4.5,,,https://www.google.com/maps/search/?api=1&query=Kost%2033&query_place_id=ChIJsekDO-7naC4RvKmPDNO4_xA,,
kos murah Bandung,Bandung (Lainnya),Lainnya / Umum,Kos kosan putra,"3J8V+JP7, Gg. H. Kasim",3.7,,,https://www.google.com/maps/search/?api=1&query=Kos%20kosan%20putra&query_place_id=ChIJlempdbDpaC4RSzoiUGh7Zz8,,
kos Antapani Bandung,Antapani,Lainnya / Umum,Kost Putri - Kost Hijau Bapak Sidik (BUKAN SUBANG 36),"Jalan Purwakarta 9. 34, BUKAN SUBANG No.36",4.5,,,https://www.google.com/maps/search/?api=1&query=Kost%20Putri%20-%20Kost%20Hijau%20Bapak%20Sidik%20(BUKAN%20SUBANG%2036)&query_place_id=ChIJe05t7-7naC4Rxv0FF7SvujA,,
kos murah Bandung,Bandung (Lainnya),Lainnya / Umum,Kost Putri TW,3PC8+VH2,4.3,,,https://www.google.com/maps/search/?api=1&query=Kost%20Putri%20TW&query_place_id=ChIJWZ4bdSrDaC4RJ-6OanS9arM,,
kos murah Bandung,Bandung (Lainnya),Lainnya / Umum,KOS TAMIM,"Jl. Pelajar Pejuang 45 Jl. Sukaresik II No.32/106, RT.007/RW.008",,+62 811-2274-050,,https://www.google.com/maps/search/?api=1&query=KOS%20TAMIM&query_place_id=ChIJ1XnQIgDpaC4Rcn6F0VnMvMg,,
kos murah Bandung,Bandung (Lainnya),Lainnya / Umum,Kost Putri Amalia,"Gg. Sastradinata No.131 A, RT.003/RW.006",4.8,,,https://www.google.com/maps/search/?api=1&query=Kost%20Putri%20Amalia&query_place_id=ChIJ728WOVjDaC4RtelkQcVAkX8,,
kos murah Bandung,Bandung (Lainnya),Lainnya / Umum,Kost Waas II 89C,Jl. Waas II No.89c,3.6,,,https://www.google.com/maps/search/?api=1&query=Kost%20Waas%20II%2089C&query_place_id=ChIJMV-xB6fpaC4Rst9f44lF0U0,,
kos Bandung Tengah Bandung,Bandung Tengah,Lainnya / Umum,Putra Muslim,Jl. Wartawan 2 No.2,4.7,,,https://www.google.com/maps/search/?api=1&query=Putra%20Muslim&query_place_id=ChIJnUdexmvpaC4R_xqmvKy5WhY,,
kos murah Bandung,Bandung (Lainnya),Lainnya / Umum,Kostan denki 8,Jl. Denki No.8,3.3,,,https://www.google.com/maps/search/?api=1&query=Kostan%20denki%208&query_place_id=ChIJNb1M9SnpaC4R_wb__8wwnuw,,
kos murah Bandung,Bandung (Lainnya),Lainnya / Umum,Kosan Pak Dede,"3J5W+6FV, Jl. Sekejati 3",1,,,https://www.google.com/maps/search/?api=1&query=Kosan%20Pak%20Dede&query_place_id=ChIJdU3_KF3paC4R25PqYhaGAU0,,
kos murah Bandung,Bandung (Lainnya),Lainnya / Umum,KOS DUA PUTRI RCB,2MX6+9XF,,+62 881-0231-29940,,https://www.google.com/maps/search/?api=1&query=KOS%20DUA%20PUTRI%20RCB&query_place_id=ChIJaa5APwDpaC4RGd4WGRHGpv4,,
kos murah Bandung,Bandung (Lainnya),Lainnya / Umum,Kost Putri C1/10,3P68+47W,4,,,https://www.google.com/maps/search/?api=1&query=Kost%20Putri%20C1%2F10&query_place_id=ChIJ-cnZWn_DaC4RX6M0ep6vVJs,,
kos murah Bandung,Bandung (Lainnya),Lainnya / Umum,Mutiara Kost,Jl. Sukarsah No.3,3.5,,,https://www.google.com/maps/search/?api=1&query=Mutiara%20Kost&query_place_id=ChIJ-yzrBADpaC4RGbxhEE96iHQ,,
kos murah Bandung,Bandung (Lainnya),Lainnya / Umum,KOST AWI (kost khusus putri),,4.8,,https://bit.ly/kost-awi,https://www.google.com/maps/search/?api=1&query=KOST%20AWI%20(kost%20khusus%20putri)&query_place_id=ChIJzQugPaXDaC4R5BalXq4-t9o,,
kos Buah Batu Bandung,Buah Batu,Telkom University / ISBI,Kosan Aska buah batu,Jl. Buah Batu No.271,4.8,,,https://www.google.com/maps/search/?api=1&query=Kosan%20Aska%20buah%20batu&query_place_id=ChIJs5-LKcHpaC4R1bGjFrWy6-U,,
kos murah Bandung,Bandung (Lainnya),Lainnya / Umum,Kosan 54,Jl. Ancol Utara I No.54,5,,,https://www.google.com/maps/search/?api=1&query=Kosan%2054&query_place_id=ChIJx-jBafnpaC4RQQERqEQOmvk,,
kos murah Bandung,Bandung (Lainnya),Lainnya / Umum,KOS PUTRI EKSLUSIF NO56,Jl. Permai III No.a56,,+62 851-8220-6960,,https://www.google.com/maps/search/?api=1&query=KOS%20PUTRI%20EKSLUSIF%20NO56&query_place_id=ChIJO82no9HDaC4R6Lw_pbr5BrY,,
kos murah Bandung,Bandung (Lainnya),Lainnya / Umum,Kost Dewi Sri,Jl. Dewi Sri No.20,4,,,https://www.google.com/maps/search/?api=1&query=Kost%20Dewi%20Sri&query_place_id=ChIJO22LFYToaC4RPwVq7GKDvZU,,
kos murah Bandung,Bandung (Lainnya),Lainnya / Umum,kost cun-cun,Gg. Pamarset No.66/22B,5,,,https://www.google.com/maps/search/?api=1&query=kost%20cun-cun&query_place_id=ChIJ73iXTgDnaC4R7rd9MaINWYg,,
kos murah Bandung,Bandung (Lainnya),Lainnya / Umum,Kost salsabila,Gg. Leghorn No.143,5,,,https://www.google.com/maps/search/?api=1&query=Kost%20salsabila&query_place_id=ChIJDV8AseTnaC4RENgK89OtBn8,,
kos murah Bandung,Bandung (Lainnya),Lainnya / Umum,Kost Kuya,3M42+PR2,4.4,,,https://www.google.com/maps/search/?api=1&query=Kost%20Kuya&query_place_id=ChIJbZWoW9_paC4RC-cEKC-GHgI,,
kos murah Bandung,Bandung (Lainnya),Lainnya / Umum,Kost Batu api,"3J3P+94G, Jl. Batu Api I No.3",4.4,,,https://www.google.com/maps/search/?api=1&query=Kost%20Batu%20api&query_place_id=ChIJf-G_9CHpaC4RLJO9a_TOKiY,,
kos murah Bandung,Bandung (Lainnya),Lainnya / Umum,Kos Ungu,,5,+62 812-9200-1324,,https://www.google.com/maps/search/?api=1&query=Kos%20Ungu&query_place_id=ChIJG-IoqQjpaC4RKOamATOjNf0,,
kos murah Bandung,Bandung (Lainnya),Lainnya / Umum,Kost Adam/Ryuga,Jl. Karapitan blk No.89,5,,,https://www.google.com/maps/search/?api=1&query=Kost%20Adam%2FRyuga&query_place_id=ChIJD9vMMNrpaC4R0FLLS8CNB18,,
kos murah Bandung,Bandung (Lainnya),Lainnya / Umum,Kost bu rini,,4.6,+62 896-8657-5979,,https://www.google.com/maps/search/?api=1&query=Kost%20bu%20rini&query_place_id=ChIJV88APqbpaC4RRWiAmQeVGG8,,
kos Cibiru / Panyileukan Bandung,Cibiru / Panyileukan,UIN Sunan Gunung Djati,Detira Rumah Kost Putri,"Komp. Bumi Panyileukan No.13 Blok C 22, RT.03/RW.03",4.7,,,https://www.google.com/maps/search/?api=1&query=Detira%20Rumah%20Kost%20Putri&query_place_id=ChIJgz-rCXDDaC4RUZfw8qYjpO4,,
kos murah Bandung,Bandung (Lainnya),Lainnya / Umum,Kos Putri gg Darussalam,3P56+4P4,5,,,https://www.google.com/maps/search/?api=1&query=Kos%20Putri%20gg%20Darussalam&query_place_id=ChIJ77CdawDDaC4R7HHZSCemxbY,,
kos murah Bandung,Bandung (Lainnya),Lainnya / Umum,Kost,"Jln.taman sari bawah Rt.03 Rw.20 No.34/59, atau No.37/59",3.5,,,https://www.google.com/maps/search/?api=1&query=Kost&query_place_id=ChIJuemHoqrnaC4R4jS2hFCVMGs,,
kos murah Bandung,Bandung (Lainnya),Lainnya / Umum,Kost Bu Yani,4J45+54M,5,,,https://www.google.com/maps/search/?api=1&query=Kost%20Bu%20Yani&query_place_id=ChIJWbzvUbbnaC4RhNqFD7i4Llk,,
kos murah Bandung,Bandung (Lainnya),Lainnya / Umum,Kost Baper Pak Nunu,2JRX+M5P,5,,,https://www.google.com/maps/search/?api=1&query=Kost%20Baper%20Pak%20Nunu&query_place_id=ChIJ73bTel3paC4RahTruLJwmBw,,
kos murah Bandung,Bandung (Lainnya),Lainnya / Umum,Mafyas kost,Jl. Haremis I No.3,,+62 853-2115-1617,,https://www.google.com/maps/search/?api=1&query=Mafyas%20kost&query_place_id=ChIJ4VG_-aPpaC4R-nMlWWRaPEk,,
kos murah Bandung,Bandung (Lainnya),Lainnya / Umum,Kost Anugerah,Gg. 1 No.28A 153A,4.7,,,https://www.google.com/maps/search/?api=1&query=Kost%20Anugerah&query_place_id=ChIJu8mxO0fnaC4RMpQHlFVAl9w,,
kos murah Bandung,Bandung (Lainnya),Lainnya / Umum,Kos Putri/ Pasutri Pak RW,Jl. Sindangsari 4 No.56,4.7,,,https://www.google.com/maps/search/?api=1&query=Kos%20Putri%2F%20Pasutri%20Pak%20RW&query_place_id=ChIJ1ZcaQADdaC4RQqJHdvf-ito,,
kos murah Bandung,Bandung (Lainnya),Lainnya / Umum,Kost Singgahsini Mekar House Bojongloa Kidul Bandung,,2.9,+62 838-2953-4383,,https://www.google.com/maps/search/?api=1&query=Kost%20Singgahsini%20Mekar%20House%20Bojongloa%20Kidul%20Bandung&query_place_id=ChIJ033U3PfpaC4Rd0hxyboyFuI,,
kos murah Bandung,Bandung (Lainnya),Lainnya / Umum,Kostan bu.sapri,Jl. Gumuruh No.107,4.9,,,https://www.google.com/maps/search/?api=1&query=Kostan%20bu.sapri&query_place_id=ChIJTyNZAwnpaC4Rf5ERB9zG1dM,,
kos Bandung Selatan / Timur Bandung,Bandung Selatan / Timur,Lainnya / Umum,Kos Soekarno Hatta 52,,5,+62 899-9030-364,,https://www.google.com/maps/search/?api=1&query=Kos%20Soekarno%20Hatta%2052&query_place_id=ChIJA0BWZ7TpaC4RB6O0Xxqu0Ic,,
kos murah Bandung,Bandung (Lainnya),Lainnya / Umum,Kostan Putra Rumah Hijau,Jl. Suryalaya VI No.10,,+62 812-2434-5737,,https://www.google.com/maps/search/?api=1&query=Kostan%20Putra%20Rumah%20Hijau&query_place_id=ChIJE5nhkDjpaC4RXUw4SZLYiS4,,
kos murah Bandung,Bandung (Lainnya),Lainnya / Umum,Rumah Kost Pelangi,,4.9,+62 821-1712-5586,,https://www.google.com/maps/search/?api=1&query=Rumah%20Kost%20Pelangi&query_place_id=ChIJuXpEeNfCaC4RU4r9mBMFvmY,,
kos murah Bandung,Bandung (Lainnya),Lainnya / Umum,Kost elite,Jl. Batununggal Indah Raya No.263,4.5,,,https://www.google.com/maps/search/?api=1&query=Kost%20elite&query_place_id=ChIJFbFm4sbpaC4RjYYETscq4Mw,,
kos dekat UPI Bandung,Gegerkalong,UPI Setiabudi,Alhuda Kost / Kos / Kosan UPI Bandung,"Jl. Cilimus No.20, RT.07/RW.06, Isola, Kec. Sukasari, Kota Bandung, Jawa Barat 40154",,0813-2223-2511,,https://www.google.com/maps/place/Alhuda+Kost+%2F+Kos+%2F+Kosan+UPI+Bandung/data=!4m7!3m6!1s0x2e68e6ba234d355f:0x8cc0f4d40dd7602!8m2!3d-6.8586077!4d107.5910725!16s%2Fg%2F11b6gn3qsb!19sChIJXzVNI7rmaC4RAnbdQE0PzAg?authuser=0&hl=id&rclk=1,,
kos dekat UPI Bandung,Gegerkalong,UPI Setiabudi,Kost Bale Asri Setiabudi Bandung,"Gg. Puradinata Jl. Dr. Setiabudi No.11/174B, Gegerkalong, Kec. Sukasari, Kota Bandung, Jawa Barat 40153",,0821-9000-8209,,https://www.google.com/maps/place/Kost+Bale+Asri+Setiabudi+Bandung/data=!4m7!3m6!1s0x2e68e695925b4e0f:0xfea8e9ed15dee269!8m2!3d-6.8678992!4d107.5931122!16s%2Fg%2F11dz0_78n6!19sChIJD05bkpXmaC4RaeLeFe3pqP4?authuser=0&hl=id&rclk=1,,
kos dekat UPI Bandung,Gegerkalong,UPI Setiabudi,Kost Pelangi,"Jalan Negla Hilir No. 2/171A RT. 01/05 Isola Sukasari, Isola, Bandung, Kota Bandung, Jawa Barat 40154",,0812-2110-7007,,https://www.google.com/maps/place/Kost+Pelangi/data=!4m7!3m6!1s0x2e68e6b99944f7b7:0x43bd8ef99be321c5!8m2!3d-6.8590431!4d107.5930102!16s%2Fg%2F11cn948x1m!19sChIJt_dEmbnmaC4RxSHjm_mOvUM?authuser=0&hl=id&rclk=1,,
kos Setiabudi Bandung,Gegerkalong,UPI Setiabudi / POLBAN,Kosan Ibu Dona,"Jl. Dr. Setiabudi No.14/174b, Gegerkalong, Kec. Sukasari, Kota Bandung, Jawa Barat 40141",,0813-1229-7585,,https://www.google.com/maps/place/Kosan+Ibu+Dona/data=!4m7!3m6!1s0x2e68e7c69a8fe2f9:0xad24cf3430cf6e97!8m2!3d-6.8677737!4d107.593299!16s%2Fg%2F11rkfj5ly2!19sChIJ-eKPmsbnaC4Rl27PMDTPJK0?authuser=0&hl=id&rclk=1,,
kos Setiabudi Bandung,Gegerkalong,UPI Setiabudi / POLBAN,Family Kost Abah,"Jl. Dr. Setiabudi No.141b, Gegerkalong, Kec. Sukasari, Kota Bandung, Jawa Barat 40153",,0822-1667-0501,,https://www.google.com/maps/place/Family+Kost+Abah/data=!4m7!3m6!1s0x2e68e774e7036c33:0xdcb3564852d392e9!8m2!3d-6.8700329!4d107.5932672!16s%2Fg%2F11v6wnfcy9!19sChIJM2wD53TnaC4R6ZLTUkhWs9w?authuser=0&hl=id&rclk=1,,
kos Setiabudi Bandung,Setiabudi,UPI Setiabudi / POLBAN,Kost Setiabudi 10,"Jl. Dr. Setiabudi No.10, Hegarmanah, Kec. Cidadap, Kota Bandung, Jawa Barat 40131",,0878-7854-0999,,https://www.google.com/maps/place/Kost+Setiabudi+10/data=!4m7!3m6!1s0x2e68e70079875e61:0xd942615d8aca0384!8m2!3d-6.8838006!4d107.6041345!16s%2Fg%2F11y3wg9wnz!19sChIJYV6HeQDnaC4RhAPKil1hQtk?authuser=0&hl=id&rclk=1,,
kos Setiabudi Bandung,Gegerkalong,UPI Setiabudi / POLBAN,Kost Pak H Atit 354,"Jl. Dr. Setiabudi No.174 B, Gegerkalong, Kec. Sukasari, Kota Bandung, Jawa Barat 40153",,0811-2233-304,,https://www.google.com/maps/place/Kost+Pak+H+Atit+354/data=!4m7!3m6!1s0x2e68e757170e4ecd:0x9cdaaca331d52302!8m2!3d-6.8678244!4d107.5928898!16s%2Fg%2F11t5xtc90t!19sChIJzU4OF1fnaC4RAiPVMaOs2pw?authuser=0&hl=id&rclk=1,,
kos Setiabudi Bandung,Gegerkalong,UPI Setiabudi / POLBAN,Kosan BL1 - 11A,"Jl. Budi Luhur I, Gegerkalong, Kec. Sukasari, Kota Bandung, Jawa Barat 40153",,0815-9000-041,,https://www.google.com/maps/place/Kosan+BL1+-+11A/data=!4m7!3m6!1s0x2e68e69409ea394f:0x2aa98a8b22e189ea!8m2!3d-6.8724946!4d107.5932226!16s%2Fg%2F11b6g9hbc4!19sChIJTznqCZTmaC4R6onhIouKqSo?authuser=0&hl=id&rclk=1,,
kos Setiabudi Bandung,Gegerkalong,UPI Setiabudi / POLBAN,Ruang Kagum Co-Living | Kost Exclusive Setiabudi Bandung,"Jl. Negla Tengah No.26B, Isola, Kec. Sukasari, Kota Bandung, Jawa Barat 40154",,0819-9000-9771,,https://www.google.com/maps/place/Ruang+Kagum+Co-Living+%7C+Kost+Exclusive+Setiabudi+Bandung/data=!4m7!3m6!1s0x2e68e7b48daddd59:0x4f139e47216b5774!8m2!3d-6.8548506!4d107.5928644!16s%2Fg%2F11zk42ghxy!19sChIJWd2tjbTnaC4RdFdrIUeeE08?authuser=0&hl=id&rclk=1,,
kos Setiabudi Bandung,Setiabudi,UPI Setiabudi / POLBAN,KOST 22 LEDENG SETIABUDI,"Jl. Dr. Setiabudi No.284, Ledeng, Kec. Cidadap, Kota Bandung, Jawa Barat 40154",,0899-7845-984,,https://www.google.com/maps/place/KOST+22+LEDENG+SETIABUDI/data=!4m7!3m6!1s0x2e68e7773f5f2441:0x449eb709e7eb7c26!8m2!3d-6.8596467!4d107.5949306!16s%2Fg%2F11l25yglqf!19sChIJQSRfP3fnaC4RJnzr5wm3nkQ?authuser=0&hl=id&rclk=1,,
kos Setiabudi Bandung,Setiabudi,UPI Setiabudi / POLBAN,Dewi's kost,"Jl. Geger Arum Baru No.161B, RT.07/RW.01, Isola, Kec. Sukasari, Kota Bandung, Jawa Barat 40154",,0812-7109-7365,,https://www.google.com/maps/place/Dewi%27s+kost/data=!4m7!3m6!1s0x2e68e7c96b30d5b9:0xc4937fa11f9ab224!8m2!3d-6.8597595!4d107.5865847!16s%2Fg%2F11h5578jxq!19sChIJudUwa8nnaC4RJLKaH6F_k8Q?authuser=0&hl=id&rclk=1,,
kos dekat UPI Bandung,Setiabudi,UPI Setiabudi,"Kost Wisma Nuri, Bandung","Jl. Cipaku Indah II No.36, RT.01/RW.02, Ledeng, Kec. Cidadap, Kota Bandung, Jawa Barat 40143",,0851-5535-3739,,"https://www.google.com/maps/place/Kost+Wisma+Nuri,+Bandung/data=!4m7!3m6!1s0x2e68e70e16c016f9:0xb3b8fcfd34cbdd1d!8m2!3d-6.8614523!4d107.5966781!16s%2Fg%2F11h4lkg8sq!19sChIJ-RbAFg7naC4RHd3LNP38uLM?authuser=0&hl=id&rclk=1",,
kos Setiabudi Bandung,Gegerkalong,UPI Setiabudi / POLBAN,Kost BL4,"Jl. Budi Luhur No.4, Gegerkalong, Kec. Sukasari, Kota Bandung, Jawa Barat 40153",,(022) 6079383,,https://www.google.com/maps/place/Kost+BL4/data=!4m7!3m6!1s0x2e68e6941347d921:0xa3a2b234de8d9d95!8m2!3d-6.8713008!4d107.5933619!16s%2Fg%2F11b6glzlsd!19sChIJIdlHE5TmaC4RlZ2N3jSyoqM?authuser=0&hl=id&rclk=1,,
kos Setiabudi Bandung,Setiabudi,UPI Setiabudi / POLBAN,Wisma Panorama Setiabudi,"Jl. Kapten Abdul Hamid No.56 Blk B No, Hegarmanah, Kec. Cidadap, Kota Bandung, Jawa Barat 40141",,(022) 86121829,,https://www.google.com/maps/place/Wisma+Panorama+Setiabudi/data=!4m10!3m9!1s0x2e68e6bfbf2e1913:0x480905a612b102c6!5m2!4m1!1i2!8m2!3d-6.8655841!4d107.5960133!16s%2Fg%2F11cky6zcy2!19sChIJExkuv7_maC4RxgKxEqYFCUg?authuser=0&hl=id&rclk=1,,
kos Setiabudi Bandung,Gegerkalong,UPI Setiabudi / POLBAN,Adma Living Setiabudhi Co-Living,"Jl. Gegerkalong Girang No.140, Isola, Kec. Sukasari, Kota Bandung, Jawa Barat 40153",,0813-8277-8983,,https://www.google.com/maps/place/Adma+Living+Setiabudhi+Co-Living/data=!4m7!3m6!1s0x2e68e71e5853ae4d:0xcb64012b62918ad0!8m2!3d-6.8621414!4d107.5847413!16s%2Fg%2F11hr1gwx10!19sChIJTa5TWB7naC4R0IqRYisBZMs?authuser=0&hl=id&rclk=1,,
kos Setiabudi Bandung,Gegerkalong,UPI Setiabudi / POLBAN,BERKAH KOST,"Gg. H. Ridho I No.49a, Gegerkalong, Kec. Sukasari, Kota Bandung, Jawa Barat 40153",,0857-2215-0111,,https://www.google.com/maps/place/BERKAH+KOST/data=!4m7!3m6!1s0x2e68e7349316bf1f:0x9a2ec975902201d8!8m2!3d-6.8675073!4d107.5924917!16s%2Fg%2F11q49w_9rx!19sChIJH78WkzTnaC4R2AEikHXJLpo?authuser=0&hl=id&rclk=1,,
kos Setiabudi Bandung,Gegerkalong,UPI Setiabudi / POLBAN,Kosan Budi Asri,"Jl. Dr. Setiabudi Gg. Puradinata, Gegerkalong, Kec. Sukasari, Kota Bandung, Jawa Barat 40153",,0822-1672-4828,,https://www.google.com/maps/place/Kosan+Budi+Asri/data=!4m7!3m6!1s0x2e68e7e0e3a219a7:0x17a7b78876482dd3!8m2!3d-6.8679067!4d107.5931897!16s%2Fg%2F11t7h95kfl!19sChIJpxmi4-DnaC4R0y1Idoi3pxc?authuser=0&hl=id&rclk=1,,
kos Setiabudi Bandung,Gegerkalong,UPI Setiabudi / POLBAN,KOST RATNO,"Jl. Dr. Setiabudi No.143, Gegerkalong, Kec. Sukasari, Kota Bandung, Jawa Barat 40153",,0812-2445-617,,https://www.google.com/maps/place/KOST+RATNO/data=!4m7!3m6!1s0x2e68e694358b70a7:0xce82ba387de7da24!8m2!3d-6.8699458!4d107.5933531!16s%2Fg%2F11hd253yf3!19sChIJp3CLNZTmaC4RJNrnfTi6gs4?authuser=0&hl=id&rclk=1,,
kos Setiabudi Bandung,Gegerkalong,UPI Setiabudi / POLBAN,KOST mas EKO,"Jl. Dr. Setiabudi No.165c, Gegerkalong, Kec. Sukasari, Kota Bandung, Jawa Barat 40153",,0822-1510-0944,,https://www.google.com/maps/place/KOST+mas+EKO/data=!4m7!3m6!1s0x2e68e723c5377755:0x557b28e9900cccb9!8m2!3d-6.8687547!4d107.5926864!16s%2Fg%2F11h0b_vhgj!19sChIJVXc3xSPnaC4RucwMkOkoe1U?authuser=0&hl=id&rclk=1,,
kos Setiabudi Bandung,Setiabudi,UPI Setiabudi / POLBAN,Kost Setiabudi 3B,"Jl. Dr. Setiabudi No.3B, Hegarmanah, Kec. Cidadap, Kota Bandung, Jawa Barat 40131",,0812-1839-6009,,https://www.google.com/maps/place/Kost+Setiabudi+3B/data=!4m7!3m6!1s0x2e68e7ec07ef68fb:0xd26f5544804693b4!8m2!3d-6.8845539!4d107.604058!16s%2Fg%2F11hdxnq7k1!19sChIJ-2jvB-znaC4RtJNGgERVb9I?authuser=0&hl=id&rclk=1,,
kos Gegerkalong Bandung,Gegerkalong,UPI Setiabudi / POLBAN,Kost Pondok Asri 50A,"Gg. H. Ridho No.50A, Gegerkalong, Kec. Sukasari, Kota Bandung, Jawa Barat 40153",,0812-2115-822,,https://www.google.com/maps/place/Kost+Pondok+Asri+50A/data=!4m7!3m6!1s0x2e68e7aadb0d2f81:0x5f9ef34c1b4b6830!8m2!3d-6.8672358!4d107.5929219!16s%2Fg%2F11kk437wyl!19sChIJgS8N26rnaC4RMGhLG0zznl8?authuser=0&hl=id&rclk=1,,
kos Gegerkalong Bandung,Gegerkalong,UPI Setiabudi / POLBAN,Aryadira Kost,"Jl. Sukajadi Atas No.369, Gegerkalong, Kec. Sukasari, Kota Bandung, Jawa Barat 40152",,0877-7794-9098,,https://www.google.com/maps/place/Aryadira+Kost/data=!4m7!3m6!1s0x2e68e70050036b69:0x2989fe5313759e31!8m2!3d-6.8753554!4d107.5948991!16s%2Fg%2F11ybf_6gqg!19sChIJaWsDUADnaC4RMZ51E1P-iSk?authuser=0&hl=id&rclk=1,,
kos Gegerkalong Bandung,Gegerkalong,UPI Setiabudi / POLBAN,Rumah Kost Pak Opik,"Jl. Gegerkalong Tengah No.43, Gegerkalong, Kec. Sukasari, Kota Bandung, Jawa Barat 40153",,(022) 2011655,,https://www.google.com/maps/place/Rumah+Kost+Pak+Opik/data=!4m7!3m6!1s0x2e68e788cf880c51:0x11e3d73b4c800dde!8m2!3d-6.867767!4d107.5913211!16s%2Fg%2F11gm76n8hj!19sChIJUQyIz4jnaC4R3g2ATDvX4xE?authuser=0&hl=id&rclk=1,,
kos Gegerkalong Bandung,Gegerkalong,UPI Setiabudi / POLBAN,Kost ibu kania,"Gegerkalong, Kec. Sukasari, Kota Bandung, Jawa Barat 40153",,0812-2123-071,,https://www.google.com/maps/place/Kost+ibu+kania/data=!4m7!3m6!1s0x2e68e724e2c5c9ad:0xe54cf8ce0ef2fa1e!8m2!3d-6.8678613!4d107.5925469!16s%2Fg%2F11t5m18xls!19sChIJrcnF4iTnaC4RHvryDs74TOU?authuser=0&hl=id&rclk=1,,
kos Gegerkalong Bandung,Gegerkalong,UPI Setiabudi / POLBAN,Kost White House 159,"No 159 Blk, Jl. Dr. Setiabudi, Gegerkalong, Kec. Sukasari, Kota Bandung, Jawa Barat 40153",,0899-4204-999,,https://www.google.com/maps/place/Kost+White+House+159/data=!4m7!3m6!1s0x2e68e70fdedc5463:0xc81e6ed92a5407ba!8m2!3d-6.8692518!4d107.592908!16s%2Fg%2F11j5b37g4r!19sChIJY1Tc3g_naC4RugdUKtluHsg?authuser=0&hl=id&rclk=1,,
kos Gegerkalong Bandung,Gegerkalong,UPI Setiabudi / POLBAN,Barbie Kost,"4HJR+XJV, Jl. Gegerkalong Tengah, Gegerkalong, Kec. Sukasari, Kota Bandung, Jawa Barat 40153",,0815-3747-7721,,https://www.google.com/maps/place/Barbie+Kost/data=!4m7!3m6!1s0x2e68e708de0e2a31:0x68b6a7e8839f583!8m2!3d-6.8675132!4d107.5915596!16s%2Fg%2F11h77kjg1z!19sChIJMSoO3gjnaC4Rg_U5iH5qiwY?authuser=0&hl=id&rclk=1,,
kos Gegerkalong Bandung,Gegerkalong,UPI Setiabudi / POLBAN,In D'kost exclusif,"Jl. Gegerkalong Hilir, Gegerkalong, Kec. Sukasari, Kota Bandung, Jawa Barat 40153",,0813-1984-5885,,https://www.google.com/maps/place/In+D%27kost+exclusif/data=!4m7!3m6!1s0x2e68e7743e152b45:0x9d5090bc68a695a7!8m2!3d-6.8683362!4d107.5868558!16s%2Fg%2F11ylc44sjq!19sChIJRSsVPnTnaC4Rp5WmaLyQUJ0?authuser=0&hl=id&rclk=1,,
kos Gegerkalong Bandung,Gegerkalong,UPI Setiabudi / POLBAN,Kosan shoeny gegerkalong setiabudi bandung,"Gegerkalong hilir gang Sarbini 60 RT 4 RW 5 Gegerkalong tengah gang 4 no 12 RT 8, Gg. 3 Jl. Gegerkalong Tengah No.67, RT.4/RW.4, Kelurahan sukasari, Kec. Sukasari, Kota Bandung, Jawa Barat 40153",,0857-2202-4184,,https://www.google.com/maps/place/Kosan+shoeny+gegerkalong+setiabudi+bandung/data=!4m7!3m6!1s0x2e68e7237ba348bf:0xed139fcc7622e349!8m2!3d-6.8685756!4d107.590237!16s%2Fg%2F11hznmjl5k!19sChIJv0ijeyPnaC4RSeMidsyfE-0?authuser=0&hl=id&rclk=1,,
kos Gegerkalong Bandung,Gegerkalong,UPI Setiabudi / POLBAN,KOST 65A,"Gg. Gegersuni 4 No.65a, Gegerkalong, Kec. Sukasari, Kota Bandung, Jawa Barat 40153",,0858-7108-3632,,https://www.google.com/maps/place/KOST+65A/data=!4m7!3m6!1s0x2e68e6bcfa34cb39:0x620f7a949cc1c081!8m2!3d-6.8642812!4d107.588483!16s%2Fg%2F11bw3xmw6l!19sChIJOcs0-rzmaC4RgcDBnJR6D2I?authuser=0&hl=id&rclk=1,,
kos Gegerkalong Bandung,Gegerkalong,UPI Setiabudi / POLBAN,Palazzo Kost,"No.24i, Gg. H. Ridho No.2, Gegerkalong, Sukasari, Bandung City, West Java 40153",,0877-2777-0888,,https://www.google.com/maps/place/Palazzo+Kost/data=!4m7!3m6!1s0x2e68e6960a97180f:0xec9ed852c60a08a4!8m2!3d-6.8682737!4d107.591876!16s%2Fg%2F11c13mnpnh!19sChIJDxiXCpbmaC4RpAgKxlLYnuw?authuser=0&hl=id&rclk=1,,
kos Gegerkalong Bandung,Gegerkalong,UPI Setiabudi / POLBAN,Kost Warung Cemara,"Gg. H. Ridho No.2 No.59, Gegerkalong, Kec. Sukasari, Kota Bandung, Jawa Barat 40153",,0813-1223-5545,,https://www.google.com/maps/place/Kost+Warung+Cemara/data=!4m7!3m6!1s0x2e68e695de6b054b:0xb8a68b1f03cc36f3!8m2!3d-6.8684514!4d107.5921793!16s%2Fg%2F11b6hnkk92!19sChIJSwVr3pXmaC4R8zbMAx-Lprg?authuser=0&hl=id&rclk=1,,
kos Gegerkalong Bandung,Gegerkalong,UPI Setiabudi / POLBAN,Kosan Pondok Gerlong Bandung,"Jl. Gegerkalong Hilir No.91, Sukarasa, Kec. Sukasari, Kota Bandung, Jawa Barat 40153",,0853-5340-0026,,https://www.google.com/maps/place/Kosan+Pondok+Gerlong+Bandung/data=!4m7!3m6!1s0x2e68e7810f814c09:0xb72680e7ad454c58!8m2!3d-6.8689912!4d107.5866983!16s%2Fg%2F11j3gxkq3m!19sChIJCUyBD4HnaC4RWExFreeAJrc?authuser=0&hl=id&rclk=1,,
kos Gegerkalong Bandung,Gegerkalong,UPI Setiabudi / POLBAN,Imah Kost Bandung,"Jl. Gegerkalong Tonggoh I No.2, Gegerkalong, Kec. Sukasari, Kota Bandung, Jawa Barat 40153",,0851-2197-2895,,https://www.google.com/maps/place/Imah+Kost+Bandung/data=!4m7!3m6!1s0x2e68e79001619b35:0x14d7af2f18f43f5e!8m2!3d-6.8658727!4d107.5804978!16s%2Fg%2F11yxf_drsy!19sChIJNZthAZDnaC4RXj_0GC-v1xQ?authuser=0&hl=id&rclk=1,,
kos Gegerkalong Bandung,Gegerkalong,UPI Setiabudi / POLBAN,KOST ODOL SETIABUDI,"Jl. Dr. Setiabudi No.119B, RT./RW/RW.007/005, Gegerkalong, Kec. Sukasari, Kota Bandung, Jawa Barat 40153",,0812-9412-693,,https://www.google.com/maps/place/KOST+ODOL+SETIABUDI/data=!4m7!3m6!1s0x2e68e7cb18b64455:0xa510d2e09d0f302!8m2!3d-6.8720806!4d107.5940548!16s%2Fg%2F11n43r0bt9!19sChIJVUS2GMvnaC4RAvPQCS4NUQo?authuser=0&hl=id&rclk=1,,
kos Setiabudi Bandung,Setiabudi,UPI Setiabudi / POLBAN,Kosan Ibu Tita,"Jawa, Jl. Sersan Surip Barat No.164/169A, RT.04/RW.04, Ledeng, Kec. Cidadap, Kota Bandung, Jawa Barat 40143",,0851-0092-8783,,https://www.google.com/maps/place/Kosan+Ibu+Tita/data=!4m7!3m6!1s0x2e68e6b87a6b453d:0xdb01483ce47c66d3!8m2!3d-6.8586466!4d107.5975623!16s%2Fg%2F11g8whx6j6!19sChIJPUVrerjmaC4R02Z85DxIAds?authuser=0&hl=id&rclk=1,,
kos Setiabudi Bandung,Gegerkalong,UPI Setiabudi / POLBAN,Wisma Langit Biru Setiabudi,"Jl. Dr. Setiabudi No.91b, Gegerkalong, Kec. Sukasari, Kota Bandung, Jawa Barat 40153",,0812-2020-1391,,https://www.google.com/maps/place/Wisma+Langit+Biru+Setiabudi/data=!4m7!3m6!1s0x2e68e79ac62f7233:0x95717bea7c7dd6f5!8m2!3d-6.8745343!4d107.5953302!16s%2Fg%2F11vcr82r06!19sChIJM3IvxprnaC4R9dZ9fOp7cZU?authuser=0&hl=id&rclk=1,,
kos Setiabudi Bandung,Setiabudi,UPI Setiabudi / POLBAN,"BABEH KOST Kost khusus Pegawai, karyawan, karyawati","Jl. Madhapi No.12, Sukamaju, Kec. Cibeunying Kidul, Kota Bandung, Jawa Barat 40121",,0813-3777-5678,,"https://www.google.com/maps/place/BABEH+KOST+Kost+khusus+Pegawai,+karyawan,+karyawati/data=!4m7!3m6!1s0x2e68e73bc98beed9:0xc6bf4adcbd14d498!8m2!3d-6.9100334!4d107.6351303!16s%2Fg%2F11vbw1bm0l!19sChIJ2e6LyTvnaC4RmNQUvdxKv8Y?authuser=0&hl=id&rclk=1",,
kos Setiabudi Bandung,Setiabudi,UPI Setiabudi / POLBAN,Kost Waspada 3,"Jl. Waspada No.3, RT.04/RW.08, Pasteur, Kec. Sukajadi, Kota Bandung, Jawa Barat 40161",,0895-3597-97285,,https://www.google.com/maps/place/Kost+Waspada+3/data=!4m7!3m6!1s0x2e68e76b1bd0d933:0x5950dae43b230934!8m2!3d-6.892741!4d107.6004041!16s%2Fg%2F11g_ntsry2!19sChIJM9nQG2vnaC4RNAkjO-TaUFk?authuser=0&hl=id&rclk=1,,
kos putri dekat UPI,Gegerkalong,UPI Setiabudi,Kost Putri Ibu Harlas,"Jl. Terusan Pak Gatot Raya, Geger, Gg. Geger Gg. Kiara 1 No.41, Gegerkalong, Sukasari, Bandung City, West Java 40153",,0811-2439-494,,https://www.google.com/maps/place/Kost+Putri+Ibu+Harlas/data=!4m7!3m6!1s0x2e68e794655d2b01:0x733e36f510ff4c8!8m2!3d-6.8637859!4d107.5876153!16s%2Fg%2F11tbwjdqh5!19sChIJAStdZZTnaC4RyPQPUW_jMwc?authuser=0&hl=id&rclk=1,,
kos putri dekat UPI,Gegerkalong,UPI Setiabudi,Kost Putri Pak Lucky,"Jl. Gegerkalong Girang No.55H, Gegerkalong, Kec. Sukasari, Kota Bandung, Jawa Barat 40153",,0896-4664-9776,,https://www.google.com/maps/place/Kost+Putri+Pak+Lucky/data=!4m7!3m6!1s0x2e68e7aee925ef9f:0xc69bfb1159e71501!8m2!3d-6.8645628!4d107.5900789!16s%2Fg%2F11sb6_21vt!19sChIJn-8l6a7naC4RARXnWRH7m8Y?authuser=0&hl=id&rclk=1,,
kos putri dekat UPI,Gegerkalong,UPI Setiabudi,Kost PUTRI CAHAYA Sukasari,"4HPQ+H4P, Gegerkalong, Kec. Sukasari, Kota Bandung, Jawa Barat 40153",,0823-1521-4489,,https://www.google.com/maps/place/Kost+PUTRI+CAHAYA+Sukasari/data=!4m7!3m6!1s0x2e68e7f0f9c87a79:0x474d2bfc11561d11!8m2!3d-6.8635273!4d107.5878286!16s%2Fg%2F11fn2z0pq4!19sChIJeXrI-fDnaC4RER1WEfwrTUc?authuser=0&hl=id&rclk=1,,
kos putri dekat UPI,Gegerkalong,UPI Setiabudi,Kost Putri Byangara,"Jl. Gegerkalong Girang Gg. Gegersuni 1 No.33B, Gegerkalong, paviliun, Kota Bandung, Jawa Barat 40153",,0821-8888-4399,,https://www.google.com/maps/place/Kost+Putri+Byangara/data=!4m7!3m6!1s0x2e68e7008d1759cf:0xe1b07ab21584df5a!8m2!3d-6.8639398!4d107.589447!16s%2Fg%2F11vc2tgndv!19sChIJz1kXjQDnaC4RWt-EFbJ6sOE?authuser=0&hl=id&rclk=1,,
kos putri dekat UPI,Setiabudi,UPI Setiabudi,Kost puteri PURI KHARISMA,"Jl. Geger Arum No.19, RT./Rw/RW.04, 06, Isola, Kec. Sukasari, Kota Bandung, Jawa Barat 40154",,0822-4002-4147,,https://www.google.com/maps/place/Kost+puteri+PURI+KHARISMA/data=!4m7!3m6!1s0x2e68e7c251eb9fb9:0x620fd1bb8530e585!8m2!3d-6.8600764!4d107.5862886!16s%2Fg%2F11fn0fpr4m!19sChIJuZ_rUcLnaC4RheUwhbvRD2I?authuser=0&hl=id&rclk=1,,
kos mahasiswa dekat UPI,Cidadap,UPI Setiabudi,Kost panorama II (sugandi),"Jl. Kapten Abdul Hamid Panorama II No.39-41, Hegarmanah, Kec. Cidadap, Kota Bandung, Jawa Barat 40141",,0851-5661-5604,,https://www.google.com/maps/place/Kost+panorama+II+%28sugandi%29/data=!4m7!3m6!1s0x2e68e77ae9a234ad:0x7552859bd0061186!8m2!3d-6.8655732!4d107.595253!16s%2Fg%2F11mv0mtgqp!19sChIJrTSi6XrnaC4RhhEG0JuFUnU?authuser=0&hl=id&rclk=1,,
kos mahasiswa dekat UPI,Gegerkalong,UPI Setiabudi,Kosan Bsa,"Jl. Gegerkalong Tengah 7 No.53 / F, Gegerkalong, Kec. Sukasari, Kota Bandung, Jawa Barat 40153",,(022) 2021774,,https://www.google.com/maps/place/Kosan+Bsa/data=!4m7!3m6!1s0x2e68e6bdf14d8bb9:0xe7a7fdbe8f322a2f!8m2!3d-6.86683!4d107.590877!16s%2Fg%2F11b6hq3zr9!19sChIJuYtN8b3maC4RLyoyj779p-c?authuser=0&hl=id&rclk=1,,
kos mahasiswa dekat UPI,Gegerkalong,UPI Setiabudi,Graha Desilla,"4HRR+Q9Q, Jl. Cilimus, Isola, Kec. Sukasari, Kota Bandung, Jawa Barat 40154",,0853-1619-3861,,https://www.google.com/maps/place/Graha+Desilla/data=!4m7!3m6!1s0x2e68e6ba16525fd7:0x662fcef2011584a7!8m2!3d-6.8580458!4d107.5909966!16s%2Fg%2F11f3dt93vd!19sChIJ119SFrrmaC4Rp4QVAfLOL2Y?authuser=0&hl=id&rclk=1,,
kos mahasiswa dekat UPI,Gegerkalong,UPI Setiabudi,Wisma Elfarisi,"4HRR+R99, Jl. Cilimus, RT.07/RW.06, Isola, Kec. Sukasari, Kota Bandung, Jawa Barat 40154",,0812-2020-2012,,https://www.google.com/maps/place/Wisma+Elfarisi/data=!4m7!3m6!1s0x2e68e6ba19fca241:0x4a2b2f1823f765b9!8m2!3d-6.8579734!4d107.5909798!16s%2Fg%2F11b6gng84n!19sChIJQaL8GbrmaC4RuWX3IxgvK0o?authuser=0&hl=id&rclk=1,,
kos mahasiswa dekat UPI,Setiabudi,UPI Setiabudi,KOS HUBAIB,"4HQQ+F3X, Isola, Kec. Sukasari, Kota Bandung, Jawa Barat 40154",,0852-2289-5397,,https://www.google.com/maps/place/KOS+HUBAIB/data=!4m7!3m6!1s0x2e68e787b5700c7b:0x15a1a7785e2ff86a!8m2!3d-6.8612561!4d107.5877286!16s%2Fg%2F11t3f22g91!19sChIJewxwtYfnaC4RavgvXninoRU?authuser=0&hl=id&rclk=1,,
kos mahasiswa dekat UPI,Gegerkalong,UPI Setiabudi,Hunian AARA kost,"4HPQ+CJX, Gg. Gegersuni 1, no38c, Gegerkalong, Kec. Sukasari, Kota Bandung, Jawa Barat 40153",,0877-7567-7001,,https://www.google.com/maps/place/Hunian+AARA+kost/data=!4m7!3m6!1s0x2e68e7006764603f:0x36792001bd8dd5ac!8m2!3d-6.8639622!4d107.5891055!16s%2Fg%2F11x34qzz7y!19sChIJP2BkZwDnaC4RrNWNvQEgeTY?authuser=0&hl=id&rclk=1,,
kos mahasiswa dekat UPI,Setiabudi,UPI Setiabudi,Kost mahasiswa Ibu Ami,"Jl. Geger Arum Baru No.27, Isola, Kec. Sukasari, Kota Bandung, Jawa Barat 40154",,0877-6927-4496,,https://www.google.com/maps/place/Kost+mahasiswa+Ibu+Ami/data=!4m7!3m6!1s0x2e68e7cbe4b25991:0x447f89a45e75b48d!8m2!3d-6.8595152!4d107.5874256!16s%2Fg%2F11s5gqdzgx!19sChIJkVmy5MvnaC4RjbR1XqSJf0Q?authuser=0&hl=id&rclk=1,,
kos mahasiswa dekat UPI,Gegerkalong,UPI Setiabudi,Kost Tashfia,"Jl. Gegerkalong Girang Baru II No.10, Isola, Kec. Sukasari, Kota Bandung, Jawa Barat 40154",,0851-9642-2007,,https://www.google.com/maps/place/Kost+Tashfia/data=!4m7!3m6!1s0x2e68e70005e39d1d:0x65bdddc270d5b881!8m2!3d-6.8629837!4d107.591866!16s%2Fg%2F11xsk451jj!19sChIJHZ3jBQDnaC4RgbjVcMLdvWU?authuser=0&hl=id&rclk=1,,
kos Setiabudi Bandung,Setiabudi,UPI Setiabudi / POLBAN,54B Kostan - SetiabudiBandung,"Jl. Kapten Abdul Hamid Jl. Dr. Setiabudi No.54B, Hegarmanah, Kec. Cidadap, Kota Bandung, Jawa Barat 40141",,0895-3069-5965,,https://www.google.com/maps/place/54B+Kostan+-+SetiabudiBandung/data=!4m7!3m6!1s0x2e68e7c25ef8e241:0xe7cc04841702b1a1!8m2!3d-6.8653508!4d107.5957248!16s%2Fg%2F11h3767rzw!19sChIJQeL4XsLnaC4RobECF4QEzOc?authuser=0&hl=id&rclk=1,,
kos Setiabudi Bandung,Setiabudi,UPI Setiabudi / POLBAN,Pondokan Rumah Imoet / Surabi 194,"Jl. Dr. Setiabudi No.194, Hegarmanah, Kec. Cidadap, Kota Bandung, Jawa Barat 40141",,(022) 2012180,,https://www.google.com/maps/place/Pondokan+Rumah+Imoet+%2F+Surabi+194/data=!4m7!3m6!1s0x2e68e6b6ebf6d433:0xe23eb1c97526919b!8m2!3d-6.8689292!4d107.5938253!16s%2Fg%2F11b60t_syc!19sChIJM9T267bmaC4Rm5EmdcmxPuI?authuser=0&hl=id&rclk=1,,
kos Setiabudi Bandung,Setiabudi,UPI Setiabudi / POLBAN,Kost Cisitu Baru,"Jl. Cisitu Baru No.78, Dago, Kecamatan Coblong, Kota Bandung, Jawa Barat 40135",,0812-1059-625,,https://www.google.com/maps/place/Kost+Cisitu+Baru/data=!4m7!3m6!1s0x2e68e6f9025f59cf:0xfe3ac5c1eef26978!8m2!3d-6.8832605!4d107.6116231!16s%2Fg%2F1pzrb6_5_!19sChIJz1lfAvnmaC4ReGny7sHFOv4?authuser=0&hl=id&rclk=1,,
kos Setiabudi Bandung,Setiabudi,UPI Setiabudi / POLBAN,"""Point homy"" Co-Living space @supratman","Jl. Supratman No.29, Cihapit, Kec. Bandung Wetan, Kota Bandung, Jawa Barat 40114",,0821-2100-3636,,https://www.google.com/maps/place/%22Point+homy%22+Co-Living+space+@supratman/data=!4m7!3m6!1s0x2e68e78d22e752f5:0xf3781464a52da1d0!8m2!3d-6.9059686!4d107.6290754!16s%2Fg%2F11c31psp1k!19sChIJ9VLnIo3naC4R0KEtpWQUePM?authuser=0&hl=id&rclk=1,,
kos Setiabudi Bandung,Setiabudi,UPI Setiabudi / POLBAN,Kost Sukagalih,"Jl. Sukagalih No.110, Sukabungah, Kec. Sukajadi, Kota Bandung, Jawa Barat 40162",,(022) 72290999,,https://www.google.com/maps/place/Kost+Sukagalih/data=!4m7!3m6!1s0x2e68e663fa59427f:0x31bee7a3f9dbb070!8m2!3d-6.8930132!4d107.5902147!16s%2Fg%2F1pzy3zj6y!19sChIJf0JZ-mPmaC4RcLDb-aPnvjE?authuser=0&hl=id&rclk=1,,
kos Setiabudi Bandung,Setiabudi,UPI Setiabudi / POLBAN,Kost Dago,"Gg. Wardia No.159 A, Dago, Kecamatan Coblong, Kota Bandung, Jawa Barat 40116",,(022) 2514618,,https://www.google.com/maps/place/Kost+Dago/data=!4m7!3m6!1s0x2e68e6487d2dc573:0xed516a287bd4cd6d!8m2!3d-6.8776763!4d107.6163444!16s%2Fg%2F1pzt2_7bz!19sChIJc8UtfUjmaC4Rbc3UeyhqUe0?authuser=0&hl=id&rclk=1,,
kos Setiabudi Bandung,Setiabudi,UPI Setiabudi / POLBAN,Kosan Purnama,"Jl. Kapten Abdul Hamid No.24, Ledeng, Kec. Cidadap, Kota Bandung, Jawa Barat 40141",,0812-2240-1146,,https://www.google.com/maps/place/Kosan+Purnama/data=!4m7!3m6!1s0x2e68e6bfad31e497:0x64fb337cebacc475!8m2!3d-6.864912!4d107.5950417!16s%2Fg%2F11b6gm0sbw!19sChIJl-Qxrb_maC4RdcSs63wz-2Q?authuser=0&hl=id&rclk=1,,
kos Setiabudi Bandung,Setiabudi,UPI Setiabudi / POLBAN,Kost Sekeloa,"Jl. Sekeloa No.33, RT.02/RW.06, Sekeloa, Kecamatan Coblong, Kota Bandung, Jawa Barat 40134",,0858-0627-3207,,https://www.google.com/maps/place/Kost+Sekeloa/data=!4m7!3m6!1s0x2e68e655a5f6f39b:0x3a9b3ddd5cd646f9!8m2!3d-6.8886643!4d107.6186725!16s%2Fg%2F1pzyvnzvf!19sChIJm_P2pVXmaC4R-UbWXN09mzo?authuser=0&hl=id&rclk=1,,
kos Setiabudi Bandung,Setiabudi,UPI Setiabudi / POLBAN,Kost Exclusive Cipaganti,"Jalan Kaum Cipaganti II No.11/35a, Pasteur, Sukajadi, Bandung City, West Java 40161",,0878-7807-7977,,https://www.google.com/maps/place/Kost+Exclusive+Cipaganti/data=!4m7!3m6!1s0x2e68e7b9cde137a9:0x2ce64b122dfd131!8m2!3d-6.8942898!4d107.6022616!16s%2Fg%2F11j5ttbc6y!19sChIJqTfhzbnnaC4RMdHfIrFkzgI?authuser=0&hl=id&rclk=1,,
kos Setiabudi Bandung,Gegerkalong,UPI Setiabudi / POLBAN,Kost Ibu Tobing,"Jl. Budi Luhur I No.12, Gegerkalong, Kec. Sukasari, Kota Bandung, Jawa Barat 40153",,(022) 2036834,,https://www.google.com/maps/place/Kost+Ibu+Tobing/data=!4m7!3m6!1s0x2e68e724591bd82f:0x6072fb51638ef826!8m2!3d-6.8725371!4d107.5937292!16s%2Fg%2F11j8hbyf6j!19sChIJL9gbWSTnaC4RJviOY1H7cmA?authuser=0&hl=id&rclk=1,,
kos Setiabudi Bandung,Gegerkalong,UPI Setiabudi / POLBAN,kost al fazza,"Jl. Dr. Setiabudi No.157a, Gegerkalong, Kec. Sukasari, Kota Bandung, Jawa Barat 40153",,0895-6044-70077,,https://www.google.com/maps/place/kost+al+fazza/data=!4m7!3m6!1s0x2e68e779ddfcc3a3:0x4f2b80b301f8b6d3!8m2!3d-6.8691653!4d107.5933697!16s%2Fg%2F11tk8rqj3w!19sChIJo8P83XnnaC4R07b4AbOAK08?authuser=0&hl=id&rclk=1,,
kos Gegerkalong Bandung,Gegerkalong,UPI Setiabudi / POLBAN,Kost Budi Luhur Ultimate (BLU),"Jl. Budi Luhur I No.11B, Gegerkalong, Kec. Sukasari, Kota Bandung, Jawa Barat 40153",,0858-0827-9344,,https://www.google.com/maps/place/Kost+Budi+Luhur+Ultimate+%28BLU%29/data=!4m7!3m6!1s0x2e68e693f3b34899:0xc37339eaf7bec78a!8m2!3d-6.8727536!4d107.5931782!16s%2Fg%2F11c2l85f9r!19sChIJmUiz85PmaC4Rise-9-o5c8M?authuser=0&hl=id&rclk=1,,
kos Gegerkalong Bandung,Gegerkalong,UPI Setiabudi / POLBAN,Kost Putri Gerlong Hilir,"Jl. Gegerkalong Hilir No.17, RT.01/RW.04, Gegerkalong, Kec. Sukasari, Kota Bandung, Jawa Barat 40153",,0812-2129-896,,https://www.google.com/maps/place/Kost+Putri+Gerlong+Hilir/data=!4m7!3m6!1s0x2e68e697a5346ba3:0x3b017d6c055185fd!8m2!3d-6.8702903!4d107.5922219!16s%2Fg%2F1pzsy77yy!19sChIJo2s0pZfmaC4R_YVRBWx9ATs?authuser=0&hl=id&rclk=1,,
kos Gegerkalong Bandung,Gegerkalong,UPI Setiabudi / POLBAN,Kost Putri Bu Yoyo Gerlong,"Jl. Gegerkalong Tengah Gg. H. Ridho II No 24F, RT.07/RW.04, Gegerkalong, Kec. Sukasari, Kota Bandung, Jawa Barat 40153",,0811-1660-600,,https://www.google.com/maps/place/Kost+Putri+Bu+Yoyo+Gerlong/data=!4m7!3m6!1s0x2e68e78e0ed95de5:0xb2e07b8abf45b3c!8m2!3d-6.8680582!4d107.5919901!16s%2Fg%2F11ss5my129!19sChIJ5V3ZDo7naC4RPFv0q7gHLgs?authuser=0&hl=id&rclk=1,,
kos dekat UPI Bandung,Setiabudi,UPI Setiabudi,Kos Ibu Susi,"Kos Ibu Susi) Jl. Dr. Setiabudi, Jl. Cipaku Indah II Gg. Bp Arsadi No.8, Ledeng, Kec. Cidadap, Kota Bandung, Jawa Barat 40143",,0817-203-798,,https://www.google.com/maps/place/Kos+Ibu+Susi/data=!4m7!3m6!1s0x2e68e74dfe1111b5:0x823467f4a006040c!8m2!3d-6.8607963!4d107.5959283!16s%2Fg%2F11j374ktjl!19sChIJtRER_k3naC4RDAQGoPRnNII?authuser=0&hl=id&rclk=1,,
kos dekat UPI Bandung,Gegerkalong,UPI Setiabudi,GUFAMKOST,"Jl. Cilimus No.1, RT.01/RW.04, Isola, Kec. Sukasari, Kota Bandung, Jawa Barat 40154",,0851-5788-6298,,https://www.google.com/maps/place/GUFAMKOST/data=!4m7!3m6!1s0x2e68e7000865269d:0x4392942f3867eb3!8m2!3d-6.8570176!4d107.5921361!16s%2Fg%2F11w3p0sfj_!19sChIJnSZlCADnaC4Rs36G80IpOQQ?authuser=0&hl=id&rclk=1,,
kos dekat UPI Bandung,Gegerkalong,UPI Setiabudi,Kosan Cilimus,"Jl. Cilimus No.16A, Isola, Kec. Sukasari, Kota Bandung, Jawa Barat 40154",,0877-2400-5132,,https://www.google.com/maps/place/Kosan+Cilimus/data=!4m7!3m6!1s0x2e68e6b74cccc21d:0x1c4d43dda47e2b40!8m2!3d-6.8563938!4d107.5917854!16s%2Fg%2F11bc70z06x!19sChIJHcLMTLfmaC4RQCt-pN1DTRw?authuser=0&hl=id&rclk=1,,
kos dekat UPI Bandung,Gegerkalong,UPI Setiabudi,Kost As - Salam,"Jl. Gegerkalong Girang Gg. Cempaka No.47, RT.02/RW.06, Isola, Kec. Sukasari, Kota Bandung, Jawa Barat 40154",,0896-5539-4054,,https://www.google.com/maps/place/Kost+As+-+Salam/data=!4m7!3m6!1s0x2e68e7f01c22f3eb:0xbc94a1e9a49bc16d!8m2!3d-6.8620802!4d107.5881272!16s%2Fg%2F11s0wdwhfh!19sChIJ6_MiHPDnaC4RbcGbpOmhlLw?authuser=0&hl=id&rclk=1,,
kos dekat UPI Bandung,Gegerkalong,UPI Setiabudi,Kost DewanRinov,"Jl. Gegerkalong Girang No.44A, RT.01/RW.06, Isola, Kec. Sukasari, Kota Bandung, Jawa Barat 40154",,0812-2063-2332,,https://www.google.com/maps/place/Kost+DewanRinov/data=!4m7!3m6!1s0x2e68e731be6007e5:0xe609e648fe9c987c!8m2!3d-6.8632767!4d107.5895405!16s%2Fg%2F11jzq8c4xd!19sChIJ5QdgvjHnaC4RfJic_kjmCeY?authuser=0&hl=id&rclk=1,,
kos dekat UPI Bandung,Setiabudi,UPI Setiabudi,Kost elprive,"Jl. Sersan Bajuri Dalam No.11, Isola, Kec. Sukasari, Kota Bandung, Jawa Barat 40591",,0822-1919-2523,,https://www.google.com/maps/place/Kost+elprive/data=!4m7!3m6!1s0x2e68e7ac280f920d:0x938104cb8838e22c!8m2!3d-6.8576678!4d107.5937984!16s%2Fg%2F11spqnj1ck!19sChIJDZIPKKznaC4RLOI4iMsEgZM?authuser=0&hl=id&rclk=1,,
kos dekat UPI Bandung,Gegerkalong,UPI Setiabudi,Kost Putri Graha Annisa,"Jl. Terusan Pak Gatot Raya No.33, RT.01/RW.01, Gegerkalong, Kec. Sukasari, Kota Bandung, Jawa Barat 40153",,0857-1414-0307,,https://www.google.com/maps/place/Kost+Putri+Graha+Annisa/data=!4m7!3m6!1s0x2e68e7f4814f15fd:0x8cfe9eb6f8545a6d!8m2!3d-6.863779!4d107.587741!16s%2Fg%2F11g0w06v4n!19sChIJ_RVPgfTnaC4RbVpU-Lae_ow?authuser=0&hl=id&rclk=1,,
kos dekat UPI Bandung,Setiabudi,UPI Setiabudi,Kost Urban House Setiabudi Bandung,"Jl. Dr. Setiabudi No.186E, Hegarmanah, Kec. Cidadap, Kota Bandung, Jawa Barat 40141",,0877-0870-2335,,https://www.google.com/maps/place/Kost+Urban+House+Setiabudi+Bandung/data=!4m7!3m6!1s0x2e68e7242f304a5d:0x47efd0dd5d4fd608!8m2!3d-6.8702443!4d107.594179!16s%2Fg%2F11jrsy3dm8!19sChIJXUowLyTnaC4RCNZPXd3Q70c?authuser=0&hl=id&rclk=1,,
kos dekat UPI Bandung,Setiabudi,UPI Setiabudi,Kost Ayunni 2,"no, Jl. Geger Arum 40154 No.4B, Isola, Kec. Sukasari, Kota Bandung, Jawa Barat 40154",,0813-8154-6893,,https://www.google.com/maps/place/Kost+Ayunni+2/data=!4m7!3m6!1s0x2e68e6bb579f89fb:0xd73076a5db97b32d!8m2!3d-6.8619557!4d107.586738!16s%2Fg%2F11f0438sx8!19sChIJ-4mfV7vmaC4RLbOX26V2MNc?authuser=0&hl=id&rclk=1,,
kos dekat UPI Bandung,Setiabudi,UPI Setiabudi,Pondok Ammara (Kost Putri),"Isola, Kec. Sukasari, Kota Bandung, Jawa Barat 40154",,(022) 2003677,,https://www.google.com/maps/place/Pondok+Ammara+%28Kost+Putri%29/data=!4m7!3m6!1s0x2e68e6ba1bdb5dad:0x29c82d08332bc197!8m2!3d-6.857775!4d107.5914342!16s%2Fg%2F12hknz7t4!19sChIJrV3bG7rmaC4Rl8ErMwgtyCk?authuser=0&hl=id&rclk=1,,
kos dekat UPI Bandung,Gegerkalong,UPI Setiabudi,Kost Bu Euis Cempaka,"Kp, Jl. Gegerkalong Girang No.129 B, RT.04/RW.06, Isola, Sukasari, Bandung City, West Java 40153",,0812-2344-8900,,https://www.google.com/maps/place/Kost+Bu+Euis+Cempaka/data=!4m7!3m6!1s0x2e68e7f42a4a20c3:0x1d0b4c59f7b85d8c!8m2!3d-6.8618361!4d107.588605!16s%2Fg%2F11f8jvzlfp!19sChIJwyBKKvTnaC4RjF2491lMCx0?authuser=0&hl=id&rclk=1,,
kos dekat UPI Bandung,Gegerkalong,UPI Setiabudi,KOSAN BU SEPTY,"Jl. Gegerkalong Girang No.17, Gegerkalong, Kec. Sukasari, Kota Bandung, Jawa Barat 40153",,0812-2460-342,,https://www.google.com/maps/place/KOSAN+BU+SEPTY/data=!4m7!3m6!1s0x2e68e7c17d3a9915:0x1d7c072e2beadefa!8m2!3d-6.8650251!4d107.5932833!16s%2Fg%2F11h4ypgm1w!19sChIJFZk6fcHnaC4R-t7qKy4HfB0?authuser=0&hl=id&rclk=1,,
kos dekat UPI Bandung,Gegerkalong,UPI Setiabudi,Az Zahra Kost Upi,"Jl. Gegerkalong Tengah, RT.04/RW.03, Gegerkalong, Kec. Sukasari, Kota Bandung, Jawa Barat 40153",,0821-1746-8626,,https://www.google.com/maps/place/Az+Zahra+Kost+Upi/data=!4m7!3m6!1s0x2e68e717a7905657:0x4cc43bd8870bb58b!8m2!3d-6.864947!4d107.5919487!16s%2Fg%2F11xs_5dddq!19sChIJV1aQpxfnaC4Ri7ULh9g7xEw?authuser=0&hl=id&rclk=1,,
kos dekat UPI Bandung,Gegerkalong,UPI Setiabudi,Kosan Asur,"Jl. Djarkasik Jl. Gegerkalong Girang No.69E, Gegerkalong, Kec. Sukasari, Kota Bandung, Jawa Barat 40153",,0852-9484-3149,,https://www.google.com/maps/place/Kosan+Asur/data=!4m7!3m6!1s0x2e68e6bc4493e557:0x13768abbaa684dd1!8m2!3d-6.8642125!4d107.5896642!16s%2Fg%2F11fxf4t0fz!19sChIJV-WTRLzmaC4R0U1oqruKdhM?authuser=0&hl=id&rclk=1,,
kos dekat UPI Bandung,Setiabudi,UPI Setiabudi,Kost Pa Darya,"Jl. Geger Arum Baru No.28, Isola, Kec. Sukasari, Kota Bandung, Jawa Barat 40154",,0813-2259-4548,,https://www.google.com/maps/place/Kost+Pa+Darya/data=!4m7!3m6!1s0x2e68e7dddc1121b9:0x9e0ecff60fe64145!8m2!3d-6.8594781!4d107.5875356!16s%2Fg%2F11fjn5wv1v!19sChIJuSER3N3naC4RRUHmD_bPDp4?authuser=0&hl=id&rclk=1,,
kos dekat UPI Bandung,Setiabudi,UPI Setiabudi,Kos Graha Citra,"Jl. Sersan Surip No.160A, Ledeng, Kec. Cidadap, Kota Bandung, Jawa Barat 40143",,,https://mamikos.com/room/kost-bandung-kost-putri-murah-kost-graha-citra-tipe-b-cidadap-bandung-1/add#/,https://www.google.com/maps/place/Kos+Graha+Citra/data=!4m7!3m6!1s0x2e68e7652c32dea9:0xedd450f936edbdb1!8m2!3d-6.8592083!4d107.596986!16s%2Fg%2F11mv59_6kw!19sChIJqd4yLGXnaC4Rsb3tNvlQ1O0?authuser=0&hl=id&rclk=1,,
kos dekat UPI Bandung,Setiabudi,UPI Setiabudi,Kost Pondok Kiwari,"Gg. Bpk Arsadi Jl. Cipaku Indah II, RT.01/RW.02, Ledeng, Cidadap, Bandung City, West Java 40143",,0812-9888-7765,,https://www.google.com/maps/place/Kost+Pondok+Kiwari/data=!4m7!3m6!1s0x2e68e7a6bda89ca3:0x74d6f38d398d03f9!8m2!3d-6.860258!4d107.5965083!16s%2Fg%2F11h_kfqmlg!19sChIJo5yovabnaC4R-QONOY3z1nQ?authuser=0&hl=id&rclk=1,,
kos dekat UPI Bandung,Gegerkalong,UPI Setiabudi,ACI KOST PUTRI,"Jl. Cilimus No.11, RT.07, Isola, Kec. Sukasari, Kota Bandung, Jawa Barat 40154",,,http://www.acikostputri.com/,https://www.google.com/maps/place/ACI+KOST+PUTRI/data=!4m7!3m6!1s0x2e68e74900dc27d7:0xc1e9f917f209a1f8!8m2!3d-6.857704!4d107.5908982!16s%2Fg%2F11p6787zml!19sChIJ1yfcAEnnaC4R-KEJ8hf56cE?authuser=0&hl=id&rclk=1,,
kos dekat UPI Bandung,Setiabudi,UPI Setiabudi,Kost Dewi Asri,"Gg. Cempaka No.158, OI22, Isola, Kec. Sukasari, Kota Bandung, Jawa Barat 40153",,0812-2257-3882,,https://www.google.com/maps/place/Kost+Dewi+Asri/data=!4m7!3m6!1s0x2e68e7f632610071:0x95f305bad152a88a!8m2!3d-6.86177!4d107.589159!16s%2Fg%2F11h4mg4hxr!19sChIJcQBhMvbnaC4RiqhS0boF85U?authuser=0&hl=id&rclk=1,,
kos dekat UPI Bandung,Gegerkalong,UPI Setiabudi,Zava kost,"Jl. Gegerkalong Girang Gg. Cempaka No.106, RT.2/RW.06 Kel, Isola, Kec. Sukasari, Kota Bandung, Jawa Barat 40154",,0878-2517-6813,,https://www.google.com/maps/place/Zava+kost/data=!4m7!3m6!1s0x2e68e7a2118126a5:0xec25a20cb8325f1d!8m2!3d-6.8621998!4d107.5885618!16s%2Fg%2F11mhfpw5cn!19sChIJpSaBEaLnaC4RHV8yuAyiJew?authuser=0&hl=id&rclk=1,,
kos dekat UPI Bandung,Gegerkalong,UPI Setiabudi,KOST PUTRI MADINA HOUSE 2 BANDUNG,"Jl. Pak Gatot VI No.206b, Gegerkalong, Kec. Sukasari, Kota Bandung, Jawa Barat 40153",,0878-1754-8465,,https://www.google.com/maps/place/KOST+PUTRI+MADINA+HOUSE+2+BANDUNG/data=!4m7!3m6!1s0x2e68e79a76f73ac3:0x2e48e79fed6bbc0f!8m2!3d-6.8655225!4d107.5903482!16s%2Fg%2F11m4zt38lc!19sChIJwzr3dprnaC4RD7xr7Z_nSC4?authuser=0&hl=id&rclk=1,,
kos dekat UPI Bandung,Gegerkalong,UPI Setiabudi,Kosan Pak Api,"4HRR+QG6, Jl. Cilimus, Isola, Kec. Sukasari, Kota Bandung, Jawa Barat 40154",,0859-1883-42427,,https://www.google.com/maps/place/Kosan+Pak+Api/data=!4m7!3m6!1s0x2e68e6ba19d082ef:0xe8fa37582f2d3dbb!8m2!3d-6.8580987!4d107.5912655!16s%2Fg%2F11b6gjrrv3!19sChIJ74LQGbrmaC4Ruz0tL1g3-ug?authuser=0&hl=id&rclk=1,,
kos dekat UPI Bandung,Gegerkalong,UPI Setiabudi,Salnaj Kost,"4HRR+W7M, Jl. Cilimus No.65, Isola, Kec. Sukasari, Kota Bandung, Jawa Barat 40154",,0888-6026-110,,https://www.google.com/maps/place/Salnaj+Kost/data=!4m7!3m6!1s0x2e68e76c773f1e51:0x3045163d49964c13!8m2!3d-6.857673!4d107.5906449!16s%2Fg%2F11nxqdy_ky!19sChIJUR4_d2znaC4RE0yWST0WRTA?authuser=0&hl=id&rclk=1,,
kos dekat UPI Bandung,Gegerkalong,UPI Setiabudi,Wisma Gr (Kost Bulanan),"4HRR+R6X, Jl. Cilimus, Isola, Kec. Sukasari, Kota Bandung, Jawa Barat 40154",,0838-3606-3275,,https://www.google.com/maps/place/Wisma+Gr+%28Kost+Bulanan%29/data=!4m7!3m6!1s0x2e68e6ba149b0475:0xa63a758b54766a09!8m2!3d-6.8578903!4d107.5906186!16s%2Fg%2F11ckvfmv_v!19sChIJdQSbFLrmaC4RCWp2VIt1OqY?authuser=0&hl=id&rclk=1,,
kos dekat UPI Bandung,Setiabudi,UPI Setiabudi,Az Zahra Kost 2 UPI,"Jl. Geger Arum Baru No.100, RT.04/RW.06, Isola, Kec. Sukasari, Kota Bandung, Jawa Barat 40154",,0821-1746-8626,,https://www.google.com/maps/place/Az+Zahra+Kost+2+UPI/data=!4m7!3m6!1s0x2e68e7e41d4ef86b:0xbdb6622039c4e356!8m2!3d-6.8601324!4d107.5873715!16s%2Fg%2F11zgfts95z!19sChIJa_hOHeTnaC4RVuPEOSBitr0?authuser=0&hl=id&rclk=1,,
kos dekat UPI Bandung,Gegerkalong,UPI Setiabudi,Medina Kost Putri / Kost Mahasiswi UPI Bandung,"Jl. Cilimus No.114, RT.07/RW.06, Isola, Kec. Sukasari, Kota Bandung, Jawa Barat 40154",,0856-2366-826,,https://www.google.com/maps/place/Medina+Kost+Putri+%2F+Kost+Mahasiswi+UPI+Bandung/data=!4m7!3m6!1s0x2e68e7005aa087c3:0x107759163a867ce4!8m2!3d-6.8569912!4d107.5904467!16s%2Fg%2F11n3pd_4pj!19sChIJw4egWgDnaC4R5HyGOhZZdxA?authuser=0&hl=id&rclk=1,,
kos dekat UPI Bandung,Gegerkalong,UPI Setiabudi,Kost Putri Kartini,"Jl. Gegerkalong Girang No.27, Gegerkalong, Kec. Sukasari, Kota Bandung, Jawa Barat 40153",,0814-6380-4749,,https://www.google.com/maps/place/Kost+Putri+Kartini/data=!4m7!3m6!1s0x2e68e6be795c65eb:0xd467edc6eb0196f2!8m2!3d-6.8646588!4d107.5924456!16s%2Fg%2F11c6ql3qcs!19sChIJ62Vceb7maC4R8pYB68btZ9Q?authuser=0&hl=id&rclk=1,,
kos dekat UPI Bandung,Gegerkalong,UPI Setiabudi,Kost Putri Dekat UPI (Pondok Salma),"Jl. Gegerkalong Girang Gang Geger Bakti No.27B, Gegerkalong, Kec. Sukasari, Kota Bandung, Jawa Barat 40153",,0821-2728-7551,,https://www.google.com/maps/place/Kost+Putri+Dekat+UPI+%28Pondok+Salma%29/data=!4m7!3m6!1s0x2e68e70062e7d75d:0xb98bfe1b29319c44!8m2!3d-6.8630549!4d107.5870125!16s%2Fg%2F11v_2fsz1m!19sChIJXdfnYgDnaC4RRJwxKRv-i7k?authuser=0&hl=id&rclk=1,,
kos dekat UPI Bandung,Setiabudi,UPI Setiabudi,Kosan Ibu Iwang,"Jl. Sersan Surip No.164c/169a, RT.04/RW.04, Ledeng, Kec. Cidadap, Kota Bandung, Jawa Barat 40143",,0815-7348-5342,,https://www.google.com/maps/place/Kosan+Ibu+Iwang/data=!4m10!3m9!1s0x2e68e6c77ffaaf1b:0xaacfb0892c113518!5m2!4m1!1i2!8m2!3d-6.8594715!4d107.5979642!16s%2Fg%2F11f01y_wdd!19sChIJG6_6f8fmaC4RGDURLImwz6o?authuser=0&hl=id&rclk=1,,
kos Gegerkalong Bandung,Gegerkalong,UPI Setiabudi / POLBAN,Kost Putri Armina,"Jl. Gegerkalong Tengah No.14A, Gegerkalong, Kec. Sukasari, Kota Bandung, Jawa Barat 40153",,0821-6400-6759,,https://www.google.com/maps/place/Kost+Putri+Armina/data=!4m7!3m6!1s0x2e68e6960deca15d:0xc6503df247dc21c5!8m2!3d-6.8682291!4d107.5913064!16s%2Fg%2F11c4kb0mql!19sChIJXaHsDZbmaC4RxSHcR_I9UMY?authuser=0&hl=id&rclk=1,,
kos dekat UPI Bandung,Setiabudi,UPI Setiabudi,Kost Wisma Family,"Jl. Dr. Setiabudi Gg. Bapak Eni No.40 169A, Ledeng, Kec. Cidadap, Kota Bandung, Jawa Barat 40143",,0853-2452-8197,,https://www.google.com/maps/place/Kost+Wisma+Family/data=!4m7!3m6!1s0x2e68e7514ee1ca6f:0xe570d5fab6c26869!8m2!3d-6.8596874!4d107.5957568!16s%2Fg%2F11tc6pp3mj!19sChIJb8rhTlHnaC4RaWjCtvrVcOU?authuser=0&hl=id&rclk=1,,
kos Gegerkalong Bandung,Gegerkalong,UPI Setiabudi / POLBAN,Kost Murah,"Jl. Gegerkalong Tengah Gg. Eneh Eja No.3A, Gegerkalong, Kec. Sukasari, Kota Bandung, Jawa Barat 40153",,0857-6419-3272,,https://www.google.com/maps/place/Kost+Murah/data=!4m7!3m6!1s0x2e68e70029164829:0x9379b61ea12aa0ff!8m2!3d-6.8688265!4d107.5918693!16s%2Fg%2F11vz1cwlbd!19sChIJKUgWKQDnaC4R_6AqoR62eZM?authuser=0&hl=id&rclk=1,,
kos Gegerkalong Bandung,Gegerkalong,UPI Setiabudi / POLBAN,Lucky Kost,"Jl. Gegerkalong Tengah No.VIII, Gegerkalong, Kec. Sukasari, Kota Bandung, Jawa Barat 40153",,0811-227-505,,https://www.google.com/maps/place/Lucky+Kost/data=!4m7!3m6!1s0x2e68e6bdee2f8f6b:0x82b17075861bc93e!8m2!3d-6.8664718!4d107.590958!16s%2Fg%2F11fyzctnf6!19sChIJa48v7r3maC4RPskbhnVwsYI?authuser=0&hl=id&rclk=1,,
kos Gegerkalong Bandung,Gegerkalong,UPI Setiabudi / POLBAN,Kosan Pondok Kalong,"Jl. Gegerkalong Tengah Gg. Picung VI No.35, Gegerkalong, Kec. Sukasari, Kota Bandung, Jawa Barat 40153",,0812-2363-1904,,https://www.google.com/maps/place/Kosan+Pondok+Kalong/data=!4m10!3m9!1s0x2e68e6961271b4e1:0xa36adb3594f07284!5m2!4m1!1i2!8m2!3d-6.8680101!4d107.5912057!16s%2Fg%2F11b6hs9db5!19sChIJ4bRxEpbmaC4RhHLwlDXbaqM?authuser=0&hl=id&rclk=1,,
kos Gegerkalong Bandung,Gegerkalong,UPI Setiabudi / POLBAN,Kost Pondok Adiba,"Jl. Gegerkalong Tengah Gg. 8, Gegerkalong, Kec. Sukasari, Kota Bandung, Jawa Barat 40153",,,https://www.instagram.com/kost.pondokadiba?igsh=MTRmM3gyZ2xnZ2ZjeQ==,https://www.google.com/maps/place/Kost+Pondok+Adiba/data=!4m7!3m6!1s0x2e68e706d1eb8db3:0xc7bafd42b05774cd!8m2!3d-6.8664971!4d107.5912367!16s%2Fg%2F11h5n7qfsf!19sChIJs43r0QbnaC4RzXRXsEL9usc?authuser=0&hl=id&rclk=1,,
kos Gegerkalong Bandung,Gegerkalong,UPI Setiabudi / POLBAN,Kost Gerlong Hilir,"Jl. Gegerkalong Hilir No.185A, Sarijadi, Kec. Sukasari, Kota Bandung, Jawa Barat 40153",,0858-6008-0050,,https://www.google.com/maps/place/Kost+Gerlong+Hilir/data=!4m10!3m9!1s0x2e68e6a1fd881fd9:0x177268e2ecbd1c5e!5m2!4m1!1i2!8m2!3d-6.8676139!4d107.5795974!16s%2Fg%2F11b6c90tk2!19sChIJ2R-I_aHmaC4RXhy97OJochc?authuser=0&hl=id&rclk=1,,
kos Gegerkalong Bandung,Gegerkalong,UPI Setiabudi / POLBAN,Kost Annurahma,"Jl. Gegerkalong Tengah No.16 C, Gegerkalong, Kec. Sukasari, Kota Bandung, Jawa Barat 40153",,0877-8877-5040,,https://www.google.com/maps/place/Kost+Annurahma/data=!4m7!3m6!1s0x2e68e794f27891c9:0x8001c5e032da2a48!8m2!3d-6.8684679!4d107.5915233!16s%2Fg%2F11r1rdg03s!19sChIJyZF48pTnaC4RSCraMuDFAYA?authuser=0&hl=id&rclk=1,,
kos dekat UPI Bandung,Sukasari,UPI Setiabudi,KOS CINTA RASA BANDUNG dekat Maranatha ITB UPI UNPAS POLBAND UNIV TELKOM,"4HFM+7XM, Sukarasa, Kec. Sukasari, Kota Bandung, Jawa Barat 40152",,0821-1680-3040,,https://www.google.com/maps/place/KOS+CINTA+RASA+BANDUNG+dekat+Maranatha+ITB+UPI+UNPAS+POLBAND+UNIV+TELKOM/data=!4m7!3m6!1s0x2e68e7b04c812091:0x462632a2ecf2cf0d!8m2!3d-6.8767839!4d107.5849257!16s%2Fg%2F11f8mgn3kf!19sChIJkSCBTLDnaC4RDc_y7KIyJkY?authuser=0&hl=id&rclk=1,,
kos dekat UPI Bandung,Setiabudi,UPI Setiabudi,Kos Pondok SAN RV,"Jl. Geger Asih No.25, Isola, Kec. Sukasari, Kota Bandung, Jawa Barat 40154",,0813-2139-3926,,https://www.google.com/maps/place/Kos+Pondok+SAN+RV/data=!4m7!3m6!1s0x2e68e7fff89e910d:0x33164155991b99cb!8m2!3d-6.8627698!4d107.5891678!16s%2Fg%2F11np97z5gt!19sChIJDZGe-P_naC4Ry5kbmVVBFjM?authuser=0&hl=id&rclk=1,,
kos dekat UPI Bandung,Gegerkalong,UPI Setiabudi,Kost Putri Ams,"Jl. Gegerkalong Tengah No.37, Gegerkalong, Kec. Sukasari, Kota Bandung, Jawa Barat 40153",,0859-3932-4020,,https://www.google.com/maps/place/Kost+Putri+Ams/data=!4m7!3m6!1s0x2e68e69667b3bae9:0x293da62d72447564!8m2!3d-6.8691463!4d107.5906563!16s%2Fg%2F11b6j73955!19sChIJ6bqzZ5bmaC4RZHVEci2mPSk?authuser=0&hl=id&rclk=1,,
kos dekat UPI Bandung,Setiabudi,UPI Setiabudi,Wisma Amanah (Kost),"Jl. Sersan Bajuri No.3, Isola, Kec. Sukasari, Kota Bandung, Jawa Barat 40154",,0895-3371-96945,,https://www.google.com/maps/place/Wisma+Amanah+%28Kost%29/data=!4m7!3m6!1s0x2e68e6b9eafa33b9:0xa67ebe07a63154e8!8m2!3d-6.8579356!4d107.5932698!16s%2Fg%2F11c6lx6nb0!19sChIJuTP66rnmaC4R6FQxpge-fqY?authuser=0&hl=id&rclk=1,,
kos dekat UPI Bandung,Setiabudi,UPI Setiabudi,Kost an Putri Bapak Ajang,"Jl. Geger Arum No.67 RT04, RW.06, Isola, Kec. Sukasari, Kota Bandung, Jawa Barat 40154",,0852-2057-4530,,https://www.google.com/maps/place/Kost+an+Putri+Bapak+Ajang/data=!4m7!3m6!1s0x2e68e70e9e8b0735:0x94993d2cc3f47010!8m2!3d-6.8601401!4d107.5869229!16s%2Fg%2F11h7tbsl55!19sChIJNQeLng7naC4REHD0wyw9mZQ?authuser=0&hl=id&rclk=1,,
kos dekat UPI Bandung,Gegerkalong,UPI Setiabudi,Kosan Ibu Budi,"4HMR+VQR, Jl. Dr. Setiabudi, Gegerkalong, Kec. Sukasari, Kota Bandung, Jawa Barat 40153",,0852-2222-5589,,https://www.google.com/maps/place/Kosan+Ibu+Budi/data=!4m7!3m6!1s0x2e68e6bdd81aba17:0x61ecd711c8d403bd!8m2!3d-6.8652558!4d107.5918845!16s%2Fg%2F11b6hxb_rp!19sChIJF7oa2L3maC4RvQPUyBHX7GE?authuser=0&hl=id&rclk=1,,
kos dekat UPI Bandung,Setiabudi,UPI Setiabudi,Kost Bu Rita Geger Asih No.4,"Jl. Geger Asih No.4, Isola, Kec. Sukasari, Kota Bandung, Jawa Barat 40154",,0813-2122-8668,,https://www.google.com/maps/place/Kost+Bu+Rita+Geger+Asih+No.4/data=!4m7!3m6!1s0x2e68e714468eb8a5:0xc1708206fa5abd3e!8m2!3d-6.862735!4d107.5891298!16s%2Fg%2F11rcs1n80x!19sChIJpbiORhTnaC4RPr1a-gaCcME?authuser=0&hl=id&rclk=1,,
kos dekat UPI Bandung,Gegerkalong,UPI Setiabudi,Pondok Al-Imam,"Jl. Geger Kalong Girang Baru II No.8, Isola, Kec. Sukasari, Kota Bandung, Jawa Barat 40154",,0812-2119-3159,,https://www.google.com/maps/place/Pondok+Al-Imam/data=!4m7!3m6!1s0x2e68e6bc1e9e9329:0xe731209389173ed1!8m2!3d-6.8630216!4d107.5916809!16s%2Fg%2F11dfq74_rd!19sChIJKZOeHrzmaC4R0T4XiZMgMec?authuser=0&hl=id&rclk=1,,
kos dekat UPI Bandung,Setiabudi,UPI Setiabudi,kost ibu mimin suarna,"Jl. Geger Arum No.97, Isola, Kec. Sukasari, Kota Bandung, Jawa Barat 40154",,0857-9584-8899,,https://www.google.com/maps/place/kost+ibu+mimin+suarna/data=!4m7!3m6!1s0x2e68e7e4a43c5f3f:0x1f23aa32f0425b4e!8m2!3d-6.860406!4d107.5873023!16s%2Fg%2F11s8ms5fkc!19sChIJP188pOTnaC4RTltC8DKqIx8?authuser=0&hl=id&rclk=1,,
kos dekat UPI Bandung,Gegerkalong,UPI Setiabudi,Kosan Al Barkah,"Jl. Gegerkalong Girang No.21 A, Gegerkalong, Kec. Sukasari, Kota Bandung, Jawa Barat 40153",,0812-1420-5417,,https://www.google.com/maps/place/Kosan+Al+Barkah/data=!4m7!3m6!1s0x2e68e6be650349b7:0xffb9cd549c6af1bb!8m2!3d-6.865018!4d107.59282!16s%2Fg%2F11b6hwkfp4!19sChIJt0kDZb7maC4Ru_FqnFTNuf8?authuser=0&hl=id&rclk=1,,
kos dekat UPI Bandung,Setiabudi,UPI Setiabudi,Kost Pak H.Bedi/Hj.Eka,"Jl. Sersan Surip No.40, Ledeng, Kec. Cidadap, Kota Bandung, Jawa Barat 40143",,0812-2052-212,,https://www.google.com/maps/place/Kost+Pak+H.Bedi%2FHj.Eka/data=!4m7!3m6!1s0x2e68e75639e32b41:0xc9d231981be13ad4!8m2!3d-6.8587416!4d107.5956004!16s%2Fg%2F11mpxtw_61!19sChIJQSvjOVbnaC4R1DrhG5gx0sk?authuser=0&hl=id&rclk=1,,
kos dekat UPI Bandung,Gegerkalong,UPI Setiabudi,Kosan Raika Putra UPI,"Jl. Cilimus No.32, Isola, Kec. Sukasari, Kota Bandung, Jawa Barat 40154",,0858-6306-0017,,https://www.google.com/maps/place/Kosan+Raika+Putra+UPI/data=!4m7!3m6!1s0x2e68e70034783d6f:0x9ab8dab1e383bdc6!8m2!3d-6.8582196!4d107.590959!16s%2Fg%2F11w1vrpmhs!19sChIJbz14NADnaC4Rxr2D47HauJo?authuser=0&hl=id&rclk=1,,
kos dekat UPI Bandung,Setiabudi,UPI Setiabudi,Rumah Kost Cipaku,"Jl. Cipaku Permai No.1B, Ledeng, Kec. Cidadap, Kota Bandung, Jawa Barat 40143",,0888-7080-888,,https://www.google.com/maps/place/Rumah+Kost+Cipaku/data=!4m7!3m6!1s0x2e68e7002fa1fc5b:0x54ff2e047fddf572!8m2!3d-6.8627001!4d107.5967694!16s%2Fg%2F11y6dvn5p2!19sChIJW_yhLwDnaC4RcvXdfwQu_1Q?authuser=0&hl=id&rclk=1,,
kos dekat UPI Bandung,Gegerkalong,UPI Setiabudi,Pondok Aisha,"4HMR+WG7, Jl. Gegerkalong Tengah, Gegerkalong, Kec. Sukasari, Kota Bandung, Jawa Barat 40153",,0822-3104-2120,,https://www.google.com/maps/place/Pondok+Aisha/data=!4m7!3m6!1s0x2e68e6bdd3d8aa6b:0xc720b6ec853c10a5!8m2!3d-6.8652236!4d107.5912865!16s%2Fg%2F11b6g8l7vw!19sChIJa6rY073maC4RpRA8hey2IMc?authuser=0&hl=id&rclk=1,,
kos dekat UPI Bandung,Setiabudi,UPI Setiabudi,Pondok Fauzan,"Jl. Geger Arum No.157, Isola, Kec. Sukasari, Kota Bandung, Jawa Barat 40154",,0813-1219-5111,,https://www.google.com/maps/place/Pondok+Fauzan/data=!4m7!3m6!1s0x2e68e7f3b19787c3:0x908724932547c456!8m2!3d-6.8601318!4d107.587935!16s%2Fg%2F11h0853skh!19sChIJw4eXsfPnaC4RVsRHJZMkh5A?authuser=0&hl=id&rclk=1,,
kos dekat UPI Bandung,Setiabudi,UPI Setiabudi,Kosan Pa Iie Bu Dewi,"Jl. Geger Arum I No.125, RT.03/RW.06, Isola, Kec. Sukasari, Kota Bandung, Jawa Barat 40154",,0813-2327-4833,,https://www.google.com/maps/place/Kosan+Pa+Iie+Bu+Dewi/data=!4m7!3m6!1s0x2e68e7e1574eac8d:0xaf187d1095766835!8m2!3d-6.8613236!4d107.5874209!16s%2Fg%2F11p5n3fst1!19sChIJjaxOV-HnaC4RNWh2lRB9GK8?authuser=0&hl=id&rclk=1,,
kos dekat UPI Bandung,Gegerkalong,UPI Setiabudi,Kost Ad-dzikri/Kost Mahasiswa UPI Bandung,"Jl. Cilimus No.84, RT.07/RW.06, Isola, Kec. Sukasari, Kota Bandung, Jawa Barat 40154",,0856-2429-0694,,https://www.google.com/maps/place/Kost+Ad-dzikri%2FKost+Mahasiswa+UPI+Bandung/data=!4m7!3m6!1s0x2e68e79a73f99b5b:0xff1d07af1e1fa510!8m2!3d-6.8581358!4d107.5904767!16s%2Fg%2F11t80h8f_k!19sChIJW5v5c5rnaC4REKUfHq8HHf8?authuser=0&hl=id&rclk=1,,
kos murah Bandung,Bandung (Lainnya),Lainnya / Umum,Kost pelita bunda,,3.3,+62 897-8910-037,,https://www.google.com/maps/search/?api=1&query=Kost%20pelita%20bunda&query_place_id=ChIJueQ7333DaC4R034g5woGIOg,,
kos dekat UPI Bandung,Gegerkalong,UPI Setiabudi,Kost Callysta,"Jl. Negla Pojok No.52 B, Isola, Kec. Sukasari, Kota Bandung, Jawa Barat 40154",,0831-4748-5600,,https://www.google.com/maps/place/Kost+Callysta/data=!4m7!3m6!1s0x2e68e732bbba162d:0x8cf6d93ec77d651f!8m2!3d-6.8540544!4d107.5925632!16s%2Fg%2F11s0z44793!19sChIJLRa6uzLnaC4RH2V9xz7Z9ow?authuser=0&hl=id&rclk=1,,
kos dekat UPI Bandung,Gegerkalong,UPI Setiabudi,Kost Biru,"Jl. Gegerkalong Tengah 7 No.54b, Gegerkalong, Kec. Sukasari, Kota Bandung, Jawa Barat 40153",,0895-2573-4447,,https://www.google.com/maps/place/Kost+Biru/data=!4m7!3m6!1s0x2e68e795a61df013:0x4978d16914db0c5c!8m2!3d-6.8670534!4d107.5912564!16s%2Fg%2F11scnnzdm0!19sChIJE_AdppXnaC4RXAzbFGnReEk?authuser=0&hl=id&rclk=1,,
kos dekat UPI Bandung,Gegerkalong,UPI Setiabudi,Kost Al-Mar'atushalihah (5A),"Gg. Masjid Al Barkah No.5A, Gegerkalong, Kec. Sukasari, Kota Bandung, Jawa Barat 40153",,0878-4736-5222,,https://www.google.com/maps/place/Kost+Al-Mar%27atushalihah+%285A%29/data=!4m7!3m6!1s0x2e68e76d1284f767:0x127f7a036cff837a!8m2!3d-6.8653014!4d107.5924167!16s%2Fg%2F11t4286tw4!19sChIJZ_eEEm3naC4ReoP_bAN6fxI?authuser=0&hl=id&rclk=1,,
kos dekat UPI Bandung,Gegerkalong,UPI Setiabudi,Kosan Merah,"4HMR+5WX, Jl. Dr. Setiabudi, Gegerkalong, Kec. Sukasari, Kota Bandung, Jawa Barat 40153",,0821-1094-7665,,https://www.google.com/maps/place/Kosan+Merah/data=!4m7!3m6!1s0x2e68e6be0222c139:0x84dcf4bc4a6e3b82!8m2!3d-6.867024!4d107.592351!16s%2Fg%2F11b6hy24vc!19sChIJOcEiAr7maC4RgjtuSrz03IQ?authuser=0&hl=id&rclk=1,,
kos murah Bandung,Bandung (Lainnya),Lainnya / Umum,Kost Classy,3P55+F67,4.5,,,https://www.google.com/maps/search/?api=1&query=Kost%20Classy&query_place_id=ChIJmTH4WZvDaC4RTTMOM4-DgXs,,
kos Cisitu Bandung,Cisitu,ITB Ganesha,Kost Pondok Putri Ganesha,X Jl. Cisitu Lama No.7,4.4,,,https://www.google.com/maps/search/?api=1&query=Kost%20Pondok%20Putri%20Ganesha&query_place_id=ChIJf6CDvvvmaC4RpMsLAJDalEc,,
kos murah Bandung,Bandung (Lainnya),Lainnya / Umum,Kost Pondok Berkah,Jl. Cidurian Baru No.17,5,,,https://www.google.com/maps/search/?api=1&query=Kost%20Pondok%20Berkah&query_place_id=ChIJ8_sfKibpaC4RU2FXLtbTFsU,,
kos Sadang Serang Bandung,Sadang Serang,ITB Ganesha / UNPAD Dipatiukur / UNIKOM,Rumah Kost G7,"depan warung Pak Iwan, Jl. Gelatik Dalam No.393A, RT.02/RW.04, Sadang Serang, Coblong, Bandung City, West Java 40133",,0853-2050-5376,,https://www.google.com/maps/place/Rumah+Kost+G7/data=!4m7!3m6!1s0x2e68e75d113c2fe5:0x8fc7cef549de3392!8m2!3d-6.8948366!4d107.6225162!16s%2Fg%2F11lrh3ccqn!19sChIJ5S88EV3naC4RkjPeSfXOx48?authuser=0&hl=id&rclk=1,,
kos Tubagus Ismail Bandung,Sekeloa,ITB Ganesha / UNPAD Dipatiukur / UNIKOM,Kosan Tubagus Ismail 15 no.14,"Jl. Tubagus Ismail XV No.14, Sekeloa, Kecamatan Coblong, Kota Bandung, Jawa Barat 40134",,0812-2008-0625,,https://www.google.com/maps/place/Kosan+Tubagus+Ismail+15+no.14/data=!4m7!3m6!1s0x2e68e6fe8e95d56b:0xd171e82ded9d2235!8m2!3d-6.8825677!4d107.6182347!16s%2Fg%2F11clvrmbw7!19sChIJa9WVjv7maC4RNSKd7S3ocdE?authuser=0&hl=id&rclk=1,,
kost dekat ITB Ganesha,Dago / Dipatiukur,ITB Ganesha,Wisma Dago Hotel,"Jl. Ciungwanara No.16, Lb. Siliwangi, Kecamatan Coblong, Kota Bandung, Jawa Barat 40132",,0813-2227-795,,https://www.google.com/maps/place/Wisma+Dago+Hotel/data=!4m10!3m9!1s0x2e68e6e2119e96d1:0xf04accb0ea1fb306!5m2!4m1!1i2!8m2!3d-6.8944326!4d107.6119698!16s%2Fg%2F1tj5h83f!19sChIJ0ZaeEeLmaC4RBrMf6rDMSvA?authuser=0&hl=id&rclk=1,,
kost dekat ITB Ganesha,Cisitu,ITB Ganesha,Kos Wanita Cisitu Dago Bandung,"Jl. Cisitu Baru No.70, Dago, Kecamatan Coblong, Kota Bandung, Jawa Barat 40135",,(022) 82524510,,https://www.google.com/maps/place/Kos+Wanita+Cisitu+Dago+Bandung/data=!4m7!3m6!1s0x2e68e6f9a36bda17:0xe9eb77be5302065b!8m2!3d-6.8833342!4d107.6120206!16s%2Fg%2F11g0047m95!19sChIJF9pro_nmaC4RWwYCU7536-k?authuser=0&hl=id&rclk=1,,
kost dekat ITB Ganesha,Dago / Dipatiukur,ITB Ganesha,Indekost Putri Bagusrangin 17B,"Jl. Bagusrangin No.17b, Lebakgede, Kecamatan Coblong, Kota Bandung, Jawa Barat 40132",,0815-8588-0304,,https://www.google.com/maps/place/Indekost+Putri+Bagusrangin+17B/data=!4m7!3m6!1s0x2e68e64d8dcd7635:0xe0482c509f3dc225!8m2!3d-6.8976735!4d107.6174294!16s%2Fg%2F12hkgftx4!19sChIJNXbNjU3maC4RJcI9n1AsSOA?authuser=0&hl=id&rclk=1,,
kos Sadang Serang Bandung,Sadang Serang,ITB Ganesha / UNPAD Dipatiukur / UNIKOM,Kost TD19,"Jl. Titiran Dalam 1 Jl. IV No.19, Sadang Serang, Kecamatan Coblong, Kota Bandung, Jawa Barat 40133",,0822-6222-8246,,https://www.google.com/maps/place/Kost+TD19/data=!4m7!3m6!1s0x2e68e652dfe4f553:0x1029ec9a95d4dd2b!8m2!3d-6.8944522!4d107.6201653!16s%2Fg%2F11gfjd4krl!19sChIJU_Xk31LmaC4RK93UlZrsKRA?authuser=0&hl=id&rclk=1,,
kos Sadang Serang Bandung,Sadang Serang,ITB Ganesha / UNPAD Dipatiukur / UNIKOM,Kost Bu Sri,"Jl. Titimplik No.14, RW.09, Sadang Serang, Kecamatan Coblong, Kota Bandung, Jawa Barat 40133",,0812-2006-4705,,https://www.google.com/maps/place/Kost+Bu+Sri/data=!4m7!3m6!1s0x2e68e7b2a63072c5:0xe8a777a6facadc46!8m2!3d-6.8970319!4d107.6220471!16s%2Fg%2F1pzxwrmqs!19sChIJxXIwprLnaC4RRtzK-qZ3p-g?authuser=0&hl=id&rclk=1,,
kos Cisitu Bandung,Cisitu,ITB Ganesha / UNPAD Dipatiukur / UNIKOM,Kost 42B,"Gg. Cisitu Lama V No.42b, Dago, Kecamatan Coblong, Kota Bandung, Jawa Barat 40135",,0851-7427-1195,,https://www.google.com/maps/place/Kost+42B/data=!4m7!3m6!1s0x2e68e7cddeef4da7:0x2ff6df790d0aa277!8m2!3d-6.8807373!4d107.6123996!16s%2Fg%2F11t4xvfhnx!19sChIJp03v3s3naC4Rd6IKDXnf9i8?authuser=0&hl=id&rclk=1,,
kos Cisitu Bandung,Cisitu,ITB Ganesha / UNPAD Dipatiukur / UNIKOM,Kosan Sangkuriang Cisitu A1,"Jl. Sangkuriang No.1 Blok A, Dago, Coblong, Bandung City, West Java 40135",,0812-1952-7842,,https://www.google.com/maps/place/Kosan+Sangkuriang+Cisitu+A1/data=!4m7!3m6!1s0x2e68e7e72aff5d29:0xebca3784b52286c4!8m2!3d-6.8813858!4d107.6094404!16s%2Fg%2F11nwc6yw8j!19sChIJKV3_KufnaC4RxIYitYQ3yus?authuser=0&hl=id&rclk=1,,
kos Sadang Serang Bandung,Sadang Serang,ITB Ganesha / UNPAD Dipatiukur / UNIKOM,Repro Photo Kos,"4J5G+5R4, Sadang Serang, Kecamatan Coblong, Kota Bandung, Jawa Barat 40133",,0895-3319-76847,,https://www.google.com/maps/place/Repro+Photo+Kos/data=!4m7!3m6!1s0x2e68e7bfe958d70f:0x22fd568400535659!8m2!3d-6.8921012!4d107.6270638!16s%2Fg%2F11rghdxv33!19sChIJD9dY6b_naC4RWVZTAIRW_SI?authuser=0&hl=id&rclk=1,,
kos Cisitu Bandung,Cisitu,ITB Ganesha / UNPAD Dipatiukur / UNIKOM,Kost Andalan,"Gg. Cisitu Lama III No.68a/154 RT03, RW.10, Dago, Coblong, Bandung City, West Java 40135",,0812-1274-6399,,https://www.google.com/maps/place/Kost+Andalan/data=!4m7!3m6!1s0x2e68e7b07d26cc27:0x7bfd8dd8eba7bfa3!8m2!3d-6.8813483!4d107.6128247!16s%2Fg%2F11sbz3c4_s!19sChIJJ8wmfbDnaC4Ro7-n69iN_Xs?authuser=0&hl=id&rclk=1,,
kos Sadang Serang Bandung,Sadang Serang,ITB Ganesha / UNPAD Dipatiukur / UNIKOM,Kos E26,"Haur Mekar, Blok No.E26, Sadang Serang, Kec.Coblong, Kota Bandung, Jawa Barat 40133",,0888-8906-665,,https://www.google.com/maps/place/Kos+E26/data=!4m7!3m6!1s0x2e68e7c48de8ff9b:0xe9664ceda0a33d26!8m2!3d-6.8931065!4d107.6203781!16s%2Fg%2F11hzzwqf4c!19sChIJm__ojcTnaC4RJj2joO1MZuk?authuser=0&hl=id&rclk=1,,
kost dekat ITB Ganesha,Sadang Serang,ITB Ganesha,Kost Macan (Mama Cantik),"Jl. Titimplik No.Dalam, Sadang Serang, Kecamatan Coblong, Kota Bandung, Jawa Barat 40133",,0812-1226-883,,https://www.google.com/maps/place/Kost+Macan+%28Mama+Cantik%29/data=!4m7!3m6!1s0x2e68e751f8d4220d:0x5ef3989c5c4be283!8m2!3d-6.8960791!4d107.6204741!16s%2Fg%2F11h09ps2xr!19sChIJDSLU-FHnaC4Rg-JLXJyY814?authuser=0&hl=id&rclk=1,,
kos Cisitu Bandung,Cisitu,ITB Ganesha / UNPAD Dipatiukur / UNIKOM,Kost Pa Asep,"Jalan Cisitu Lama No. 95/154C, Coblong, Dago, Kecamatan Coblong, Kota Bandung, Jawa Barat 40135",,0877-7867-9193,,https://www.google.com/maps/place/Kost+Pa+Asep/data=!4m7!3m6!1s0x2e68e6f9740bc74f:0xb6a9075d0886402e!8m2!3d-6.8827667!4d107.6129086!16s%2Fg%2F11bxfl6nvx!19sChIJT8cLdPnmaC4RLkCGCF0HqbY?authuser=0&hl=id&rclk=1,,
kost dekat ITB Ganesha,Sadang Serang,ITB Ganesha,Kost Titimplik Khusus Wanita,"Jl. Titimplik Dalam No.60, RT.05/RW.03, Sadang Serang, Kecamatan Coblong, Kota Bandung, Jawa Barat 40133",,0831-8010-4888,,https://www.google.com/maps/place/Kost+Titimplik+Khusus+Wanita/data=!4m7!3m6!1s0x2e68e652ae0c8e69:0xd401329705c263a1!8m2!3d-6.8960391!4d107.6207865!16s%2Fg%2F1pzwn29yd!19sChIJaY4MrlLmaC4RoWPCBZcyAdQ?authuser=0&hl=id&rclk=1,,
kost dekat ITB Ganesha,Cisitu,ITB Ganesha,Padma Homestay dan Kost dekat ITB,"Jl. Cisitu Indah V No.10, Dago, Kecamatan Coblong, Kota Bandung, Jawa Barat 40135",,0816-1971-493,,https://www.google.com/maps/place/Padma+Homestay+dan+Kost+dekat+ITB/data=!4m7!3m6!1s0x2e68e6e4c4b32781:0x9f46ec68497b98db!8m2!3d-6.8757619!4d107.6134289!16s%2Fg%2F11fzffby4h!19sChIJgSezxOTmaC4R25h7SWjsRp8?authuser=0&hl=id&rclk=1,,
kost dekat ITB Ganesha,Tamansari,ITB Ganesha,Kost Mahasiswa Karyawan Kebon Bibit,"Jl. Kb. Bibit Utara No.II, Tamansari, Kec. Bandung Wetan, Kota Bandung, Jawa Barat 40116",,0838-2122-8967,,https://www.google.com/maps/place/Kost+Mahasiswa+Karyawan+Kebon+Bibit/data=!4m7!3m6!1s0x2e68e65ad1ce24b5:0x26c4c12d83a75980!8m2!3d-6.8970022!4d107.607643!16s%2Fg%2F11ggsrd27b!19sChIJtSTO0VrmaC4RgFmngy3BxCY?authuser=0&hl=id&rclk=1,,
kos Tubagus Ismail Bandung,Tubagus Ismail,ITB Ganesha / UNPAD Dipatiukur / UNIKOM,KOST TB 02,"Jl. Tubagus Ismail Dalam No.02, Lebakgede, Kecamatan Coblong, Kota Bandung, Jawa Barat 40134",,0813-2107-8696,,https://www.google.com/maps/place/KOST+TB+02/data=!4m7!3m6!1s0x2e68e73786a5bc8f:0x7b40ae26baa11fb2!8m2!3d-6.8855994!4d107.6162119!16s%2Fg%2F11yfkw4y3r!19sChIJj7ylhjfnaC4Rsh-huiauQHs?authuser=0&hl=id&rclk=1,,
kost dekat ITB Ganesha,Cisitu,ITB Ganesha,Kost Satualiving Cisitu Bandung,"Jl. Cisitu Lama VIII No.1A, Dago, Kecamatan Coblong, Kota Bandung, Jawa Barat 40135",,0821-1930-088,,https://www.google.com/maps/place/Kost+Satualiving+Cisitu+Bandung/data=!4m7!3m6!1s0x2e68e74589983e9b:0x197dc5c38b9ab0bd!8m2!3d-6.8792742!4d107.6132975!16s%2Fg%2F11v0dgzhf5!19sChIJmz6YiUXnaC4RvbCai8PFfRk?authuser=0&hl=id&rclk=1,,
kos Sadang Serang Bandung,Sadang Serang,ITB Ganesha / UNPAD Dipatiukur / UNIKOM,Kos Ibu Ninik,"Jl. Burung Gereja No.2, Sadang Serang, Kecamatan Coblong, Kota Bandung, Jawa Barat 40133",,0811-2070-168,,https://www.google.com/maps/place/Kos+Ibu+Ninik/data=!4m7!3m6!1s0x2e68e75a5a44e9b7:0xad5fbdff0dd61b55!8m2!3d-6.8964515!4d107.6201551!16s%2Fg%2F11n52n033q!19sChIJt-lEWlrnaC4RVRvWDf-9X60?authuser=0&hl=id&rclk=1,,
kos Tubagus Ismail Bandung,Sekeloa,ITB Ganesha / UNPAD Dipatiukur / UNIKOM,Kost Lacasa Tubagus Ismail,"Jl. Tubagus Ismail V No.61 B, Sekeloa, Kecamatan Coblong, Kota Bandung, Jawa Barat 40134",,0851-5602-0718,,https://www.google.com/maps/place/Kost+Lacasa+Tubagus+Ismail/data=!4m7!3m6!1s0x2e68e6fef08be221:0xe5eba9a418d0c7ea!8m2!3d-6.8836509!4d107.6182223!16s%2Fg%2F11c6_ytzk0!19sChIJIeKL8P7maC4R6sfQGKSp6-U?authuser=0&hl=id&rclk=1,,
kos Cisitu Bandung,Cisitu,ITB Ganesha / UNPAD Dipatiukur / UNIKOM,Kost cisitu AL UKHUWAH,"Jl. Cisitu Lama No.19d/160c, Dago, Kecamatan Coblong, Kota Bandung, Jawa Barat 40135",,0812-1451-8008,,https://www.google.com/maps/place/Kost+cisitu+AL+UKHUWAH/data=!4m7!3m6!1s0x2e68e74590bbc803:0x2c6a988b484fc6bb!8m2!3d-6.8796248!4d107.6107871!16s%2Fg%2F11wj5svkf8!19sChIJA8i7kEXnaC4Ru8ZPSIuYaiw?authuser=0&hl=id&rclk=1,,
kos Sadang Serang Bandung,Sadang Serang,ITB Ganesha / UNPAD Dipatiukur / UNIKOM,Rumah Merak Kost,"Jl. Merak No.3, Sadang Serang, Kecamatan Coblong, Kota Bandung, Jawa Barat 40133",,0877-7228-0648,,https://www.google.com/maps/place/Rumah+Merak+Kost/data=!4m7!3m6!1s0x2e68e7d6904176cf:0x22686dcd5b52bd16!8m2!3d-6.8986468!4d107.6200755!16s%2Fg%2F11kp9zg_xl!19sChIJz3ZBkNbnaC4RFr1SW81taCI?authuser=0&hl=id&rclk=1,,
kost dekat ITB Ganesha,Sadang Serang,ITB Ganesha,Kos Ibu & Citra,"Jl. Haur Pancuh No.180/151c, RT.1/RW.2, Sadang Serang, Kecamatan Coblong, Kota Bandung, Jawa Barat 40133",,0811-8740-087,,https://www.google.com/maps/place/Kos+Ibu+%26+Citra/data=!4m7!3m6!1s0x2e68e75a4d15d38f:0xa17dd48522dbed77!8m2!3d-6.8947837!4d107.6189891!16s%2Fg%2F11h_1yl9g0!19sChIJj9MVTVrnaC4Rd-3bIoXUfaE?authuser=0&hl=id&rclk=1,,
kos Sadang Serang Bandung,Sadang Serang,ITB Ganesha / UNPAD Dipatiukur / UNIKOM,SAN GREEN KOST,"Jl. Gelatik No.Dalam, RW.no 50, Sadang Serang, Kecamatan Coblong, Kota Bandung, Jawa Barat 40133",,0857-9736-3679,,https://www.google.com/maps/place/SAN+GREEN+KOST/data=!4m7!3m6!1s0x2e68e7005db46357:0xb8f3c2d01b4ef92f!8m2!3d-6.8962223!4d107.6219892!16s%2Fg%2F11wy23hlgf!19sChIJV2O0XQDnaC4RL_lOG9DC87g?authuser=0&hl=id&rclk=1,,
kost dekat ITB Ganesha,Cisitu,ITB Ganesha,Kost Bu Nani,"Sebelah warung seblak adils,kosan warna putih, Jl. Cisitu Lama No.78, Dago, Kecamatan Coblong, Kota Bandung, Jawa Barat 40135",,0821-2984-8625,,https://www.google.com/maps/place/Kost+Bu+Nani/data=!4m7!3m6!1s0x2e68e6fa640a6043:0x84810b56e0dfd704!8m2!3d-6.8779773!4d107.6111521!16s%2Fg%2F11gg70ng5r!19sChIJQ2AKZPrmaC4RBNff4FYLgYQ?authuser=0&hl=id&rclk=1,,
kos Sadang Serang Bandung,Sadang Serang,ITB Ganesha / UNPAD Dipatiukur / UNIKOM,Kos Azmi,"Jl. Sukasari II No.246, Sadang Serang, Kecamatan Coblong, Kota Bandung, Jawa Barat 40134",,0878-4803-4832,,https://www.google.com/maps/place/Kos+Azmi/data=!4m7!3m6!1s0x2e68e7007b80215d:0x71c70a8dbc39d029!8m2!3d-6.892836!4d107.6221886!16s%2Fg%2F11lzwz9j38!19sChIJXSGAewDnaC4RKdA5vI0Kx3E?authuser=0&hl=id&rclk=1,,
kos Cisitu Bandung,Cisitu,ITB Ganesha / UNPAD Dipatiukur / UNIKOM,Pondok Orange,"Jl. Cisitu Indah No.9, Dago, Kecamatan Coblong, Kota Bandung, Jawa Barat 40135",,(022) 2500215,,https://www.google.com/maps/place/Pondok+Orange/data=!4m7!3m6!1s0x2e68e6fae06f63a3:0x40ca7130763e9311!8m2!3d-6.8781425!4d107.612472!16s%2Fg%2F11c0rmfs0f!19sChIJo2Nv4PrmaC4REZM-djBxykA?authuser=0&hl=id&rclk=1,,
kos Cisitu Bandung,Cisitu,ITB Ganesha / UNPAD Dipatiukur / UNIKOM,Taneva Kost Dago,"Jl. Cisitu Indah VII No.96, Dago, Kecamatan Coblong, Kota Bandung, Jawa Barat 40135",,0825-8885-5336,,https://www.google.com/maps/place/Taneva+Kost+Dago/data=!4m7!3m6!1s0x2e68e79caa0b4893:0x4d64341c281d0de5!8m2!3d-6.8733477!4d107.6147666!16s%2Fg%2F11qnsw0gzh!19sChIJk0gLqpznaC4R5Q0dKBw0ZE0?authuser=0&hl=id&rclk=1,,
kos Tubagus Ismail Bandung,Sekeloa,ITB Ganesha / UNPAD Dipatiukur / UNIKOM,Kost Tubagus Ismail Timur 8,"Jl. Tubagus Ismail Tim. VIII No.1, Sekeloa, Kecamatan Coblong, Kota Bandung, Jawa Barat 40134",,0812-2078-990,,https://www.google.com/maps/place/Kost+Tubagus+Ismail+Timur+8/data=!4m7!3m6!1s0x2e68e6ffcd948c71:0xcccb42cbc27cabd!8m2!3d-6.884254!4d107.6206919!16s%2Fg%2F1pzpngrr5!19sChIJcYyUzf_maC4RvconvCy0zAw?authuser=0&hl=id&rclk=1,,
kos Cisitu Bandung,Cisitu,ITB Ganesha / UNPAD Dipatiukur / UNIKOM,Red Bricks Kost,"Jl. Cisitu Indah V, Dago, Kecamatan Coblong, Kota Bandung, Jawa Barat 40135",,,https://mamikos.com/room/kost-kota-bandung-kost-putra-eksklusif-kost-red-bricks-coblong-bandung-1,https://www.google.com/maps/place/Red+Bricks+Kost/data=!4m7!3m6!1s0x2e68e7531e3ad57f:0x78d1965aaf973103!8m2!3d-6.8752578!4d107.6131163!16s%2Fg%2F11h2qpkj22!19sChIJf9U6HlPnaC4RAzGXr1qW0Xg?authuser=0&hl=id&rclk=1,,
kos Cisitu Bandung,Cisitu,ITB Ganesha / UNPAD Dipatiukur / UNIKOM,Pondok kost AL AMIR,"Jl. Cisitu Lama No.3d/160b, Dago, Kecamatan Coblong, Kota Bandung, Jawa Barat 40135",,0812-1821-0162,,https://www.google.com/maps/place/Pondok+kost+AL+AMIR/data=!4m7!3m6!1s0x2e68e6fa8a3637dd:0x9018c6552b15f1aa!8m2!3d-6.8791306!4d107.6108552!16s%2Fg%2F11bymwh_df!19sChIJ3Tc2ivrmaC4RqvEVK1XGGJA?authuser=0&hl=id&rclk=1,,
kos Tubagus Ismail Bandung,Tubagus Ismail,ITB Ganesha / UNPAD Dipatiukur / UNIKOM,Pondok Indah Kost Tubagus Ismail,"Jl. Tubagus Ismail I No.14, Lebakgede, Kecamatan Coblong, Kota Bandung, Jawa Barat 40134",,0817-7928-7616,,https://www.google.com/maps/place/Pondok+Indah+Kost+Tubagus+Ismail/data=!4m7!3m6!1s0x2e68e759c85130e5:0x4fe4e88672a8f3c6!8m2!3d-6.8859287!4d107.6156448!16s%2Fg%2F11j_xcjrq1!19sChIJ5TBRyFnnaC4RxvOocobo5E8?authuser=0&hl=id&rclk=1,,
kos Sadang Serang Bandung,Sadang Serang,ITB Ganesha / UNPAD Dipatiukur / UNIKOM,RUMAH KOST HAJI OYON PANYINGKIRAN,"Panyingkiran No.117 rt07, RW.03, Sadang Serang, Kecamatan Coblong, Kota Bandung, Jawa Barat 40133",,0812-1445-8155,,https://www.google.com/maps/place/RUMAH+KOST+HAJI+OYON+PANYINGKIRAN/data=!4m7!3m6!1s0x2e68e70051886caf:0x6f5084e1efb68256!8m2!3d-6.8942069!4d107.6216562!16s%2Fg%2F11l_8y5l1f!19sChIJr2yIUQDnaC4RVoK27-GEUG8?authuser=0&hl=id&rclk=1,,
kos Sadang Serang Bandung,Sadang Serang,ITB Ganesha / UNPAD Dipatiukur / UNIKOM,Kost pa herman suburman,"Jl. Titimplik Dalam No.415, RT.002/RW.003, Sadang Serang, Kecamatan Coblong, Kota Bandung, Jawa Barat 40132",,0813-1498-1743,,https://www.google.com/maps/place/Kost+pa+herman+suburman/data=!4m7!3m6!1s0x2e68e7d41332c2d7:0x2dbd649a2218e29a!8m2!3d-6.8938459!4d107.6212284!16s%2Fg%2F11tsrq3gx0!19sChIJ18IyE9TnaC4RmuIYIppkvS0?authuser=0&hl=id&rclk=1,,
kos Sadang Serang Bandung,Sadang Serang,ITB Ganesha / UNPAD Dipatiukur / UNIKOM,Kost Keluarga Gasibu,"Jl. Tikukur No.8, Sadang Serang, Kecamatan Coblong, Kota Bandung, Jawa Barat 40133",,0858-7186-1607,,https://www.google.com/maps/place/Kost+Keluarga+Gasibu/data=!4m7!3m6!1s0x2e68e7902d0ab407:0xba32ceb4499fb12!8m2!3d-6.8973269!4d107.6209541!16s%2Fg%2F11xkr64sh8!19sChIJB7QKLZDnaC4REvuZROssows?authuser=0&hl=id&rclk=1,,
kos Sadang Serang Bandung,Sadang Serang,ITB Ganesha / UNPAD Dipatiukur / UNIKOM,Kost Flores,"Jl. Haurmekar Jl. IV No.D19, Sadang Serang, Kecamatan Coblong, Kota Bandung, Jawa Barat 40132",,0813-3867-0435,,https://www.google.com/maps/place/Kost+Flores/data=!4m7!3m6!1s0x2e68e7336ab34543:0x9e8e18ce11c31621!8m2!3d-6.8933716!4d107.6204652!16s%2Fg%2F11l2kl26dt!19sChIJQ0WzajPnaC4RIRbDEc4Yjp4?authuser=0&hl=id&rclk=1,,
kost dekat ITB Ganesha,Dago / Dipatiukur,ITB Ganesha,Kost TUBIS NOLI,"Lebakgede, Kecamatan Coblong, Kota Jabar, Jawa Barat 45364",,0895-3771-01437,,https://www.google.com/maps/place/Kost+TUBIS+NOLI/data=!4m7!3m6!1s0x2e68e7004e68978b:0x5e5614d2be938fe8!8m2!3d-6.8860309!4d107.6158489!16s%2Fg%2F11zbp7tytc!19sChIJi5doTgDnaC4R6I-TvtIUVl4?authuser=0&hl=id&rclk=1,,
kos Tubagus Ismail Bandung,Sekeloa,ITB Ganesha / UNPAD Dipatiukur / UNIKOM,Kost Muslimah Tubagus Ismail,"Jl. Tubagus Ismail VI No.16, Sekeloa, Kecamatan Coblong, Kota Bandung, Jawa Barat 40134",,0813-9455-5812,,https://www.google.com/maps/place/Kost+Muslimah+Tubagus+Ismail/data=!4m7!3m6!1s0x2e68e6fe93602ce3:0x6314a7f671cae94b!8m2!3d-6.8834134!4d107.618699!16s%2Fg%2F1pzvfqt9q!19sChIJ4yxgk_7maC4RS-nKcfanFGM?authuser=0&hl=id&rclk=1,,
kost dekat ITB Ganesha,Cisitu,ITB Ganesha,Kost Bu Aat,"Jl Gg. Cisitu Lama VII No.12 C/154 B, Dago, Coblong, Bandung City, West Java 40135",,(022) 8330804,,https://www.google.com/maps/place/Kost+Bu+Aat/data=!4m7!3m6!1s0x2e68e73fc2689cc3:0x840e6fd5a21b309!8m2!3d-6.8802335!4d107.612883!16s%2Fg%2F11h1277kcj!19sChIJw5xowj_naC4RCbMhWv3mQAg?authuser=0&hl=id&rclk=1,,
kos murah Bandung,Bandung (Lainnya),Lainnya / Umum,Kosan,Jl. Sukamaju No.3,3,,,https://www.google.com/maps/search/?api=1&query=Kosan&query_place_id=ChIJC3kCxBvdaC4R8CllyXrXpXo,,
kos Tubagus Ismail Bandung,Sekeloa,ITB Ganesha / UNPAD Dipatiukur / UNIKOM,Kost Putra Tubagus Ismail Depan 76A,"Jl. Tubagus Ismail - Depan No.76A, Sekeloa, Kecamatan Coblong, Kota Bandung, Jawa Barat 40134",,0812-1301-015,,https://www.google.com/maps/place/Kost+Putra+Tubagus+Ismail+Depan+76A/data=!4m7!3m6!1s0x2e68e7c4c61e7bbf:0x1d4de4effbe96bd3!8m2!3d-6.8835929!4d107.6164696!16s%2Fg%2F11pbt21mmv!19sChIJv3sexsTnaC4R02vp--_kTR0?authuser=0&hl=id&rclk=1,,
kos Tubagus Ismail Bandung,Sekeloa,ITB Ganesha / UNPAD Dipatiukur / UNIKOM,Kost Tubagus Ismail (Kost Mona),"Jl. Sadang Hegar II No.04, Sekeloa, Kecamatan Coblong, Kota Bandung, Jawa Barat 40134",,0852-7562-6543,,https://www.google.com/maps/place/Kost+Tubagus+Ismail+%28Kost+Mona%29/data=!4m7!3m6!1s0x2e68e7d2cc8f0235:0x5c535fb0053b6c6!8m2!3d-6.8877085!4d107.624597!16s%2Fg%2F11h4ldtgbn!19sChIJNQKPzNLnaC4RxrZTAPs1xQU?authuser=0&hl=id&rclk=1,,
kos Tubagus Ismail Bandung,Sekeloa,ITB Ganesha / UNPAD Dipatiukur / UNIKOM,Kost Onit - Tubagus Ismail V no. 55,"Jl. Tubagus Ismail V No.55, Sekeloa, Kecamatan Coblong, Kota Bandung, Jawa Barat 40134",,0813-2002-0055,,https://www.google.com/maps/place/Kost+Onit+-+Tubagus+Ismail+V+no.+55/data=!4m7!3m6!1s0x2e68e6feec16ec6d:0xbfa6f0a3b12135ee!8m2!3d-6.8830414!4d107.6173172!16s%2Fg%2F11cjnnm605!19sChIJbewW7P7maC4R7jUhsaPwpr8?authuser=0&hl=id&rclk=1,,
kos Sadang Serang Bandung,Sadang Serang,ITB Ganesha / UNPAD Dipatiukur / UNIKOM,Kos Bu Broto,"Jl. Sukasari II No.297 Blk F, RT.06/RW.02, Sadang Serang, Kecamatan Coblong, Kota Bandung, Jawa Barat 40134",,0858-4026-9225,,https://www.google.com/maps/place/Kos+Bu+Broto/data=!4m7!3m6!1s0x2e68e7259afd9007:0xa359c773604ec997!8m2!3d-6.8933344!4d107.6218921!16s%2Fg%2F11fpg6cqr5!19sChIJB5D9miXnaC4Rl8lOYHPHWaM?authuser=0&hl=id&rclk=1,,
kost dekat ITB Ganesha,Dago / Dipatiukur,ITB Ganesha,Kost Putri Raden Patah,"Jl. Raden Patah No.41J, Lebakgede, Kecamatan Coblong, Kota Bandung, Jawa Barat 40132",,0877-2798-5968,,https://www.google.com/maps/place/Kost+Putri+Raden+Patah/data=!4m7!3m6!1s0x2e68e65619e65f4d:0xbbc072343e8601ec!8m2!3d-6.8874949!4d107.6145477!16s%2Fg%2F11byp6s512!19sChIJTV_mGVbmaC4R7AGGPjRywLs?authuser=0&hl=id&rclk=1,,
kos Sadang Serang Bandung,Sadang Serang,ITB Ganesha / UNPAD Dipatiukur / UNIKOM,Kost Ibu Soleh,"Jl. Puyuh Dalam Gg. Sadang Saip II No.33, RT.03/RW.12, Sadang Serang, Kecamatan Coblong, Kota Bandung, Jawa Barat 40133",,0859-7259-1978,,https://www.google.com/maps/place/Kost+Ibu+Soleh/data=!4m7!3m6!1s0x2e68e7847315a1c9:0xe357a7986d362603!8m2!3d-6.8963311!4d107.624149!16s%2Fg%2F11g0hvjh1c!19sChIJyaEVc4TnaC4RAyY2bZinV-M?authuser=0&hl=id&rclk=1,,
kos Sadang Serang Bandung,Sadang Serang,ITB Ganesha / UNPAD Dipatiukur / UNIKOM,Kost 26,"Jalan Terminal Jl. Sadang Serang No.26, Sadang Serang, Kecamatan Coblong, Kota Bandung, Jawa Barat 40133",,0812-8080-7742,,https://www.google.com/maps/place/Kost+26/data=!4m7!3m6!1s0x2e68e7ac7eda10df:0xe9847384c667a8d8!8m2!3d-6.891775!4d107.6247309!16s%2Fg%2F11b6wmxw3r!19sChIJ3xDafqznaC4R2KhnxoRzhOk?authuser=0&hl=id&rclk=1,,
kost dekat ITB Ganesha,Tamansari,ITB Ganesha,Ibu Ade Ure Boarding House,"Jl. Kb. Bibit Utara No.Dalam 46, RT.007/RW.05, Tamansari, Kec. Bandung Wetan, Kota Bandung, Jawa Barat 40116",,0852-2444-4633,,https://www.google.com/maps/place/Ibu+Ade+Ure+Boarding+House/data=!4m7!3m6!1s0x2e68e7c76531eb33:0xc0c5bf528ecadbe3!8m2!3d-6.8969316!4d107.6078804!16s%2Fg%2F11fsjrq38y!19sChIJM-sxZcfnaC4R49vKjlK_xcA?authuser=0&hl=id&rclk=1,,
kos Tubagus Ismail Bandung,Sekeloa,ITB Ganesha / UNPAD Dipatiukur / UNIKOM,Elsan House,"Jl. Ciheulang II No.11, Sekeloa, Kecamatan Coblong, Kota Bandung, Jawa Barat 40134",,0821-2388-5089,,https://www.google.com/maps/place/Elsan+House/data=!4m7!3m6!1s0x2e68e737bafe99eb:0x5fc04e34830faf55!8m2!3d-6.8863091!4d107.6188732!16s%2Fg%2F11nn17mbhp!19sChIJ65n-ujfnaC4RVa8PgzROwF8?authuser=0&hl=id&rclk=1,,
kos Cisitu Bandung,Cisitu,ITB Ganesha / UNPAD Dipatiukur / UNIKOM,Kost Satu Sepuluh,"Jl. Cisitu Indah I No.10, Dago, Kecamatan Coblong, Kota Bandung, Jawa Barat 40135",,0811-200-313,,https://www.google.com/maps/place/Kost+Satu+Sepuluh/data=!4m7!3m6!1s0x2e68e713d757e9c3:0x485e485de59487b!8m2!3d-6.8770382!4d107.6121498!16s%2Fg%2F11frrdsnxf!19sChIJw-lX1xPnaC4Re0hZ3oXkhQQ?authuser=0&hl=id&rclk=1,,
kost dekat ITB Ganesha,Sekeloa,ITB Ganesha,Kost 21/153a,"4J68+XWW, Sekeloa, Kecamatan Coblong, Kota Bandung, Jawa Barat 40134",,0812-9702-3000,,https://www.google.com/maps/place/Kost+21%2F153a/data=!4m7!3m6!1s0x2e68e7fcbad4ddc7:0x3742e12040db3b56!8m2!3d-6.8875159!4d107.6173288!16s%2Fg%2F11fhnfgzhb!19sChIJx93UuvznaC4RVjvbQCDhQjc?authuser=0&hl=id&rclk=1,,
kos Cisitu Bandung,Cisitu,ITB Ganesha / UNPAD Dipatiukur / UNIKOM,Premier 46,"Jl. Cisitu Indah V, Dago, Kecamatan Coblong, Kota Bandung, Jawa Barat 40135",,,https://mamikos.com/room/kost-kota-bandung-kost-campur-eksklusif-kost-premier-46-tipe-a-coblong-bandung-1,https://www.google.com/maps/place/Premier+46/data=!4m7!3m6!1s0x2e68e73604c73a57:0x5ee3f7dfa2053e4b!8m2!3d-6.8757239!4d107.6139623!16s%2Fg%2F11fj2wws_5!19sChIJVzrHBDbnaC4RSz4Fot_3414?authuser=0&hl=id&rclk=1,,
kos Sadang Serang Bandung,Sadang Serang,ITB Ganesha / UNPAD Dipatiukur / UNIKOM,Eva kost 61 sadang serang ( Tampa DP ),"Jl. Masjid An'nur . Gg. Reuma No.61, RT.005/019, Sadang Serang, Kecamatan Coblong, Kota Bandung, Jawa Barat 40133",,0812-2019-9945,,https://www.google.com/maps/place/Eva+kost+61+sadang+serang+%28+Tampa+DP+%29/data=!4m7!3m6!1s0x2e68e7abf578c5b5:0x755870cfd5981dfd!8m2!3d-6.8923106!4d107.6264259!16s%2Fg%2F11byxdskqv!19sChIJtcV49avnaC4R_R2Y1c9wWHU?authuser=0&hl=id&rclk=1,,
kost dekat ITB Ganesha,Dago / Dipatiukur,ITB Ganesha,Rumah Aca Guest House,"Jl. Imam Bonjol No.47, Lebakgede, Kecamatan Coblong, Kota Bandung, Jawa Barat 40132",,(022) 87771412,,https://www.google.com/maps/place/Rumah+Aca+Guest+House/data=!4m10!3m9!1s0x2e68e651543c6195:0x36a4a3fdc15aeba!5m2!4m1!1i2!8m2!3d-6.8900818!4d107.6151941!16s%2Fg%2F11xgcp3nh!19sChIJlWE8VFHmaC4Ruq4V3D9KagM?authuser=0&hl=id&rclk=1,,
kos Sadang Serang Bandung,Sadang Serang,ITB Ganesha / UNPAD Dipatiukur / UNIKOM,Kost Pa Jafar (Khusus Wanita),"Jl. Puyuh No.138, RT.002/RW.012, Sadang Serang, Kecamatan Coblong, Kota Bandung, Jawa Barat 40133",,0819-2717-1780,,https://www.google.com/maps/place/Kost+Pa+Jafar+%28Khusus+Wanita%29/data=!4m7!3m6!1s0x2e68e74f2bb50b99:0x8ce99b7eefc18cf1!8m2!3d-6.8962153!4d107.6236306!16s%2Fg%2F11h1fwtw7j!19sChIJmQu1K0_naC4R8YzB736b6Yw?authuser=0&hl=id&rclk=1,,
kost dekat ITB Ganesha,Tamansari,ITB Ganesha,Kost Putri Bu Herman,"Jl. Pelesiran Gg. Abah Mardi No.92/56, Tamansari, Kec. Bandung Wetan, Kota Bandung, Jawa Barat 40132",,0822-3366-6800,,https://www.google.com/maps/place/Kost+Putri+Bu+Herman/data=!4m7!3m6!1s0x2e68e719f2ec3a7d:0x6d4fd02390bd8498!8m2!3d-6.8959144!4d107.608186!16s%2Fg%2F11rcp_2_tr!19sChIJfTrs8hnnaC4RmIS9kCPQT20?authuser=0&hl=id&rclk=1,,
kost dekat ITB Ganesha,Kanayakan,ITB Ganesha,kost putra Ganesha,"Jl. Kanayakan Blk. A No.14, Dago, Kecamatan Coblong, Kota Bandung, Jawa Barat 40135",,0812-1952-7842,,https://www.google.com/maps/place/kost+putra+Ganesha/data=!4m7!3m6!1s0x2e68e781c22e5169:0xa6c9345851621847!8m2!3d-6.8777256!4d107.6208751!16s%2Fg%2F11rdc6m83d!19sChIJaVEuwoHnaC4RRxhiUVg0yaY?authuser=0&hl=id&rclk=1,,
kos Tubagus Ismail Bandung,Sekeloa,ITB Ganesha / UNPAD Dipatiukur / UNIKOM,Kost Dinamika,"Jl. Tubagus Ismail VIII Timur No.1, Sekeloa, Kecamatan Coblong, Kota Bandung, Jawa Barat 40134",,0896-5651-5744,,https://www.google.com/maps/place/Kost+Dinamika/data=!4m7!3m6!1s0x2e68e70029a34df7:0xadd7163d3ed2824c!8m2!3d-6.8843708!4d107.6217633!16s%2Fg%2F11f3j8_grc!19sChIJ902jKQDnaC4RTILSPj0W160?authuser=0&hl=id&rclk=1,,
kos Tubagus Ismail Bandung,Sekeloa,ITB Ganesha / UNPAD Dipatiukur / UNIKOM,Pondok Latief,"Jl. Tubagus Ismail VI No.21, Sekeloa, Kecamatan Coblong, Kota Bandung, Jawa Barat 40134",,0817-423-161,,https://www.google.com/maps/place/Pondok+Latief/data=!4m7!3m6!1s0x2e68e6fe5623389f:0xfb1e1b099ffdd5d7!8m2!3d-6.8831001!4d107.6185515!16s%2Fg%2F11bw2h5pw0!19sChIJnzgjVv7maC4R19X9nwkbHvs?authuser=0&hl=id&rclk=1,,
kos Cisitu Bandung,Cisitu,ITB Ganesha / UNPAD Dipatiukur / UNIKOM,Hunian Kost Sangkuriang,"Jl. Cisitu Lama No.45B, Dago, Kecamatan Coblong, Kota Bandung, Jawa Barat 40135",,0812-2379-956,,https://www.google.com/maps/place/Hunian+Kost+Sangkuriang/data=!4m7!3m6!1s0x2e68e7006fad3a07:0xa442ee8d6f8e9781!8m2!3d-6.8827638!4d107.6119799!16s%2Fg%2F11x9153wkp!19sChIJBzqtbwDnaC4RgZeOb43uQqQ?authuser=0&hl=id&rclk=1,,
kos Tubagus Ismail Bandung,Sekeloa,ITB Ganesha / UNPAD Dipatiukur / UNIKOM,Kost Pria GK,"Jl. Tubagus Ismail VII No.5, Sekeloa, Kecamatan Coblong, Kota Bandung, Jawa Barat 40134",,0857-2233-6996,,https://www.google.com/maps/place/Kost+Pria+GK/data=!4m7!3m6!1s0x2e68e7ef3b3116af:0x85f0fc1f8a035f7c!8m2!3d-6.8843318!4d107.6191197!16s%2Fg%2F11vr1yrt3n!19sChIJrxYxO-_naC4RfF8Dih_88IU?authuser=0&hl=id&rclk=1,,
kost dekat ITB Ganesha,Cisitu,ITB Ganesha,Kost Cisitu Baru No. 2,"Jl. Cisitu Baru No.2, Dago, Kecamatan Coblong, Kota Bandung, Jawa Barat 40135",,0896-6823-3421,,https://www.google.com/maps/place/Kost+Cisitu+Baru+No.+2/data=!4m7!3m6!1s0x2e68e6f902c49683:0x34401841a8a64b19!8m2!3d-6.8842023!4d107.6133292!16s%2Fg%2F11gdrdnfyj!19sChIJg5bEAvnmaC4RGUumqEEYQDQ?authuser=0&hl=id&rclk=1,,
kost dekat ITB Ganesha,Dago / Dipatiukur,ITB Ganesha,Kosan Raden Patah 9,"Jl. Raden Patah No.9, Lebakgede, Kecamatan Coblong, Kota Bandung, Jawa Barat 40132",,0831-7037-5595,,https://www.google.com/maps/place/Kosan+Raden+Patah+9/data=!4m7!3m6!1s0x2e68e70034bd5369:0x7f0a0f7bd2207f7d!8m2!3d-6.8904396!4d107.6143648!16s%2Fg%2F11lm9q9q1p!19sChIJaVO9NADnaC4RfX8g0nsPCn8?authuser=0&hl=id&rclk=1,,
kos Cisitu Bandung,Cisitu,ITB Ganesha,Kos ITB Cisitu Dago Bandung,"Jl. Cisitu Lama X No.3, Dago, Kecamatan Coblong, Kota Bandung, Jawa Barat 40135",,0821-1565-2092,,https://www.google.com/maps/place/Kos+ITB+Cisitu+Dago+Bandung/data=!4m7!3m6!1s0x2e68e7817b0f3bd1:0x9de7388cd04a67d3!8m2!3d-6.8799103!4d107.6137406!16s%2Fg%2F11lp2x6zt4!19sChIJ0TsPe4HnaC4R02dK0Iw4550?authuser=0&hl=id&rclk=1,,
kos Tubagus Ismail Bandung,Sekeloa,ITB Ganesha / UNPAD Dipatiukur / UNIKOM,Kosan TB 50 (khusus putri),"Jl. Tubagus Ismail No.50, Sekeloa, Kecamatan Coblong, Kota Bandung, Jawa Barat 40134",,0812-2393-0808,,https://www.google.com/maps/place/Kosan+TB+50+%28khusus+putri%29/data=!4m7!3m6!1s0x2e68e707413ff40b:0x44f193822242d04f!8m2!3d-6.8849351!4d107.6205564!16s%2Fg%2F11rd2yyqb1!19sChIJC_Q_QQfnaC4RT9BCIoKT8UQ?authuser=0&hl=id&rclk=1,,
kos Tubagus Ismail Bandung,Sekeloa,ITB Ganesha / UNPAD Dipatiukur / UNIKOM,TemuRaSa Living Kost,"Jl. Tubagus Ismail No.175, Sekeloa, Kecamatan Coblong, Kota Bandung, Jawa Barat 40134",,0811-1712-317,,https://www.google.com/maps/place/TemuRaSa+Living+Kost/data=!4m7!3m6!1s0x2e68e70475abb119:0xa53905e685349bf!8m2!3d-6.8877741!4d107.6244699!16s%2Fg%2F11tt5pn9bz!19sChIJGbGrdQTnaC4Rv0lTaF6QUwo?authuser=0&hl=id&rclk=1,,
kos Cisitu Bandung,Cisitu,ITB Ganesha / UNPAD Dipatiukur / UNIKOM,AAN Dago Kos,"Jl. Cisitu Baru No.13, Dago, Kecamatan Coblong, Kota Bandung, Jawa Barat 40135",,0821-3048-6422,,https://www.google.com/maps/place/AAN+Dago+Kos/data=!4m7!3m6!1s0x2e68e7bdedb75963:0x761a480df524d476!8m2!3d-6.8843785!4d107.6127811!16s%2Fg%2F11y1jbfs2m!19sChIJY1m37b3naC4RdtQk9Q1IGnY?authuser=0&hl=id&rclk=1,,
kos Cisitu Bandung,Cisitu,ITB Ganesha / UNPAD Dipatiukur / UNIKOM,Kost Pak Aden,"98/154c, Jl. Cisitu Lama, Dago, Kecamatan Coblong, Kota Bandung, Jawa Barat 40135",,0857-2136-0471,,https://www.google.com/maps/place/Kost+Pak+Aden/data=!4m7!3m6!1s0x2e68e742ff3890e7:0x2a3a651fe8bb0ce0!8m2!3d-6.8827328!4d107.6125181!16s%2Fg%2F11gyysc_lw!19sChIJ55A4_0LnaC4R4Ay76B9lOio?authuser=0&hl=id&rclk=1,,
kost dekat ITB Ganesha,Dago / Dipatiukur,ITB Ganesha,Cemara Dago Kost,"Jl. Ir. H. Juanda No.128B, Lebakgede, Kecamatan Coblong, Kota Bandung, Jawa Barat 40135",,(022) 2502598,,https://www.google.com/maps/place/Cemara+Dago+Kost/data=!4m7!3m6!1s0x2e68e656f74e81dd:0x7d8ea0da110d0d1b!8m2!3d-6.8897604!4d107.6141711!16s%2Fg%2F11g7z7mxq9!19sChIJ3YFO91bmaC4RGw0NEdqgjn0?authuser=0&hl=id&rclk=1,,
kost dekat ITB Ganesha,Cisitu,ITB Ganesha,Kost Putra (The Barran),"Jl. Cisitu Indah V Indah Dalam No.43, Dago, Kecamatan Coblong, Kota Bandung, Jawa Barat 40135",,0812-2268-0073,,https://www.google.com/maps/place/Kost+Putra+%28The+Barran%29/data=!4m7!3m6!1s0x2e68e73979af0269:0xffac2a274313b6af!8m2!3d-6.8749342!4d107.6126485!16s%2Fg%2F11fw89twmr!19sChIJaQKveTnnaC4Rr7YTQycqrP8?authuser=0&hl=id&rclk=1,,
kos Tubagus Ismail Bandung,Sekeloa,ITB Ganesha / UNPAD Dipatiukur / UNIKOM,Oong Onboarding House,"Jl. Tubagus Ismail V No.11, Sekeloa, Kecamatan Coblong, Kota Bandung, Jawa Barat 40134",,0812-2453-1773,,https://www.google.com/maps/place/Oong+Onboarding+House/data=!4m7!3m6!1s0x2e68e6fee6a2c6cd:0xdedc74740543ee22!8m2!3d-6.8838324!4d107.6175062!16s%2Fg%2F11g8cn9mpk!19sChIJzcai5v7maC4RIu5DBXR03N4?authuser=0&hl=id&rclk=1,,
kos Cisitu Bandung,Cisitu,ITB Ganesha,"Kost Putra Cisitu Baru. 48, dekat ITB","Jl. Cisitu Baru No.48, RT.07/RW.11, Dago, Kecamatan Coblong, Kota Bandung, Jawa Barat 40135",,0899-8266-669,,"https://www.google.com/maps/place/Kost+Putra+Cisitu+Baru.+48,+dekat+ITB/data=!4m7!3m6!1s0x2e68e7fd66871073:0x46cf3b587fdd3341!8m2!3d-6.8833264!4d107.6132414!16s%2Fg%2F11l1yvjfpg!19sChIJcxCHZv3naC4RQTPdf1g7z0Y?authuser=0&hl=id&rclk=1",,
kos Tubagus Ismail Bandung,Sekeloa,ITB Ganesha / UNPAD Dipatiukur / UNIKOM,Kos Tubagus XV No.1 A,"Jl. Tubagus Ismail XV No.1A, Sekeloa, Kecamatan Coblong, Kota Bandung, Jawa Barat 40134",,0896-0405-1455,,https://www.google.com/maps/place/Kos+Tubagus+XV+No.1+A/data=!4m7!3m6!1s0x2e68e73161b1a0eb:0x80533465f7e1fa4d!8m2!3d-6.8821911!4d107.6178751!16s%2Fg%2F11s189n10h!19sChIJ66CxYTHnaC4RTfrh92U0U4A?authuser=0&hl=id&rclk=1,,
kos Cisitu Bandung,Cisitu,ITB Ganesha / UNPAD Dipatiukur / UNIKOM,Mitra Kost 11A,"Jl. Cisitu Lama VIII No.11A, Dago, Kecamatan Coblong, Kota Bandung, Jawa Barat 40135",,0813-2091-3847,,https://www.google.com/maps/place/Mitra+Kost+11A/data=!4m7!3m6!1s0x2e68e6fa365f70c7:0x396666e085938936!8m2!3d-6.8796254!4d107.6142471!16s%2Fg%2F11bc7sk44s!19sChIJx3BfNvrmaC4RNomTheBmZjk?authuser=0&hl=id&rclk=1,,
kos Tubagus Ismail Bandung,Tubagus Ismail,ITB Ganesha / UNPAD Dipatiukur / UNIKOM,Rumah Kost Tubagus Ismail Bawah 20 Dipati Ukur Dago,"Jl. Tubagus Ismail Bawah No.20, Lebakgede, Kecamatan Coblong, Kota Bandung, Jawa Barat 40132",,0831-3495-3569,,https://www.google.com/maps/place/Rumah+Kost+Tubagus+Ismail+Bawah+20+Dipati+Ukur+Dago/data=!4m7!3m6!1s0x2e68e7f35c0b8b49:0xd610847fc7a8fd9e!8m2!3d-6.8891505!4d107.6163775!16s%2Fg%2F11my2j89t7!19sChIJSYsLXPPnaC4Rnv2ox3-EENY?authuser=0&hl=id&rclk=1,,
kos Sadang Serang Bandung,Sadang Serang,ITB Ganesha / UNPAD Dipatiukur / UNIKOM,Kos 4 putri,"Jl. Puyuh Dalam II No.33, Sadang Serang, Kecamatan Coblong, Kota Bandung, Jawa Barat 40133",,0859-4302-4422,,https://www.google.com/maps/place/Kos+4+putri/data=!4m7!3m6!1s0x2e68e756682a1f87:0x41a52aef6c5e806f!8m2!3d-6.8973595!4d107.6240795!16s%2Fg%2F11ss8583br!19sChIJhx8qaFbnaC4Rb4BebO8qpUE?authuser=0&hl=id&rclk=1,,
kos Cisitu Bandung,Cisitu,ITB Ganesha / UNPAD Dipatiukur / UNIKOM,Kos Haji Mumu,"Jl. Cisitu Lama No.12A 160c, Dago, Kecamatan Coblong, Kota Bandung, Jawa Barat 40135",,0856-4000-8808,,https://www.google.com/maps/place/Kos+Haji+Mumu/data=!4m7!3m6!1s0x2e68e71409a9953d:0xb9c8b318ebb4d473!8m2!3d-6.8783329!4d107.6115094!16s%2Fg%2F11gl07jppn!19sChIJPZWpCRTnaC4Rc9S06xizyLk?authuser=0&hl=id&rclk=1,,
kos Cisitu Bandung,Cisitu,ITB Ganesha / UNPAD Dipatiukur / UNIKOM,Kost C139 Coblong Bandung,"Jl. Cisitu Indah V Dalam No.139, RT.07/RW.04, Dago, Kecamatan Coblong, Kota Bandung, Jawa Barat 40135",,0858-4607-9639,,https://www.google.com/maps/place/Kost+C139+Coblong+Bandung/data=!4m7!3m6!1s0x2e68e74e555ef8a9:0xdfa5a75bc8605d5a!8m2!3d-6.8756117!4d107.6131297!16s%2Fg%2F11w25yy_25!19sChIJqfheVU7naC4RWl1gyFunpd8?authuser=0&hl=id&rclk=1,,
kos Cisitu Bandung,Cisitu,ITB Ganesha / UNPAD Dipatiukur / UNIKOM,Kost Cisitu Kanaya Homy,"Jl. Cisitu Lama No.12B 160C, Dago, Kecamatan Coblong, Kota Bandung, Jawa Barat 40135",,0878-2148-7545,,https://www.google.com/maps/place/Kost+Cisitu+Kanaya+Homy/data=!4m7!3m6!1s0x2e68e7b390440e91:0xfeb5da7f8e9cc011!8m2!3d-6.8785844!4d107.6114758!16s%2Fg%2F11v0jd8jmh!19sChIJkQ5EkLPnaC4REcCcjn_atf4?authuser=0&hl=id&rclk=1,,
kos Cisitu Bandung,Cisitu,ITB Ganesha / UNPAD Dipatiukur / UNIKOM,Kost 2Bro,"Jl. Cisitu Indah V No.70A, Dago, Kecamatan Coblong, Kota Bandung, Jawa Barat 40135",,0815-4853-2224,,https://www.google.com/maps/place/Kost+2Bro/data=!4m7!3m6!1s0x2e68e6e4e167dc71:0xd241ef89e736ec89!8m2!3d-6.8747826!4d107.6125921!16s%2Fg%2F11g659yc02!19sChIJcdxn4eTmaC4Riew254nvQdI?authuser=0&hl=id&rclk=1,,
kost dekat ITB Ganesha,Tamansari,ITB Ganesha,Kost Putri Ibu Diah Tamansari,"Jl. Kebun Binatang RT 04/07 No. 42/56, Jl. Tamansari, Lb. Siliwangi, Kecamatan Coblong, Kota Bandung, Jawa Barat 40132",,0857-5929-4141,,https://www.google.com/maps/place/Kost+Putri+Ibu+Diah+Tamansari/data=!4m7!3m6!1s0x2e68e7bd59acfe93:0xfcf2cc14dde9adb2!8m2!3d-6.8941626!4d107.6077991!16s%2Fg%2F11hzpkntwj!19sChIJk_6sWb3naC4Rsq3p3RTM8vw?authuser=0&hl=id&rclk=1,,
kost dekat ITB Ganesha,Cisitu,ITB Ganesha,Kost Putri CBD 4 Bandung,"Jl. Cisitu Baru Dalam No.4, Dago, Kecamatan Coblong, Kota Bandung, Jawa Barat 40135",,0856-0168-2830,,https://www.google.com/maps/place/Kost+Putri+CBD+4+Bandung/data=!4m7!3m6!1s0x2e68e6f9a5f44be1:0x256bac4588f44f46!8m2!3d-6.8838281!4d107.6121975!16s%2Fg%2F11dfqxn4g2!19sChIJ4Uv0pfnmaC4RRk_0iEWsayU?authuser=0&hl=id&rclk=1,,
kos Cisitu Bandung,Cisitu,ITB Ganesha / UNPAD Dipatiukur / UNIKOM,Kost Bu Lisa,"19, Gg. Cisitu Lama VII No.10A, Dago, Coblong, Bandung City, West Java 40135",,0813-9000-0147,,https://www.google.com/maps/place/Kost+Bu+Lisa/data=!4m7!3m6!1s0x2e68e7c190bae8c7:0xe13b636e622517c1!8m2!3d-6.8798805!4d107.6123996!16s%2Fg%2F11gk01hftb!19sChIJx-i6kMHnaC4RwRclYm5jO-E?authuser=0&hl=id&rclk=1,,
kos Cisitu Bandung,Cisitu,ITB Ganesha / UNPAD Dipatiukur / UNIKOM,Kost Feels like Home,"Jl. Cisitu Baru No.15, Dago, Kecamatan Coblong, Kota Bandung, Jawa Barat 40135",,0821-2620-4003,,https://www.google.com/maps/place/Kost+Feels+like+Home/data=!4m7!3m6!1s0x2e68e6f8ff8b1e57:0xdeb1e5be1c31f315!8m2!3d-6.8844389!4d107.6126662!16s%2Fg%2F11dxd_gdfs!19sChIJVx6L__jmaC4RFfMxHL7lsd4?authuser=0&hl=id&rclk=1,,
kos Cisitu Bandung,Cisitu,ITB Ganesha / UNPAD Dipatiukur / UNIKOM,Kost Gg House,"Gg. H. Mulya Jl. Cisitu Lama VIII No.45 C, RT.007/RW.010, Dago, Kecamatan Coblong, Kota Bandung, Jawa Barat 40135",,0812-2390-8328,,https://www.google.com/maps/place/Kost+Gg+House/data=!4m7!3m6!1s0x2e68e77f5d5166dd:0xfcfd495079d2cec3!8m2!3d-6.8797141!4d107.6129338!16s%2Fg%2F11j1z0_qwn!19sChIJ3WZRXX_naC4Rw87SeVBJ_fw?authuser=0&hl=id&rclk=1,,
kost dekat ITB Ganesha,Cisitu,ITB Ganesha,KOST PUTRI 122 B,"Gg. Cisitu Lama IV No.122 B/ 154 C, RT.02/RW.10, Dago, Kecamatan Coblong, Kota Bandung, Jawa Barat 40135",,0812-2290-0399,,https://www.google.com/maps/place/KOST+PUTRI+122+B/data=!4m7!3m6!1s0x2e68e778e125517f:0x5e68fd4b31dc9a7b!8m2!3d-6.8811755!4d107.613477!16s%2Fg%2F11swv0mhhj!19sChIJf1El4XjnaC4Re5rcMUv9aF4?authuser=0&hl=id&rclk=1,,
kost dekat ITB Ganesha,Tamansari,ITB Ganesha,Bhakti Kost (Kost Putra),"Jl. Tamansari No.43a/56, Lb. Siliwangi, Kec. Coblong, Kota Bandung, Jawa Barat 40132",,0857-1024-2104,,https://www.google.com/maps/place/Bhakti+Kost+%28Kost+Putra%29/data=!4m7!3m6!1s0x2e68e7c8df01d72d:0xe99405c05b5094de!8m2!3d-6.8943878!4d107.6076831!16s%2Fg%2F11j1bm121n!19sChIJLdcB38jnaC4R3pRQW8AFlOk?authuser=0&hl=id&rclk=1,,
kos Cisitu Bandung,Cisitu,ITB Ganesha / UNPAD Dipatiukur / UNIKOM,Kos Cisitu Lama IX No 20,"Jl. Cisitu Lama IX No.20, Dago, Kecamatan Coblong, Kota Bandung, Jawa Barat 40135",,0812-2463-1592,,https://www.google.com/maps/place/Kos+Cisitu+Lama+IX+No+20/data=!4m7!3m6!1s0x2e68e726c9664341:0x7247cba750367af0!8m2!3d-6.8798894!4d107.6132458!16s%2Fg%2F11j2ywxb6g!19sChIJQUNmySbnaC4R8Ho2UKfLR3I?authuser=0&hl=id&rclk=1,,
kos Cisitu Bandung,Cisitu,ITB Ganesha / UNPAD Dipatiukur / UNIKOM,Cisitu Indah V/8,"Jl. Cisitu Indah V No.8, Dago, Kecamatan Coblong, Kota Bandung, Jawa Barat 40135",,(0622) 22504588,,https://www.google.com/maps/place/Cisitu+Indah+V%2F8/data=!4m7!3m6!1s0x2e68e71bfa0d4b91:0x3e813fc0ced7aae0!8m2!3d-6.8757095!4d107.6132033!16s%2Fg%2F11h5vjc9kq!19sChIJkUsN-hvnaC4R4KrXzsA_gT4?authuser=0&hl=id&rclk=1,,
kos Cisitu Bandung,Cisitu,ITB Ganesha / UNPAD Dipatiukur / UNIKOM,Rumah Kost Cisitu Lama 5 (Khusus Putra),"Masuk jln buntu belakang BRIN, Jl. Cisitu Lama No.5, Dago, Kecamatan Coblong, Kota Bandung, Jawa Barat 40135",,0817-4967-047,,https://www.google.com/maps/place/Rumah+Kost+Cisitu+Lama+5+%28Khusus+Putra%29/data=!4m7!3m6!1s0x2e68e7df2ff763cf:0xebad6f0ba5a1ccc2!8m2!3d-6.8811249!4d107.6114486!16s%2Fg%2F11lzcck37w!19sChIJz2P3L9_naC4RwsyhpQtvres?authuser=0&hl=id&rclk=1,,
kost dekat ITB Ganesha,Cisitu,ITB Ganesha,Kosan Rusyana,"No.3B, Jl. Cisitu Lama No.160B, RT.7/RW.12, Dago, Coblong, Bandung City, West Java 40135",,0856-5913-3199,,https://www.google.com/maps/place/Kosan+Rusyana/data=!4m7!3m6!1s0x2e68e7c4edd4f153:0x80351bae0bcfa055!8m2!3d-6.8789747!4d107.6108262!16s%2Fg%2F11f6xk29tv!19sChIJU_HU7cTnaC4RVaDPC64bNYA?authuser=0&hl=id&rclk=1,,
kost dekat ITB Ganesha,Tamansari,ITB Ganesha,Kost SOEKRIL FAMILY,"Jl. Pelesiran Siliwangi No.78/56, RT.02/RW.05, Lb. Siliwangi, Kecamatan Coblong, Kota Bandung, Jawa Barat 40132",,0822-4059-5757,,https://www.google.com/maps/place/Kost+SOEKRIL+FAMILY/data=!4m7!3m6!1s0x2e68e65a94620119:0xbbc9f2b2a1bf5c2e!8m2!3d-6.8959089!4d107.6083488!16s%2Fg%2F11g9g14hf_!19sChIJGQFilFrmaC4RLly_obLyybs?authuser=0&hl=id&rclk=1,,
kos Cisitu Bandung,Cisitu,ITB Ganesha / UNPAD Dipatiukur / UNIKOM,Kost 21 (Sudah Penuh),"Jl. Cisitu Lama IX No.21, Dago, Kecamatan Coblong, Kota Bandung, Jawa Barat 40135",,0878-4756-1895,,https://www.google.com/maps/place/Kost+21+%28Sudah+Penuh%29/data=!4m7!3m6!1s0x2e68e7742c8f2e85:0x71dfd6691b19abc8!8m2!3d-6.880716!4d107.613593!16s%2Fg%2F11wnf47prl!19sChIJhS6PLHTnaC4RyKsZG2nW33E?authuser=0&hl=id&rclk=1,,
kost dekat ITB Ganesha,Sangkuriang,ITB Ganesha,Beranda Sangkuriang Kost Putri,"Jl. Sangkuriang Bawah No.42, Dago, Kecamatan Coblong, Kota Bandung, Jawa Barat 40135",,0818-804-864,,https://www.google.com/maps/place/Beranda+Sangkuriang+Kost+Putri/data=!4m7!3m6!1s0x2e68e70519bb9c41:0xc542c8d6e07042be!8m2!3d-6.8824511!4d107.6094848!16s%2Fg%2F11h760fhmv!19sChIJQZy7GQXnaC4RvkJw4NbIQsU?authuser=0&hl=id&rclk=1,,
kost dekat ITB Ganesha,Sukajadi / Pasteur,ITB Ganesha,RuOptions Asli 1 Sukajadi Bandung,"4H3W+MQG, Jalan, Sukabungah, Sukajadi, Bandung City, West Java 40162",,,https://www.rukita.co/,https://www.google.com/maps/place/RuOptions+Asli+1+Sukajadi+Bandung/data=!4m7!3m6!1s0x2e68e755606fe2b1:0xa19c2b8de289fbfd!8m2!3d-6.8958239!4d107.5969561!16s%2Fg%2F11nm_hqfv8!19sChIJseJvYFXnaC4R_fuJ4o0rnKE?authuser=0&hl=id&rclk=1,,
kos Cisitu Bandung,Cisitu,ITB Ganesha / UNPAD Dipatiukur / UNIKOM,Pondok Kost Lembah Cisitu,"Unnamed Road, Dago, Kecamatan Coblong, Kota Bandung, Jawa Barat 40135",,0853-9148-9983,,https://www.google.com/maps/place/Pondok+Kost+Lembah+Cisitu/data=!4m7!3m6!1s0x2e68e6f06211e9a1:0xbd3904377b491918!8m2!3d-6.8792061!4d107.6086247!16s%2Fg%2F11gfm7_nnm!19sChIJoekRYvDmaC4RGBlJezcEOb0?authuser=0&hl=id&rclk=1,,
kost dekat ITB Ganesha,Sekeloa,ITB Ganesha,Kost Bu Selly House,"Jl. Sekeloa Tengah No.123 152c, Lebak Gede, Coblong, Bandung City, West Java 40134",,0822-7842-0271,,https://www.google.com/maps/place/Kost+Bu+Selly+House/data=!4m7!3m6!1s0x2e68e70051e15bb3:0x5bc2e1fc42817ff6!8m2!3d-6.8889475!4d107.620803!16s%2Fg%2F11vm9jr40l!19sChIJs1vhUQDnaC4R9n-BQvzhwls?authuser=0&hl=id&rclk=1,,
kos Sadang Serang Bandung,Sadang Serang,ITB Ganesha / UNPAD Dipatiukur / UNIKOM,Rumah Kos Dederuk DUA SATU,"Jl. Dederuk No.21, Sadang Serang, Kecamatan Coblong, Kota Bandung, Jawa Barat 40133",,,https://linktr.ee/dederukduasatu,https://www.google.com/maps/place/Rumah+Kos+Dederuk+DUA+SATU/data=!4m7!3m6!1s0x2e68e70994691e8b:0xe5598b867bd694d6!8m2!3d-6.898228!4d107.6218442!16s%2Fg%2F11k3rkxmrc!19sChIJix5plAnnaC4R1pTWe4aLWeU?authuser=0&hl=id&rclk=1,,
kost dekat ITB Ganesha,Tamansari,ITB Ganesha,Sarens Kost,"Jl. Tamansari No.43c/56 RT05, RW.07, Lb. Siliwangi, Kecamatan Coblong, Kota Bandung, Jawa Barat 40132",,0812-2265-9222,,https://www.google.com/maps/place/Sarens+Kost/data=!4m7!3m6!1s0x2e68e7aefaaecefd:0x552151a945a89805!8m2!3d-6.8943201!4d107.607682!16s%2Fg%2F11v0p5tjwv!19sChIJ_c6u-q7naC4RBZioRalRIVU?authuser=0&hl=id&rclk=1,,
kost dekat ITB Ganesha,Cisitu,ITB Ganesha,Rumah kost muslimah,"Jl. Cisitu Lama X No.6, Dago, Kecamatan Coblong, Kota Bandung, Jawa Barat 40135",,0896-7153-0324,,https://www.google.com/maps/place/Rumah+kost+muslimah/data=!4m7!3m6!1s0x2e68e738442b5eb7:0x6b4e51aa6b24e1ae!8m2!3d-6.8801622!4d107.6140501!16s%2Fg%2F11tdnw4z0l!19sChIJt14rRDjnaC4RruEka6pRTms?authuser=0&hl=id&rclk=1,,
kos Cisitu Bandung,Cisitu,ITB Ganesha / UNPAD Dipatiukur / UNIKOM,Hejo House Dago Homestay,"Jl. Cisitu Indah 4 No.28, Dago, Kecamatan Coblong, Kota Bandung, Jawa Barat 40135",,0813-2244-4813,,https://www.google.com/maps/place/Hejo+House+Dago+Homestay/data=!4m7!3m6!1s0x2e68e7f2bcbbb58b:0x5f7a89622f48b32d!8m2!3d-6.8763277!4d107.6135651!16s%2Fg%2F11t_kv2fxw!19sChIJi7W7vPLnaC4RLbNIL2KJel8?authuser=0&hl=id&rclk=1,,
kos Cisitu Bandung,Cisitu,ITB Ganesha / UNPAD Dipatiukur / UNIKOM,"Kost Griya Cisitu Indah Blok A, khusus muslimah","Jl. Cisitu Indah 2 No.15, Dago, Kecamatan Coblong, Kota Bandung, Jawa Barat 40135",,0812-2138-475,,"https://www.google.com/maps/place/Kost+Griya+Cisitu+Indah+Blok+A,+khusus+muslimah/data=!4m7!3m6!1s0x2e68e75c5d82eb2d:0xff0435a7423b8632!8m2!3d-6.8765711!4d107.6119889!16s%2Fg%2F11s5ghzs_g!19sChIJLeuCXVznaC4RMoY7Qqc1BP8?authuser=0&hl=id&rclk=1",,
kos Cisitu Bandung,Cisitu,ITB Ganesha / UNPAD Dipatiukur / UNIKOM,Kost Biru,"Jl. Cisitu Lama No.30 160C, Dago, Kecamatan Coblong, Kota Bandung, Jawa Barat 40135",,0831-1641-6485,,https://www.google.com/maps/place/Kost+Biru/data=!4m7!3m6!1s0x2e68e73bfd79caff:0x5c2ec48be751167b!8m2!3d-6.8786805!4d107.6111165!16s%2Fg%2F11s5z8y0zq!19sChIJ_8p5_TvnaC4RexZR54vELlw?authuser=0&hl=id&rclk=1,,
kost dekat ITB Ganesha,Cisitu,ITB Ganesha,Kost Putri Dekat Asrama ITB,"Jl. Cisitu Lama IX No.25, Dago, Kecamatan Coblong, Kota Bandung, Jawa Barat 40135",,0818-131-273,,https://www.google.com/maps/place/Kost+Putri+Dekat+Asrama+ITB/data=!4m7!3m6!1s0x2e68e7237e340deb:0x7ad3c24f6f85b424!8m2!3d-6.8809841!4d107.6136166!16s%2Fg%2F11fqwpty50!19sChIJ6w00fiPnaC4RJLSFb0_C03o?authuser=0&hl=id&rclk=1,,
kos Cisitu Bandung,Cisitu,ITB Ganesha / UNPAD Dipatiukur / UNIKOM,Kos Seroja,"Jln. Cisitu Lama XI No. 9 Rt/Rw: 007/010 Kel: Dago Kec: Coblong, Bandung, Dago, Kecamatan Coblong, Kota Bandung, Jawa Barat 40135",,0822-2621-9222,,https://www.google.com/maps/place/Kos+Seroja/data=!4m7!3m6!1s0x2e68e6fb7611b197:0x93f6c9c10c25a7aa!8m2!3d-6.8792248!4d107.614549!16s%2Fg%2F11cnc9zjlr!19sChIJl7ERdvvmaC4RqqclDMHJ9pM?authuser=0&hl=id&rclk=1,,
kost dekat ITB Ganesha,Cisitu,ITB Ganesha,Kost Putri H. Dedy Cililin 101/154C,"Jl. Cisitu Lama No.101 154c, Dago, Kecamatan Coblong, Kota Bandung, Jawa Barat 40135",,0831-3703-3253,,https://www.google.com/maps/place/Kost+Putri+H.+Dedy+Cililin+101%2F154C/data=!4m7!3m6!1s0x2e68e7de17b3f323:0x90309032e8d67641!8m2!3d-6.8827217!4d107.6126216!16s%2Fg%2F11ft631jx6!19sChIJI_OzF97naC4RQXbW6DKQMJA?authuser=0&hl=id&rclk=1,,
kos Cisitu Bandung,Cisitu,ITB Ganesha / UNPAD Dipatiukur / UNIKOM,Kost The Loft,"Jl. Cisitu Baru No.60b, Dago, Kecamatan Coblong, Kota Bandung, Jawa Barat 40135",,0811-8472-268,,https://www.google.com/maps/place/Kost+The+Loft/data=!4m7!3m6!1s0x2e68e6f90aacb597:0x5a354d63e9b0ba58!8m2!3d-6.8831712!4d107.6127671!16s%2Fg%2F11bwfm798t!19sChIJl7WsCvnmaC4RWLqw6WNNNVo?authuser=0&hl=id&rclk=1,,
kost dekat ITB Ganesha,Tamansari,ITB Ganesha,Kos Putri Ganesha,"Jl. Pelesiran, Tamansari, Kec. Bandung Wetan, Kota Bandung, Jawa Barat 40116",,0856-9118-4267,,https://www.google.com/maps/place/Kos+Putri+Ganesha/data=!4m7!3m6!1s0x2e68e65ae40bee43:0x22660a5e85f7ef5!8m2!3d-6.8958031!4d107.6071706!16s%2Fg%2F11gc9v_w_1!19sChIJQ-4L5FrmaC4R9X5f6KVgJgI?authuser=0&hl=id&rclk=1,,
kos Cisitu Bandung,Cisitu,ITB Ganesha / UNPAD Dipatiukur / UNIKOM,Kost Griya Cisitu Dago,"NO WA O&I685OO7O, Jl. Cisitu Indah 2 No.14, Dago, Kecamatan Coblong, Kota Bandung, Jawa Barat 40135",,0813-1178-4278,,https://www.google.com/maps/place/Kost+Griya+Cisitu+Dago/data=!4m7!3m6!1s0x2e68e7d68bd294e3:0xb140cbb36480840c!8m2!3d-6.8763647!4d107.6119074!16s%2Fg%2F11h_5xyft4!19sChIJ45TSi9bnaC4RDISAZLPLQLE?authuser=0&hl=id&rclk=1,,
kost dekat ITB Ganesha,Kanayakan,ITB Ganesha,Kost Putri KANABATIGA (Gerbang Warna Kuning),"Jl. Kanayakan Bawah No.3, Dago, Kecamatan Coblong, Kota Bandung, Jawa Barat 40135",,0853-7757-8940,,https://www.google.com/maps/place/Kost+Putri+KANABATIGA+%28Gerbang+Warna+Kuning%29/data=!4m7!3m6!1s0x2e68e6fd98358a8f:0x2593055ef7d63a2a!8m2!3d-6.8794743!4d107.6202542!16s%2Fg%2F11g6bmdz3f!19sChIJj4o1mP3maC4RKjrW914FkyU?authuser=0&hl=id&rclk=1,,
kost dekat ITB Ganesha,Sekeloa,ITB Ganesha,Kost Bu Gita,"Haur mekar E 11 Coblong Kota Bandung Jawa Bandung, Sekeloa, Kecamatan Coblong, Kota Bandung, Jawa Barat 40133",,0878-2973-0269,,https://www.google.com/maps/place/Kost+Bu+Gita/data=!4m7!3m6!1s0x2e68e6535df24997:0xe358c4e89efa31b7!8m2!3d-6.8923709!4d107.620059!16s%2Fg%2F11hdb0y79m!19sChIJl0nyXVPmaC4RtzH6nujEWOM?authuser=0&hl=id&rclk=1,,
kos Cisitu Bandung,Cisitu,ITB Ganesha / UNPAD Dipatiukur / UNIKOM,PTS Kost Bandung,"Jl. Cisitu Indah VII No.17, Dago, Kecamatan Coblong, Kota Bandung, Jawa Barat 40135",,0812-9280-7055,,https://www.google.com/maps/place/PTS+Kost+Bandung/data=!4m7!3m6!1s0x2e68e74c8712d839:0xaee64b878bc9f155!8m2!3d-6.8747911!4d107.6144972!16s%2Fg%2F11v5b9xk52!19sChIJOdgSh0znaC4RVfHJi4dL5q4?authuser=0&hl=id&rclk=1,,
kos Cisitu Bandung,Cisitu,ITB Ganesha / UNPAD Dipatiukur / UNIKOM,Kost Bu Neni Cisitu,"Jl. Cisitu Lama No.24 160b, Dago, Kecamatan Coblong, Kota Bandung, Jawa Barat 40135",,0852-2253-7234,,https://www.google.com/maps/place/Kost+Bu+Neni+Cisitu/data=!4m7!3m6!1s0x2e68e74e3aa0ab89:0x7ecebf3da0d66cc2!8m2!3d-6.8796034!4d107.6106545!16s%2Fg%2F11ssq8xgvd!19sChIJiaugOk7naC4RwmzWoD2_zn4?authuser=0&hl=id&rclk=1,,
kost dekat ITB Ganesha,Sangkuriang,ITB Ganesha,Sangkuriang Home Stay,"Jl. Sangkuriang No.11, Dago, Kecamatan Coblong, Kota Bandung, Jawa Barat 40135",,0859-1102-44929,,https://www.google.com/maps/place/Sangkuriang+Home+Stay/data=!4m7!3m6!1s0x2e68e6f9e3e8179d:0x440780e59f01504c!8m2!3d-6.883037!4d107.610675!16s%2Fg%2F1pzvrmkp5!19sChIJnRfo4_nmaC4RTFABn-WAB0Q?authuser=0&hl=id&rclk=1,,
kos Sadang Serang Bandung,Sadang Serang,ITB Ganesha / UNPAD Dipatiukur / UNIKOM,Kost Teh Lay,"4J3G+R4R, Jl. Gagak, Kp. Senanggalih, Sadang Serang, Kecamatan Coblong, Kota Bandung, Jawa Barat 40133",,0813-1260-4625,,https://www.google.com/maps/place/Kost+Teh+Lay/data=!4m7!3m6!1s0x2e68e74ea2a27617:0x2422e30dfd179dd9!8m2!3d-6.8953928!4d107.625277!16s%2Fg%2F11h40x7xj7!19sChIJF3aiok7naC4R2Z0X_Q3jIiQ?authuser=0&hl=id&rclk=1,,
kos Sadang Serang Bandung,Sadang Serang,ITB Ganesha / UNPAD Dipatiukur / UNIKOM,Kostan Imah Uyut,"Jl. Gelatik Dalam No.36 151A, RT.1/RW.4, Sadang Serang, Kecamatan Coblong, Kota Bandung, Jawa Barat 40133",,0857-2131-6611,,https://www.google.com/maps/place/Kostan+Imah+Uyut/data=!4m7!3m6!1s0x2e68e75ceb62e693:0x7691ccac46a93976!8m2!3d-6.8951261!4d107.6218963!16s%2Fg%2F11tdl4017x!19sChIJk-Zi61znaC4RdjmpRqzMkXY?authuser=0&hl=id&rclk=1,,
kos Sadang Serang Bandung,Sekeloa,ITB Ganesha / UNPAD Dipatiukur / UNIKOM,Paviliun Ikhwan (Khusus Muslim),"Jl. Sadang Serang No.19, Sekeloa, Kecamatan Coblong, Kota Bandung, Jawa Barat 40134",,0813-2187-3330,,https://www.google.com/maps/place/Paviliun+Ikhwan+%28Khusus+Muslim%29/data=!4m7!3m6!1s0x2e68e7aaf64954cb:0xec0d628ffd8dba8a!8m2!3d-6.8880294!4d107.6245874!16s%2Fg%2F11g8wg_bgq!19sChIJy1RJ9qrnaC4RirqN_Y9iDew?authuser=0&hl=id&rclk=1,,
kos Sadang Serang Bandung,Sadang Serang,ITB Ganesha / UNPAD Dipatiukur / UNIKOM,Kost Nolla,"4J4G+GCM, Jl. Masjid An'nur No.102, RT.04/RW.19, Sadang Serang, Kecamatan Coblong, Kota Bandung, Jawa Barat 40133",,0896-7878-5769,,https://www.google.com/maps/place/Kost+Nolla/data=!4m7!3m6!1s0x2e68e78811db0f01:0x77dbcda3592a6f4a!8m2!3d-6.8934094!4d107.6260286!16s%2Fg%2F11gyxjdvv2!19sChIJAQ_bEYjnaC4RSm8qWaPN23c?authuser=0&hl=id&rclk=1,,
kos Sadang Serang Bandung,Sekeloa,ITB Ganesha / UNPAD Dipatiukur / UNIKOM,Mocca House (kost putri),"Jl. Sadang Serang No.14, Sekeloa, Kecamatan Coblong, Kota Bandung, Jawa Barat 40133",,,https://mamikos.com/room/kost-kota-bandung-kost-putri-eksklusif-kost-mocca-house-tipe-a-coblong-bandung,https://www.google.com/maps/place/Mocca+House+%28kost+putri%29/data=!4m7!3m6!1s0x2e68e7ab8d06cd69:0x39425d0a12a2593b!8m2!3d-6.8911024!4d107.625868!16s%2Fg%2F11c534gbgb!19sChIJac0GjavnaC4RO1miEgpdQjk?authuser=0&hl=id&rclk=1,,
kos Sadang Serang Bandung,Sadang Serang,ITB Ganesha / UNPAD Dipatiukur / UNIKOM,Kost Ibu Solihin,"Jl. Haurmekar No.E9, Sadang Serang, Kecamatan Coblong, Kota Bandung, Jawa Barat 40133",,(022) 2507749,,https://www.google.com/maps/place/Kost+Ibu+Solihin/data=!4m7!3m6!1s0x2e68e65368121915:0xd7a5e265577b0885!8m2!3d-6.8925146!4d107.6199652!16s%2Fg%2F11b7c0yb6g!19sChIJFRkSaFPmaC4RhQh7V2Xipdc?authuser=0&hl=id&rclk=1,,
kos Cisitu Bandung,Cisitu,ITB Ganesha / UNPAD Dipatiukur / UNIKOM,Kost Kostan Ibu Lies Cisitu,"Jl. Cisitu Lama No.1 160C, Dago, Coblong, Bandung City, West Java 40135",,(022) 2510306,,https://www.google.com/maps/place/Kost+Kostan+Ibu+Lies+Cisitu/data=!4m7!3m6!1s0x2e68e71295954343:0xf10331f4ff746e78!8m2!3d-6.8792233!4d107.610964!16s%2Fg%2F11p10hvdcb!19sChIJQ0OVlRLnaC4ReG50__QxA_E?authuser=0&hl=id&rclk=1,,
kos Cisitu Bandung,Cisitu,ITB Ganesha / UNPAD Dipatiukur / UNIKOM,Kost Cisitu Dago H. Endjang,"Jl. Cisitu Lama 1 No 112B/154C, RT.08/RW.11, Dago, Kecamatan Coblong, Kota Bandung, Jawa Barat 40135",,0857-2202-9280,,https://www.google.com/maps/place/Kost+Cisitu+Dago+H.+Endjang/data=!4m7!3m6!1s0x2e68e7c7295878bd:0xbc696fc36d386922!8m2!3d-6.8820603!4d107.6133712!16s%2Fg%2F11st857mmz!19sChIJvXhYKcfnaC4RImk4bcNvabw?authuser=0&hl=id&rclk=1,,
kos Sadang Serang Bandung,Sadang Serang,ITB Ganesha / UNPAD Dipatiukur / UNIKOM,Kos ibu atikah,"4J5H+HVX, Jl. Cikondang, Sadang Serang, Kecamatan Coblong, Kota Bandung, Jawa Barat 40133",,0877-8168-6460,,https://www.google.com/maps/place/Kos+ibu+atikah/data=!4m7!3m6!1s0x2e68e70961d473ab:0x682943710cdac899!8m2!3d-6.8910248!4d107.6297284!16s%2Fg%2F11k45tgg_9!19sChIJq3PUYQnnaC4RmcjaDHFDKWg?authuser=0&hl=id&rclk=1,,
kos Sadang Serang Bandung,Sadang Serang,ITB Ganesha / UNPAD Dipatiukur / UNIKOM,Kost Tilil 3,"Jl. Tilil No.3, Sadang Serang, Kecamatan Coblong, Kota Bandung, Jawa Barat 40133",,0821-2600-3665,,https://www.google.com/maps/place/Kost+Tilil+3/data=!4m7!3m6!1s0x2e68e7fe0168823d:0x4ae0886570f61bec!8m2!3d-6.897827!4d107.6234635!16s%2Fg%2F11qn4y_gwc!19sChIJPYJoAf7naC4R7Bv2cGWI4Eo?authuser=0&hl=id&rclk=1,,
kos Sadang Serang Bandung,Sadang Serang,ITB Ganesha / UNPAD Dipatiukur / UNIKOM,Kost FIRA PREMIUM 3,"Jl. Ciung No.12, Sadang Serang, Kecamatan Coblong, Kota Bandung, Jawa Barat 40135",,0811-225-690,,https://www.google.com/maps/place/Kost+FIRA+PREMIUM+3/data=!4m7!3m6!1s0x2e68e771256ef205:0x2de62cc7ab49851f!8m2!3d-6.8977164!4d107.6211996!16s%2Fg%2F11yd2kzfp5!19sChIJBfJuJXHnaC4RH4VJq8cs5i0?authuser=0&hl=id&rclk=1,,
kos Sadang Serang Bandung,Sadang Serang,ITB Ganesha / UNPAD Dipatiukur / UNIKOM,Kos Damai 2,"Jl. Sadang Saip No.17B, Sadang Serang, Kecamatan Coblong, Kota Bandung, Jawa Barat 40133",,0896-9900-0251,,https://www.google.com/maps/place/Kos+Damai+2/data=!4m7!3m6!1s0x2e68e7464e9c67d5:0x29f4f3448ae103d7!8m2!3d-6.8958728!4d107.6245233!16s%2Fg%2F11f7r6tv19!19sChIJ1WecTkbnaC4R1wPhikTz9Ck?authuser=0&hl=id&rclk=1,,
kos Sadang Serang Bandung,Sadang Serang,ITB Ganesha / UNPAD Dipatiukur / UNIKOM,Ciung No 9,"Ciung No 9, Kelurahan Sadang Serang Kecamatan Coblong, Sadang Serang, Bandung, Kota Bandung, Jawa Barat 40133",,0811-9102-129,,https://www.google.com/maps/place/Ciung+No+9/data=!4m10!3m9!1s0x2e68e64d51da5ec9:0xea484411960aa0da!5m2!4m1!1i2!8m2!3d-6.8974439!4d107.6210397!16s%2Fg%2F11g190lwvt!19sChIJyV7aUU3maC4R2qAKlhFESOo?authuser=0&hl=id&rclk=1,,
kos Sadang Serang Bandung,Sadang Serang,ITB Ganesha / UNPAD Dipatiukur / UNIKOM,Kos Pria Tikukur 31,"4J3F+23C, Jl. Tikukur No.31, Sadang Serang, Kecamatan Coblong, Kota Bandung, Jawa Barat 40133",,0812-1450-564,,https://www.google.com/maps/place/Kos+Pria+Tikukur+31/data=!4m7!3m6!1s0x2e68e7003cfc3f31:0x609e43aef2ab5f40!8m2!3d-6.8974721!4d107.6226493!16s%2Fg%2F11x7wll98r!19sChIJMT_8PADnaC4RQF-r8q5DnmA?authuser=0&hl=id&rclk=1,,
kos Cisitu Bandung,Cisitu,ITB Ganesha / UNPAD Dipatiukur / UNIKOM,Kosan Palm Valley,"Jl. Cisitu Lama XI No.15, Dago, Kecamatan Coblong, Kota Bandung, Jawa Barat 40135",,0877-4354-8424,,https://www.google.com/maps/place/Kosan+Palm+Valley/data=!4m7!3m6!1s0x2e68e6fb9c7343ad:0x24e0bcc83d33a021!8m2!3d-6.8795222!4d107.6147469!16s%2Fg%2F11hcfh1p_0!19sChIJrUNznPvmaC4RIaAzPci84CQ?authuser=0&hl=id&rclk=1,,
kos Cisitu Bandung,Cisitu,ITB Ganesha / UNPAD Dipatiukur / UNIKOM,Kost 18 Cisitu,"Jl. Cisitu Lama No.18 160C, Dago, Kecamatan Coblong, Kota Bandung, Jawa Barat 40135",,0813-1911-5393,,https://www.google.com/maps/place/Kost+18+Cisitu/data=!4m7!3m6!1s0x2e68e7f25a304587:0x5eee92ee2edcba3f!8m2!3d-6.8820303!4d107.611891!16s%2Fg%2F11l1y4vhj6!19sChIJh0UwWvLnaC4RP7rcLu6S7l4?authuser=0&hl=id&rclk=1,,
kos Sadang Serang Bandung,Sadang Serang,ITB Ganesha / UNPAD Dipatiukur / UNIKOM,Kost Bu Lina,"4J3F+9GH, Sadang Serang, Kecamatan Coblong, Kota Bandung, Jawa Barat 40133",,0838-2306-5900,,https://www.google.com/maps/place/Kost+Bu+Lina/data=!4m7!3m6!1s0x2e68e7e15de6bfd9:0xfe831c27be755300!8m2!3d-6.8965541!4d107.6238738!16s%2Fg%2F11kql5lxzp!19sChIJ2b_mXeHnaC4RAFN1viccg_4?authuser=0&hl=id&rclk=1,,
kos Cisitu Bandung,Cisitu,ITB Ganesha / UNPAD Dipatiukur / UNIKOM,Stay in Blue (Kost Biru),"Jl. Cisitu Lama No.29c, Dago, Kecamatan Coblong, Kota Bandung, Jawa Barat 40135",,0812-2270-5947,,https://www.google.com/maps/place/Stay+in+Blue+%28Kost+Biru%29/data=!4m7!3m6!1s0x2e68e76e3154aab9:0xd1200edecfe85833!8m2!3d-6.8785359!4d107.6111463!16s%2Fg%2F11zgmchrg5!19sChIJuapUMW7naC4RM1joz94OINE?authuser=0&hl=id&rclk=1,,
kost dekat ITB Ganesha,Sekeloa,ITB Ganesha,Sekeloa Timur,"Jl. Sekeloa Timur Jl. Dipati Ukur No.49, RT.002/RW.003, Kel. Coblong, Kecamatan Coblong, Kota Bandung, Jawa Barat 40134",,0821-6587-2163,,https://www.google.com/maps/place/Sekeloa+Timur/data=!4m7!3m6!1s0x2e68e7a6b41b4453:0x9ed01f68848a3681!8m2!3d-6.8895204!4d107.6211907!16s%2Fg%2F11s5dpqm1p!19sChIJU0QbtKbnaC4RgTaKhGgf0J4?authuser=0&hl=id&rclk=1,,
kost dekat ITB Ganesha,Dago / Dipatiukur,ITB Ganesha,Kost Muslimah Jhovy,"Jl. Bangbayang No.27D, Dago, Kecamatan Coblong, Kota Bandung, Jawa Barat 40135",,0818-0702-0735,,https://www.google.com/maps/place/Kost+Muslimah+Jhovy/data=!4m7!3m6!1s0x2e68e78e8fd2562f:0x85113b875dd3983f!8m2!3d-6.8798749!4d107.6181817!16s%2Fg%2F11nx1v74jp!19sChIJL1bSj47naC4RP5jTXYc7EYU?authuser=0&hl=id&rclk=1,,
kos Sadang Serang Bandung,Sadang Serang,ITB Ganesha / UNPAD Dipatiukur / UNIKOM,Kost Bukit Reuma No 34,"Gg. Bukit Reuma II No.34, Sadang Serang, Kecamatan Coblong, Kota Bandung, Jawa Barat 40133",,0856-9388-4153,,https://www.google.com/maps/place/Kost+Bukit+Reuma+No+34/data=!4m7!3m6!1s0x2e68e7023147f35d:0x3c1ae31e0c21a488!8m2!3d-6.8919161!4d107.6282918!16s%2Fg%2F11tf5l_7tq!19sChIJXfNHMQLnaC4RiKQhDB7jGjw?authuser=0&hl=id&rclk=1,,
kos Sadang Serang Bandung,Sadang Serang,ITB Ganesha / UNPAD Dipatiukur / UNIKOM,Difan kos,"Jl. Sadang Saip No.40, Sadang Serang, Kecamatan Coblong, Kota Bandung, Jawa Barat 40133",,0877-6060-2666,,https://www.google.com/maps/place/Difan+kos/data=!4m7!3m6!1s0x2e68e73c04df90d1:0x2f4665bfbc55e295!8m2!3d-6.8947089!4d107.624134!16s%2Fg%2F11njljgsqz!19sChIJ0ZDfBDznaC4RleJVvL9lRi8?authuser=0&hl=id&rclk=1,,
kost dekat ITB Ganesha,Sukajadi / Pasteur,ITB Ganesha,Kost Favorite (0838-3190-0015),"Jl. Prof. drg. Soeria Soemantri No.63A, Sukawarna, Kec. Sukajadi, Kota Bandung, Jawa Barat 40164",,0878-2147-7828,,https://www.google.com/maps/place/Kost+Favorite+%280838-3190-0015%29/data=!4m7!3m6!1s0x2e68e6873cb86291:0xe333aefd15fc722c!8m2!3d-6.8862203!4d107.5812121!16s%2Fg%2F11c4b3bzfd!19sChIJkWK4PIfmaC4RLHL8Ff2uM-M?authuser=0&hl=id&rclk=1,,
kos Sadang Serang Bandung,Sadang Serang,ITB Ganesha / UNPAD Dipatiukur / UNIKOM,Kost Hj. Dudu,"Gg. 3 No.4, Sadang Serang, Kecamatan Coblong, Kota Bandung, Jawa Barat 40133",,0822-4685-0712,,https://www.google.com/maps/place/Kost+Hj.+Dudu/data=!4m7!3m6!1s0x2e68e73448b12915:0x118eba2620d2e172!8m2!3d-6.8946254!4d107.6196703!16s%2Fg%2F11mg09j0xn!19sChIJFSmxSDTnaC4RcuHSICa6jhE?authuser=0&hl=id&rclk=1,,
kost dekat ITB Ganesha,Bandung (Lainnya),ITB Ganesha,Kos Putri MY9,"Jl. Maulana Yusuf No.9, Citarum, Kec. Bandung Wetan, Kota Bandung, Jawa Barat 40115",,0813-2028-5528,,https://www.google.com/maps/place/Kos+Putri+MY9/data=!4m7!3m6!1s0x2e68e64edca4fd2d:0x2522a91354c27c69!8m2!3d-6.9016887!4d107.6133119!16s%2Fg%2F11c30qz6nq!19sChIJLf2k3E7maC4RaXzCVBOpIiU?authuser=0&hl=id&rclk=1,,
kos Sadang Serang Bandung,Sadang Serang,ITB Ganesha / UNPAD Dipatiukur / UNIKOM,KOST AGRA TITIRAN,"Jl. Titiran No.28, Sadang Serang, Kecamatan Coblong, Kota Bandung, Jawa Barat 40133",,,https://resortid.click/kost-agra-titiran-z1efyk,https://www.google.com/maps/place/KOST+AGRA+TITIRAN/data=!4m7!3m6!1s0x2e68e7b985177a9d:0x39c0ad965499616b!8m2!3d-6.895407!4d107.6196611!16s%2Fg%2F11nmt3wnw7!19sChIJnXoXhbnnaC4Ra2GZVJatwDk?authuser=0&hl=id&rclk=1,,
kos Sadang Serang Bandung,Sadang Serang,ITB Ganesha / UNPAD Dipatiukur / UNIKOM,KOS PINK COBLONG,"No.1 - D, Jl. Haur Pancuh, Sadang Serang, Kecamatan Coblong, Kota Bandung, Jawa Barat 40133",,0822-2000-3429,,https://www.google.com/maps/place/KOS+PINK+COBLONG/data=!4m7!3m6!1s0x2e68e7924109ed17:0x55b1a5227ee78d64!8m2!3d-6.8941386!4d107.6190574!16s%2Fg%2F11ydswx92g!19sChIJF-0JQZLnaC4RZI3nfiKlsVU?authuser=0&hl=id&rclk=1,,
kost dekat ITB Ganesha,Dago / Dipatiukur,ITB Ganesha,Kost putri maya dago,"Jl. Dago No.296, Dago, Kecamatan Coblong, Kota Bandung, Jawa Barat 40135",,0896-4635-2311,,https://www.google.com/maps/place/Kost+putri+maya+dago/data=!4m7!3m6!1s0x2e68e7189959b933:0x6e8038d2b8e1aa99!8m2!3d-6.8800914!4d107.6169258!16s%2Fg%2F11fr3mxdfg!19sChIJM7lZmRjnaC4RmarhuNI4gG4?authuser=0&hl=id&rclk=1,,
kos Sadang Serang Bandung,Sadang Serang,ITB Ganesha / UNPAD Dipatiukur / UNIKOM,Kosan Asyakur,"Jl. Pasirkaliki reuma no. 19, RT.08/RW.19, Sadang Serang, Kecamatan Coblong, Kota Bandung, Jawa Barat 40133",,0822-1739-6966,,https://www.google.com/maps/place/Kosan+Asyakur/data=!4m7!3m6!1s0x2e68e70036a2552d:0x43686c780c0817c6!8m2!3d-6.8913295!4d107.6275827!16s%2Fg%2F11ym_j_wtz!19sChIJLVWiNgDnaC4RxhcIDHhsaEM?authuser=0&hl=id&rclk=1,,
kost dekat ITB Ganesha,Dago / Dipatiukur,ITB Ganesha,Kost Putri Dago,"Jl. Ir. H. Juanda No.291, Dago, Kecamatan Coblong, Kota Bandung, Jawa Barat 40135",,0856-2400-0208,,https://www.google.com/maps/place/Kost+Putri+Dago/data=!4m7!3m6!1s0x2e68e6fc95d0142d:0xa352f5cee1b6723!8m2!3d-6.8778636!4d107.6167962!16s%2Fg%2F11f4pnwmnq!19sChIJLRTQlfzmaC4RI2cb7lwvNQo?authuser=0&hl=id&rclk=1,,
kost dekat ITB Ganesha,Bandung (Lainnya),ITB Ganesha,Kos Ganesha,"3HXW+6MR, Pamoyanan, Kec. Cicendo, Kota Bandung, Jawa Barat 40173",,0822-1878-3982,,https://www.google.com/maps/place/Kos+Ganesha/data=!4m7!3m6!1s0x2e68e7006d62dbef:0xd2df78c4f80c620c!8m2!3d-6.9019267!4d107.5967905!16s%2Fg%2F11w_nb8sv2!19sChIJ79tibQDnaC4RDGIM-MR439I?authuser=0&hl=id&rclk=1,,
kost dekat ITB Ganesha,Dago / Dipatiukur,ITB Ganesha,Kostan Putera.,"Jalan Ir. H. Juanda Gang, Jl. Babakan Muncang Kidul No.28, Dago, Kecamatan Coblong, Kota Bandung, Jawa Barat 40135",,0813-2175-3097,,https://www.google.com/maps/place/Kostan+Putera./data=!4m7!3m6!1s0x2e68e6fb88aa30c1:0x337bd592bf298467!8m2!3d-6.8797549!4d107.6154879!16s%2Fg%2F11cjp6l1t6!19sChIJwTCqiPvmaC4RZ4Qpv5LVezM?authuser=0&hl=id&rclk=1,,
kos Sadang Serang Bandung,Sadang Serang,ITB Ganesha / UNPAD Dipatiukur / UNIKOM,PONDOK RIDHANTI,"Jl. Puyuh Dalam No.81, Sadang Serang, Kecamatan Coblong, Kota Bandung, Jawa Barat 40133",,0822-1833-9554,,https://www.google.com/maps/place/PONDOK+RIDHANTI/data=!4m7!3m6!1s0x2e68e727b92d3d6b:0x7eaa3d4645555738!8m2!3d-6.8962223!4d107.6237806!16s%2Fg%2F11h4ydnd4n!19sChIJaz0tuSfnaC4ROFdVRUY9qn4?authuser=0&hl=id&rclk=1,,
kos Cisitu Bandung,Cisitu,ITB Ganesha / UNPAD Dipatiukur / UNIKOM,Kos Pak Suherwan,"Gg. Cisitu Lama VII No.31/154b, Dago, Kecamatan Coblong, Kota Bandung, Jawa Barat 40135",,0812-7451-6666,,https://www.google.com/maps/place/Kos+Pak+Suherwan/data=!4m7!3m6!1s0x2e68e6fbb25dd091:0x56eb1841f357cafb!8m2!3d-6.879931!4d107.612864!16s%2Fg%2F11f10dn2nh!19sChIJkdBdsvvmaC4R-8pX80EY61Y?authuser=0&hl=id&rclk=1,,
kos Cisitu Bandung,Cisitu,ITB Ganesha / UNPAD Dipatiukur / UNIKOM,KOST CISITU NUNENASZ,"Jl. Cisitu Lama No.19a/160c, Dago, Kecamatan Coblong, Kota Bandung, Jawa Barat 40135",,0812-1451-8008,,https://www.google.com/maps/place/KOST+CISITU+NUNENASZ/data=!4m7!3m6!1s0x2e68e70960e9eb47:0x3280669bbb589244!8m2!3d-6.8777447!4d107.6116002!16s%2Fg%2F11y79hh2h1!19sChIJR-vpYAnnaC4RRJJYu5tmgDI?authuser=0&hl=id&rclk=1,,
kos Cisitu Bandung,Cisitu,ITB Ganesha / UNPAD Dipatiukur / UNIKOM,"Kost CST-9 Dago, Bandung","Jl. Cisitu Indah Baru No.9, Dago, Kecamatan Coblong, Kota Bandung, Jawa Barat 40135",,0858-6000-5928,,"https://www.google.com/maps/place/Kost+CST-9+Dago,+Bandung/data=!4m7!3m6!1s0x2e68e6fadc6c2e37:0x39947eeabf2b0548!8m2!3d-6.8776238!4d107.6122231!16s%2Fg%2F11c0w4ry42!19sChIJNy5s3PrmaC4RSAUrv-p-lDk?authuser=0&hl=id&rclk=1",,
kos Sadang Serang Bandung,Sadang Serang,ITB Ganesha / UNPAD Dipatiukur / UNIKOM,Kost Putra Burger 9,"Jl. Burung Gereja No.9, Sadang Serang, Kecamatan Coblong, Kota Bandung, Jawa Barat 40133",,0838-1771-9633,,https://www.google.com/maps/place/Kost+Putra+Burger+9/data=!4m7!3m6!1s0x2e68e7c179f49b79:0x87b699c785436a95!8m2!3d-6.8963289!4d107.6204413!16s%2Fg%2F11gvzp5_4f!19sChIJeZv0ecHnaC4RlWpDhceZtoc?authuser=0&hl=id&rclk=1,,
kos Cisitu Bandung,Cisitu,ITB Ganesha / UNPAD Dipatiukur / UNIKOM,Kost Bumi Katineung - Khusus Putri,"Jl. Cisitu Lama No.36/160A, RT.05/RW.12, Dago, Kecamatan Coblong, Kota Bandung, Jawa Barat 40135",,0818-0914-9043,,https://www.google.com/maps/place/Kost+Bumi+Katineung+-+Khusus+Putri/data=!4m7!3m6!1s0x2e68e73d9e668f2f:0x503a509454703b6e!8m2!3d-6.879545!4d107.6102328!16s%2Fg%2F11pc5x86f8!19sChIJL49mnj3naC4RbjtwVJRQOlA?authuser=0&hl=id&rclk=1,,
kos Sadang Serang Bandung,Sadang Serang,ITB Ganesha / UNPAD Dipatiukur / UNIKOM,Kost19 Residence,"Jl. Titiran No.19, Sadang Serang, Kecamatan Coblong, Kota Bandung, Jawa Barat 40133",,0812-2222-2368,,https://www.google.com/maps/place/Kost19+Residence/data=!4m7!3m6!1s0x2e68e7004ce77493:0x6a2d81fb77093f31!8m2!3d-6.8959653!4d107.619713!16s%2Fg%2F11vz760znj!19sChIJk3TnTADnaC4RMT8Jd_uBLWo?authuser=0&hl=id&rclk=1,,
kos Cisitu Bandung,Cisitu,ITB Ganesha / UNPAD Dipatiukur / UNIKOM,Kost Cisitu Indah 2 No. A4,"Jl. Cisitu Indah No.2, Dago, Kecamatan Coblong, Kota Bandung, Jawa Barat 40135",,0852-9500-4413,,https://www.google.com/maps/place/Kost+Cisitu+Indah+2+No.+A4/data=!4m7!3m6!1s0x2e68e7d76c7b0e9d:0x7d05626a24583e4a!8m2!3d-6.8767385!4d107.6134728!16s%2Fg%2F11rsl2w7n0!19sChIJnQ57bNfnaC4RSj5YJGpiBX0?authuser=0&hl=id&rclk=1,,
kos Sekeloa Bandung,Sekeloa,ITB Ganesha / UNPAD Dipatiukur / UNIKOM,"Kosan Sumantri (Sekeloa, Coblong)","Gg. Kubangsari XI Jl. Sekeloa Utara No.29-30, RT.06/RW.06, Sekeloa, Kecamatan Coblong, Kota Bandung, Jawa Barat 40134",,0818-227-404,,"https://www.google.com/maps/place/Kosan+Sumantri+%28Sekeloa,+Coblong%29/data=!4m7!3m6!1s0x2e68e7162fd22589:0x5a2d85c7a09e76ce!8m2!3d-6.8875341!4d107.6181018!16s%2Fg%2F11fwhh8778!19sChIJiSXSLxbnaC4RznaeoMeFLVo?authuser=0&hl=id&rclk=1",,
kos Sadang Serang Bandung,Sadang Serang,ITB Ganesha / UNPAD Dipatiukur / UNIKOM,Kost Pink 169A,"Jl. Titiran Dalam II No.169A, Sadang Serang, Kecamatan Coblong, Kota Bandung, Jawa Barat 40133",,0812-1021-6683,,https://www.google.com/maps/place/Kost+Pink+169A/data=!4m7!3m6!1s0x2e68e761de8f4eab:0xdfae533b272e919c!8m2!3d-6.895144!4d107.6201174!16s%2Fg%2F11s2435jw2!19sChIJq06P3mHnaC4RnJEuJztTrt8?authuser=0&hl=id&rclk=1,,
kos putri dekat UPI,Gegerkalong,UPI Setiabudi,Kosan Abadi,"4HPP+HF5, Jl. Abadi Raya, Gegerkalong, Kec. Sukasari, Kota Bandung, Jawa Barat 40153",,0812-2460-342,,https://www.google.com/maps/place/Kosan+Abadi/data=!4m7!3m6!1s0x2e68e6bcca510ce9:0x41b08b2f7a10b3ab!8m2!3d-6.863617!4d107.586239!16s%2Fg%2F11b6hwsl17!19sChIJ6QxRyrzmaC4Rq7MQei-LsEE?authuser=0&hl=id&rclk=1,,
kos Cisitu Bandung,Cisitu,ITB Ganesha / UNPAD Dipatiukur / UNIKOM,putri kos,"Jl. Cisitu Baru No.Dalam, RW.5",3.7,,,https://www.google.com/maps/search/?api=1&query=putri%20kos&query_place_id=ChIJaTAiqPnmaC4RC_AscghsnK8,,
kos Dago / Dipatiukur Bandung,Dago / Dipatiukur,ITB Ganesha / UNPAD Dipatiukur / UNIKOM,Kos Putri Dago Asri,,4.3,+62 817-5141-184,,https://www.google.com/maps/search/?api=1&query=Kos%20Putri%20Dago%20Asri&query_place_id=ChIJW6NHIt7naC4RPeM238pqaxo,,
kos Dago / Dipatiukur Bandung,Dago / Dipatiukur,ITB Ganesha / UNPAD Dipatiukur / UNIKOM,Kos Putri White House,Jl. Dago Pojok I No.6,5,,,https://www.google.com/maps/search/?api=1&query=Kos%20Putri%20White%20House&query_place_id=ChIJIQUes-PmaC4RPkBeBFLvwZk,,
kos Tubagus Ismail Bandung,Tubagus Ismail,ITB Ganesha / UNPAD Dipatiukur / UNIKOM,INFO-Kost,Jl. Tubagus Ismail,4.5,,,https://www.google.com/maps/search/?api=1&query=INFO-Kost&query_place_id=ChIJQ_iH2v7maC4RH1A70U_lv8A,,
kos murah Bandung,Bandung (Lainnya),Lainnya / Umum,Kost putri tiga saudara,Blok A no 4,4.8,,,https://www.google.com/maps/search/?api=1&query=Kost%20putri%20tiga%20saudara&query_place_id=ChIJZVVsh1bnaC4RF60mBB-Rbpo,,
kos Sangkuriang Bandung,Sangkuriang,ITB Ganesha / UNPAD Dipatiukur / UNIKOM,Techno Kost,"Jl. Sangkuriang Dalam No.44/160A, RT.4/RW.12",4.9,,,https://www.google.com/maps/search/?api=1&query=Techno%20Kost&query_place_id=ChIJbTRcp8jnaC4RMHpVOzBrsOU,,
kost dekat ITB Ganesha,Cisitu,ITB Ganesha,CSI Kost Bandung,"Jl. Cisitu Indah VII No.15, Dago, Kecamatan Coblong, Kota Bandung, Jawa Barat 40135",,0812-9280-7055,,https://www.google.com/maps/place/CSI+Kost+Bandung/data=!4m7!3m6!1s0x2e68e70a77c1fa9d:0xfd77b757e756314d!8m2!3d-6.8748666!4d107.6143671!16s%2Fg%2F11mhxycq3_!19sChIJnfrBdwrnaC4RTTFW51e3d_0?authuser=0&hl=id&rclk=1,,
kos murah Bandung,Bandung (Lainnya),Lainnya / Umum,Kos Putri Griya 33,"Jl. Griya Cempaka Arum Jl. Ali Bin Abi Tholib No.33 Blk G1, RT.03/Rw05",,+62 815-7209-0934,,https://www.google.com/maps/search/?api=1&query=Kos%20Putri%20Griya%2033&query_place_id=ChIJQzSC5EjDaC4RA6c7xUzQvbI,,
kos Tamansari Bandung,Tamansari,ITB Ganesha / UNPAD Dipatiukur / UNIKOM,Kost Ibu Juartini Tamansari 42/56,Jl. Kebun Binatang Jl. Tamansari No.42/56 RT 04/07,3.4,,,https://www.google.com/maps/search/?api=1&query=Kost%20Ibu%20Juartini%20Tamansari%2042%2F56&query_place_id=ChIJ-_fsIxPnaC4RcTCa2kt5Epg,,
kos Dago / Dipatiukur Bandung,Dago / Dipatiukur,ITB Ganesha / UNPAD Dipatiukur / UNIKOM,Kos Putri Imam Bonjol Dago,Jl. Imam Bonjol No.18,4.6,,,https://www.google.com/maps/search/?api=1&query=Kos%20Putri%20Imam%20Bonjol%20Dago&query_place_id=ChIJ60i0b8jnaC4RIT9QZJ5QFo0,,
kos Tamansari Bandung,Tamansari,ITB Ganesha / UNPAD Dipatiukur / UNIKOM,kost Putri ibu Ema,"Jl. Pelesiran, no.120B, Gg. Abahwinata 56, RT.01/RW.06",4.3,,,https://www.google.com/maps/search/?api=1&query=kost%20Putri%20ibu%20Ema&query_place_id=ChIJp7sc8VrmaC4RMEi64Xx_AtM,,
kos Sekeloa Bandung,Sekeloa,ITB Ganesha / UNPAD Dipatiukur / UNIKOM,Kosan Putra Bpk Paino,Jl. Sekeloa Jl. Kubang Sari IV No.7,3.7,,,https://www.google.com/maps/search/?api=1&query=Kosan%20Putra%20Bpk%20Paino&query_place_id=ChIJk91hHQ_naC4RkVJC6wwYVIc,,
kos Cisitu Bandung,Cisitu,ITB Ganesha / UNPAD Dipatiukur / UNIKOM,Rumah Kost 35,Jl. Cisitu Baru No.35,4.5,,,https://www.google.com/maps/search/?api=1&query=Rumah%20Kost%2035&query_place_id=ChIJkfU8kkznaC4RfGjNQWA6xuI,,
kos Cisitu Bandung,Cisitu,ITB Ganesha / UNPAD Dipatiukur / UNIKOM,KOST PUTRI HABIBIE,Gg. Cisitu Lama II No.128,4.9,,,https://www.google.com/maps/search/?api=1&query=KOST%20PUTRI%20HABIBIE&query_place_id=ChIJr6S2rfDnaC4Rlv07EUudeZA,,
kos murah Bandung,Bandung (Lainnya),Lainnya / Umum,Kost Putra Jl. Ciung 5 Bandung,Jl. Ciung No.5,,+62 818-8286-0306,,https://www.google.com/maps/search/?api=1&query=Kost%20Putra%20Jl.%20Ciung%205%20Bandung&query_place_id=ChIJl4wCGwDnaC4Rhzn4CC9bUlI,,
kos murah Bandung,Bandung (Lainnya),Lainnya / Umum,Kost Putri Ciheulang 91,Jl. Ciheulang No.91,5,,,https://www.google.com/maps/search/?api=1&query=Kost%20Putri%20Ciheulang%2091&query_place_id=ChIJy_koXyXnaC4R1u2e5_FwwYY,,
kos Kanayakan Bandung,Kanayakan,ITB Ganesha / UNPAD Dipatiukur / UNIKOM,kost putri,Jl. Kanayakan No.39,5,,,https://www.google.com/maps/search/?api=1&query=kost%20putri&query_place_id=ChIJxZULDXnnaC4RzlP2f5K-JrE,,
kos Tamansari Bandung,Tamansari,ITB Ganesha / UNPAD Dipatiukur / UNIKOM,Kosan Putra Palm Palace,Jl. Pelesiran No.9,5,,,https://www.google.com/maps/search/?api=1&query=Kosan%20Putra%20Palm%20Palace&query_place_id=ChIJmzzWCiXnaC4RLDscFPxxkDw,,
kos Cisitu Bandung,Cisitu,ITB Ganesha / UNPAD Dipatiukur / UNIKOM,Zhafran Kos Putra,Jl. Cisitu Baru No.65,,+62 812-2018-3189,,https://www.google.com/maps/search/?api=1&query=Zhafran%20Kos%20Putra&query_place_id=ChIJcccG4gnnaC4RUVDYN8y8p_I,,
kos Sukajadi / Pasteur Bandung,Sukajadi / Pasteur,Maranatha / ITB Ganesha,Kos Ibu Halimah Terima Kos Putra/Putri Harian/Bulanan,Jl. Sukagalih Jl. Sederhana No.19,3.2,,,https://www.google.com/maps/search/?api=1&query=Kos%20Ibu%20Halimah%20Terima%20Kos%20Putra%2FPutri%20Harian%2FBulanan&query_place_id=ChIJo_N4swvnaC4ReCHBIUGOH8A,,
kos Cisitu Bandung,Cisitu,ITB Ganesha / UNPAD Dipatiukur / UNIKOM,Kost Putra Muslim,"4J96+4PG, Jl. Cisitu Lama",5,,,https://www.google.com/maps/search/?api=1&query=Kost%20Putra%20Muslim&query_place_id=ChIJBUPPbwDnaC4RF7DsPgH3FEI,,
kos Dago / Dipatiukur Bandung,Dago / Dipatiukur,ITB Ganesha / UNPAD Dipatiukur / UNIKOM,KOST PUTRI DagoAsri III H8 (datang langsung),"Komp. Dago Asri 4, Jl. Dago Asri Raya Jl. Dago Asri III No.H-8",4.8,,,https://www.google.com/maps/search/?api=1&query=KOST%20PUTRI%20DagoAsri%20III%20H8%20(datang%20langsung)&query_place_id=ChIJq98efojnaC4RQAAV6sQ4WXU,,
kos murah Bandung,Bandung (Lainnya),Lainnya / Umum,Kos putri C-5 Haurpancuh II,"4J59+3JH, Jl. Haurpancuh",5,,,https://www.google.com/maps/search/?api=1&query=Kos%20putri%20C-5%20Haurpancuh%20II&query_place_id=ChIJcUHN2F7naC4RuFRQDUCj5JE,,
kos Cisitu Bandung,Cisitu,ITB Ganesha,Kost e Akhmadi ITB,Gg. Cisitu Lama IV No.154,4.6,,,https://www.google.com/maps/search/?api=1&query=Kost%20e%20Akhmadi%20ITB&query_place_id=ChIJ-7qlGq7naC4RMQlqTAorQY4,,
kos Gegerkalong / Setiabudi Bandung,Gegerkalong / Setiabudi,UPI Setiabudi / POLBAN,Kost Pa Agus,"Jl. Gegerkalong Girang No.47 G 6, RT.6/RW.3",4.6,,,https://www.google.com/maps/search/?api=1&query=Kost%20Pa%20Agus&query_place_id=ChIJCS_c9Z_naC4Rx8E7_pPBxkU,,
kos murah Bandung,Bandung (Lainnya),Lainnya / Umum,Kost Putri,Jl. Manisi No.45,4.2,,,https://www.google.com/maps/search/?api=1&query=Kost%20Putri&query_place_id=ChIJnaIQZyjDaC4RsXePF6eFwpM,,
kos murah Bandung,Bandung (Lainnya),Lainnya / Umum,kost putri,Jl. Muararajeun Baru No.20,5,,,https://www.google.com/maps/search/?api=1&query=kost%20putri&query_place_id=ChIJXdp7ULbnaC4RVM8euNI-nak,,
kos murah Bandung,Bandung (Lainnya),Lainnya / Umum,Kost putra ciheulang no.89,Jl. Ciheulang No.75E,5,,,https://www.google.com/maps/search/?api=1&query=Kost%20putra%20ciheulang%20no.89&query_place_id=ChIJO3eWQADnaC4Rclk7ecZUzSg,,
kos murah Bandung,Bandung (Lainnya),Lainnya / Umum,Kost putri pak hendi,"3P57+QW2, Jalan Raya",4,,,https://www.google.com/maps/search/?api=1&query=Kost%20putri%20pak%20hendi&query_place_id=ChIJFVdzgdDDaC4R0RjuWRmfj_I,,
kos murah Bandung,Bandung (Lainnya),Lainnya / Umum,KOST PUTRI TENDA BIRU MANISI,"Samping Indomart Manisi, Jl. Manisi No.7a",4.2,,,https://www.google.com/maps/search/?api=1&query=KOST%20PUTRI%20TENDA%20BIRU%20MANISI&query_place_id=ChIJI_1xYinDaC4RQXSrTIzrQS8,,
kos Gegerkalong / Setiabudi Bandung,Gegerkalong / Setiabudi,UPI Setiabudi / POLBAN,Kost Letter U,Jl. Dr. Setiabudi No.165d,4.3,,,https://www.google.com/maps/search/?api=1&query=Kost%20Letter%20U&query_place_id=ChIJ20YgMgHnaC4Rz6gnTKKin8s,,
kos murah Bandung,Bandung (Lainnya),Lainnya / Umum,Kosan Rahima,Jl. Teratai VII No.17,5,,,https://www.google.com/maps/search/?api=1&query=Kosan%20Rahima&query_place_id=ChIJlQaGGwDDaC4RCRhkgdgXpl8,,
kos murah Bandung,Bandung (Lainnya),Lainnya / Umum,Kost Putra Aspirasi,3P55+RM7,5,,,https://www.google.com/maps/search/?api=1&query=Kost%20Putra%20Aspirasi&query_place_id=ChIJg0EqRQDDaC4R0EI0Yz_DCKM,,
kos murah Bandung,Bandung (Lainnya),Lainnya / Umum,Kost Ibu. Diah,"Taman Cipadung Indah Jl. Aditya No.A26a, RT.008/RW.001",4.2,,,https://www.google.com/maps/search/?api=1&query=Kost%20Ibu.%20Diah&query_place_id=ChIJZVlVoMbDaC4RWTocSTiKz7I,,
kos murah Bandung,Bandung (Lainnya),Lainnya / Umum,Kost Putri Teratai,Jl. Teratai IV No.10,5,,,https://www.google.com/maps/search/?api=1&query=Kost%20Putri%20Teratai&query_place_id=ChIJjTqSXw3DaC4RQiAkKj0Qtz4,,
kos murah Bandung,Bandung (Lainnya),Lainnya / Umum,Kost Putra Ciheulang 103,Jl. Ciheulang No.103,5,,,https://www.google.com/maps/search/?api=1&query=Kost%20Putra%20Ciheulang%20103&query_place_id=ChIJM3rsPdTnaC4R6LukjrNefDY,,
kos murah Bandung,Bandung (Lainnya),Lainnya / Umum,KOST PUTRA,4J2F+CJP,5,,,https://www.google.com/maps/search/?api=1&query=KOST%20PUTRA&query_place_id=ChIJ7ZWPZQDnaC4RBOkbnPRSgEM,,
kos murah Bandung,Bandung (Lainnya),Lainnya / Umum,Kos Putri Pondokan Ambu,3P68+2HC,5,,,https://www.google.com/maps/search/?api=1&query=Kos%20Putri%20Pondokan%20Ambu&query_place_id=ChIJ0QacO3XDaC4RD9mxuwbUkl0,,
kos Kanayakan Bandung,Kanayakan,ITB Ganesha / UNPAD Dipatiukur / UNIKOM,Kos Putri Bumi Afiyah,Jl. Kanayakan Dalam No.3,4.1,,,https://www.google.com/maps/search/?api=1&query=Kos%20Putri%20Bumi%20Afiyah&query_place_id=ChIJkYEHnHjnaC4RMf2pK527Scc,,
kos Dago / Dipatiukur Bandung,Dago / Dipatiukur,ITB Ganesha / UNPAD Dipatiukur / UNIKOM,Kosbiru - Kost Putri Dago,Jl. Terusan Bukit Dago Selatan No.7b,4.8,,,https://www.google.com/maps/search/?api=1&query=Kosbiru%20-%20Kost%20Putri%20Dago&query_place_id=ChIJOVt2xePmaC4RWJNxqdEz_zY,,
kos murah Bandung,Bandung (Lainnya),Lainnya / Umum,Rumah Kost Bu Engkay,Jl. Karang Tineung Indah Dalam Gg. Pa Elas No.39E,5,,,https://www.google.com/maps/search/?api=1&query=Rumah%20Kost%20Bu%20Engkay&query_place_id=ChIJ15euHQLnaC4Rene-4v1Yugs,,
kos Cibiru / Panyileukan Bandung,Cibiru / Panyileukan,UIN Sunan Gunung Djati,B Kost Putri Panyileukan,,4.5,+62 819-1050-7372,,https://www.google.com/maps/search/?api=1&query=B%20Kost%20Putri%20Panyileukan&query_place_id=ChIJ7w6DPN_CaC4RKBpj8zq97DQ,,
kos Cisitu Bandung,Cisitu,ITB Ganesha,KOST ANAK ITB PUTRI,"4J96+FWH, Gg. Cisitu Lama III",5,,,https://www.google.com/maps/search/?api=1&query=KOST%20ANAK%20ITB%20PUTRI&query_place_id=ChIJ7y-nkPjnaC4RabJxXGihfBE,,
kos Dago / Dipatiukur Bandung,Dago / Dipatiukur,ITB Ganesha / UNPAD Dipatiukur / UNIKOM,Kost Pondok 9,belakang Jl. Dagopojok No.44,4.9,,,https://www.google.com/maps/search/?api=1&query=Kost%20Pondok%209&query_place_id=ChIJrb2paC_naC4RUhfRQzmQAIM,,
kos Sangkuriang Bandung,Sangkuriang,ITB Ganesha,Asrama Sangkuriang ITB,Jl. Sangkuriang Dalam No.60/160A,4.6,,,https://www.google.com/maps/search/?api=1&query=Asrama%20Sangkuriang%20ITB&query_place_id=ChIJE6p0wvnmaC4R9vwYjdGsKNQ,,
kos murah Bandung,Bandung (Lainnya),Lainnya / Umum,Kos Putri Bidan Onih,Jl. Karang Arum No.8,4.7,,,https://www.google.com/maps/search/?api=1&query=Kos%20Putri%20Bidan%20Onih&query_place_id=ChIJkYiCLgDnaC4Ru26sETJq3mM,,
kos Tamansari Bandung,Tamansari,ITB Ganesha / UNPAD Dipatiukur / UNIKOM,Kos Puteri Bumi Hejo,Jl. Tamansari No.15,3.2,,,https://www.google.com/maps/search/?api=1&query=Kos%20Puteri%20Bumi%20Hejo&query_place_id=ChIJBWfnxUXmaC4R5c8p_fDAX3w,,
kos murah Bandung,Bandung (Lainnya),Lainnya / Umum,Kost Putri The Sally's,"Gg. Eme No.2, RT.006/RW.004",4.5,,,https://www.google.com/maps/search/?api=1&query=Kost%20Putri%20The%20Sally's&query_place_id=ChIJrfulbGfmaC4R9J2aL42rX9M,,
kos murah Bandung,Bandung (Lainnya),Lainnya / Umum,Kos Putri,Jl. Giringsing No.10,5,,,https://www.google.com/maps/search/?api=1&query=Kos%20Putri&query_place_id=ChIJH5I83uDnaC4RWvwI7eIFeh8,,
kos Dago / Dipatiukur Bandung,Dago / Dipatiukur,ITB Ganesha / UNPAD Dipatiukur / UNIKOM,Kos Putri Dago Pojok,Jl. Terusan Bukit Dago Selatan No.29A,5,,,https://www.google.com/maps/search/?api=1&query=Kos%20Putri%20Dago%20Pojok&query_place_id=ChIJvasqQADnaC4Rnev7hVW5YdM,,
kos Tubagus Ismail Bandung,Tubagus Ismail,ITB Ganesha / UNPAD Dipatiukur / UNIKOM,Kos khusus putri,Jl. Tubagus Ismail VIII No.46,,+62 858-8078-7799,,https://www.google.com/maps/search/?api=1&query=Kos%20khusus%20putri&query_place_id=ChIJpXoREBXnaC4RV6YoVMFx0kM,,
kos Cisitu Bandung,Cisitu,ITB Ganesha / UNPAD Dipatiukur / UNIKOM,Kost Cisitu 21/160C,"Jl. Cisitu Indah Baru No.234, Dago, Kecamatan Coblong, Kota Bandung, Jawa Barat 40135",,,,https://www.google.com/maps/place/Kost+Cisitu+21%2F160C/data=!4m7!3m6!1s0x2e68e7fd7404a8db:0x93e836454938e120!8m2!3d-6.877793!4d107.6120757!16s%2Fg%2F11tp9lnw4n!19sChIJ26gEdP3naC4RIOE4SUU26JM?authuser=0&hl=id&rclk=1,,
kos Gegerkalong Bandung,Gegerkalong,UPI Setiabudi / POLBAN,Kos Rumah Pink,"No Jl. Gegerkalong Tengah No.94/174a, Gegerkalong, Kec. Sukasari, Kota Bandung, Jawa Barat 40153",,,,https://www.google.com/maps/place/Kos+Rumah+Pink/data=!4m7!3m6!1s0x2e68e695d86394dd:0x9dce2b9f31e7bc4a!8m2!3d-6.8689078!4d107.5920027!16s%2Fg%2F11bwkgcjcl!19sChIJ3ZRj2JXmaC4RSrznMZ8rzp0?authuser=0&hl=id&rclk=1,,
kost dekat ITB Ganesha,Cisitu,ITB Ganesha,Kost Progressio,"Jl. Cisitu Indah Baru No.5, Dago, Kecamatan Coblong, Kota Bandung, Jawa Barat 40135",,,,https://www.google.com/maps/place/Kost+Progressio/data=!4m7!3m6!1s0x2e68e7afb9d95e51:0xfc4a7d477d5521e0!8m2!3d-6.8775083!4d107.6125201!16s%2Fg%2F11jv8tnc4j!19sChIJUV7Zua_naC4R4CFVfUd9Svw?authuser=0&hl=id&rclk=1,,
kos Gegerkalong Bandung,Gegerkalong,UPI Setiabudi / POLBAN,Kos Hikari,"4HPR+4V2, Jl. Gegerkalong Hilir, RT.5/RW.3, Gegerkalong, Kec. Sukasari, Kota Bandung, Jawa Barat 40153",,,,https://www.google.com/maps/place/Kos+Hikari/data=!4m7!3m6!1s0x2e68e700159391bf:0x7eeaf1b006793bf0!8m2!3d-6.8647406!4d107.5921449!16s%2Fg%2F11vm95vcl4!19sChIJv5GTFQDnaC4R8Dt5BrDx6n4?authuser=0&hl=id&rclk=1,,
kos Sadang Serang Bandung,Sadang Serang,ITB Ganesha / UNPAD Dipatiukur / UNIKOM,Kost Putri Bidadari Art,"4J4C+Q54, Sadang Serang, Kecamatan Coblong, Kota Bandung, Jawa Barat 40133",,,,https://www.google.com/maps/place/Kost+Putri+Bidadari+Art/data=!4m7!3m6!1s0x2e68e70a9a03e01d:0xcabc4334d0098d20!8m2!3d-6.8931218!4d107.6204536!16s%2Fg%2F11rp85tzk8!19sChIJHeADmgrnaC4RII0J0DRDvMo?authuser=0&hl=id&rclk=1,,
kos Tubagus Ismail Bandung,Sekeloa,ITB Ganesha / UNPAD Dipatiukur / UNIKOM,Rumah Kost 47 (khusus wanita),"Jl. Tubagus Ismail No.47, Sekeloa, Kecamatan Coblong, Kota Bandung, Jawa Barat 40134",,,,https://www.google.com/maps/place/Rumah+Kost+47+%28khusus+wanita%29/data=!4m7!3m6!1s0x2e68e6ffb924cde7:0xdffa1461649a482f!8m2!3d-6.8849051!4d107.6198244!16s%2Fg%2F1pzy4z_66!19sChIJ580kuf_maC4RL0iaZGEU-t8?authuser=0&hl=id&rclk=1,,
kos Sadang Serang Bandung,Sadang Serang,ITB Ganesha / UNPAD Dipatiukur / UNIKOM,KOST PAK DAYAT,"Jl. Titimplik Dalam No.41 C, Sadang Serang, Kecamatan Coblong, Kota Bandung, Jawa Barat 40133",,,,https://www.google.com/maps/place/KOST+PAK+DAYAT/data=!4m7!3m6!1s0x2e68e7f28bc17c7b:0x7ec49e5530496528!8m2!3d-6.8938889!4d107.6219514!16s%2Fg%2F11fj6s02qt!19sChIJe3zBi_LnaC4RKGVJMFWexH4?authuser=0&hl=id&rclk=1,,
kos Sadang Serang Bandung,Sadang Serang,ITB Ganesha / UNPAD Dipatiukur / UNIKOM,RINI KOST,"Jl. Pasir Kaliki Barat Gg. Bukit Reuma No.31 Rt06, RW.19, Sadang Serang, Kecamatan Coblong, Kota Bandung, Jawa Barat 40133",,,,https://www.google.com/maps/place/RINI+KOST/data=!4m7!3m6!1s0x2e68e70051aaeedb:0x76c277f73034e31d!8m2!3d-6.8916372!4d107.6275574!16s%2Fg%2F11ytjj_yf8!19sChIJ2-6qUQDnaC4RHeM0MPd3wnY?authuser=0&hl=id&rclk=1,,
kos Gegerkalong Bandung,Gegerkalong,UPI Setiabudi / POLBAN,Kost Eksklusif Pondok Asri,"Gg. H. Ridho No.54, Gegerkalong, Kec. Sukasari, Kota Bandung, Jawa Barat 40153",,,,https://www.google.com/maps/place/Kost+Eksklusif+Pondok+Asri/data=!4m7!3m6!1s0x2e68e7a4c0a0c2ad:0xe97534fe6f3a0c61!8m2!3d-6.8684691!4d107.592167!16s%2Fg%2F11sw0v97r5!19sChIJrcKgwKTnaC4RYQw6b_40dek?authuser=0&hl=id&rclk=1,,
kos Cisitu Bandung,Cisitu,ITB Ganesha / UNPAD Dipatiukur / UNIKOM,Kost Cili Corner,"Jl. Cisitu Indah III No.8, Dago, Kecamatan Coblong, Kota Bandung, Jawa Barat 40135",,,,https://www.google.com/maps/place/Kost+Cili+Corner/data=!4m7!3m6!1s0x2e68e6e521195935:0xf6619f648ce73ee4!8m2!3d-6.8757049!4d107.6124293!16s%2Fg%2F11bxjkh8g0!19sChIJNVkZIeXmaC4R5D7njGSfYfY?authuser=0&hl=id&rclk=1,,
kos Gegerkalong Bandung,Gegerkalong,UPI Setiabudi / POLBAN,Kost Himawan,"4HJV+V6G, Gg. Puradinata, Gegerkalong, Kec. Sukasari, Kota Bandung, Jawa Barat 40153",,,,https://www.google.com/maps/place/Kost+Himawan/data=!4m7!3m6!1s0x2e68e765dea4e4ab:0x9859f3c3bcf6d978!8m2!3d-6.8678043!4d107.5930743!16s%2Fg%2F11swy1bqgy!19sChIJq-Sk3mXnaC4ReNn2vMPzWZg?authuser=0&hl=id&rclk=1,,
kos Sadang Serang Bandung,Sadang Serang,ITB Ganesha / UNPAD Dipatiukur / UNIKOM,Deri Kos,"Jl. Sadang Saip No.40, Sadang Serang, Kecamatan Coblong, Kota Bandung, Jawa Barat 40133",,,,https://www.google.com/maps/place/Deri+Kos/data=!4m7!3m6!1s0x2e68e7006adce9ed:0x224411512fd93333!8m2!3d-6.8947089!4d107.624134!16s%2Fg%2F11njljmthp!19sChIJ7encagDnaC4RMzPZL1ERRCI?authuser=0&hl=id&rclk=1,,
kos Cisitu Bandung,Cisitu,ITB Ganesha / UNPAD Dipatiukur / UNIKOM,KOST 18B,"Gg. Cisitu Lama VIII No.154b, RT.07/RW.10, Dago, Kecamatan Coblong, Kota Bandung, Jawa Barat 40135",,,,https://www.google.com/maps/place/KOST+18B/data=!4m7!3m6!1s0x2e68e730f3f1befd:0x7f39e1e9e96ede1e!8m2!3d-6.8797159!4d107.6130471!16s%2Fg%2F11jnqqjtft!19sChIJ_b7x8zDnaC4RHt5u6enhOX8?authuser=0&hl=id&rclk=1,,
kos Sadang Serang Bandung,Sadang Serang,ITB Ganesha / UNPAD Dipatiukur / UNIKOM,Kos gagak nomor 6,"4J4F+93V, Jl. Sadang Saip, Sadang Serang, Kecamatan Coblong, Kota Bandung, Jawa Barat 40133",,,,https://www.google.com/maps/place/Kos+gagak+nomor+6/data=!4m7!3m6!1s0x2e68e7005711f569:0xfccc8ba195bbc93f!8m2!3d-6.8940082!4d107.6226605!16s%2Fg%2F11wxwm8w15!19sChIJafURVwDnaC4RP8m7laGLzPw?authuser=0&hl=id&rclk=1,,
kos Gegerkalong Bandung,Gegerkalong,UPI Setiabudi / POLBAN,Kos Teratai,"Jl. Gegerkalong Tengah No.74, Gegerkalong, Kec. Sukasari, Kota Bandung, Jawa Barat 40153",,,,https://www.google.com/maps/place/Kos+Teratai/data=!4m7!3m6!1s0x2e68e7e06b3dac1b:0xde5204402b406aa5!8m2!3d-6.8651727!4d107.5915334!16s%2Fg%2F11tdl6s8jq!19sChIJG6w9a-DnaC4RpWpAK0AEUt4?authuser=0&hl=id&rclk=1,,
kos Sadang Serang Bandung,Sadang Serang,ITB Ganesha / UNPAD Dipatiukur / UNIKOM,kos pak tukul,"Jl. Titimplik Dalam No.2 no 416, Sadang Serang, Kecamatan Coblong, Kota Bandung, Jawa Barat 40133",,,,https://www.google.com/maps/place/kos+pak+tukul/data=!4m7!3m6!1s0x2e68e7aac21df7bb:0x7ce457678fcde4e4!8m2!3d-6.8944449!4d107.6214585!16s%2Fg%2F11q8s3_j8_!19sChIJu_cdwqrnaC4R5OTNj2dX5Hw?authuser=0&hl=id&rclk=1,,
kos Cisitu Bandung,Cisitu,ITB Ganesha / UNPAD Dipatiukur / UNIKOM,Kost Cisitu Lama 1 No.13,"Gg. Cisitu Lama I No.13, Dago, Kecamatan Coblong, Kota Bandung, Jawa Barat 40135",,,,https://www.google.com/maps/place/Kost+Cisitu+Lama+1+No.13/data=!4m7!3m6!1s0x2e68e7ffd876a94f:0x3d8b30319a853ca2!8m2!3d-6.8822009!4d107.6125345!16s%2Fg%2F11tsg3x1ny!19sChIJT6l22P_naC4RojyFmjEwiz0?authuser=0&hl=id&rclk=1,,
kos Sadang Serang Bandung,Sadang Serang,ITB Ganesha / UNPAD Dipatiukur / UNIKOM,KOST WINAR,"4J3F+R8J, Jl. Puyuh, Sadang Serang, Kecamatan Coblong, Kota Bandung, Jawa Barat 40135",,,,https://www.google.com/maps/place/KOST+WINAR/data=!4m7!3m6!1s0x2e68e7000df96c6b:0x191739802c16ab10!8m2!3d-6.8954188!4d107.6233809!16s%2Fg%2F11nr2335pn!19sChIJa2z5DQDnaC4REKsWLIA5Fxk?authuser=0&hl=id&rclk=1,,
kos Sadang Serang Bandung,Sadang Serang,ITB Ganesha / UNPAD Dipatiukur / UNIKOM,kos,"Jl. Sukasari II No.58, Sadang Serang, Kecamatan Coblong, Kota Bandung, Jawa Barat 40134",,,,https://www.google.com/maps/place/kos/data=!4m7!3m6!1s0x2e68e700349e3153:0xf4338af8131eb1ea!8m2!3d-6.8929028!4d107.6205625!16s%2Fg%2F11yy33w01h!19sChIJUzGeNADnaC4R6rEeE_iKM_Q?authuser=0&hl=id&rclk=1,,
kos Gegerkalong Bandung,Gegerkalong,UPI Setiabudi / POLBAN,Pondok Amalia,"4HMR+PWV, Jl. Gegerkalong Girang, Gegerkalong, Kec. Sukasari, Kota Bandung, Jawa Barat 40153",,,,https://www.google.com/maps/place/Pondok+Amalia/data=!4m7!3m6!1s0x2e68e6be738be8c9:0x7ac4082195fb474b!8m2!3d-6.865638!4d107.5922864!16s%2Fg%2F11b6hw5t14!19sChIJyeiLc77maC4RS0f7lSEIxHo?authuser=0&hl=id&rclk=1,,
kos Tubagus Ismail Bandung,Tubagus Ismail,ITB Ganesha / UNPAD Dipatiukur / UNIKOM,Kosan Kubus,"Jl. Tubagus Ismail No.2B, Lebakgede, Kecamatan Coblong, Kota Bandung, Jawa Barat 40132",,,,https://www.google.com/maps/place/Kosan+Kubus/data=!4m7!3m6!1s0x2e68e6f92457a30f:0xc08736fa3731331b!8m2!3d-6.8839331!4d107.6146721!16s%2Fg%2F11cmpz96vs!19sChIJD6NXJPnmaC4RGzMxN_o2h8A?authuser=0&hl=id&rclk=1,,
kost dekat ITB Ganesha,Cisitu,ITB Ganesha,Kosan Pondok Puteri Anugrah,"Jl. Cisitu Lama No.3/160c, Dago, Kecamatan Coblong, Kota Bandung, Jawa Barat 40135",,,,https://www.google.com/maps/place/Kosan+Pondok+Puteri+Anugrah/data=!4m7!3m6!1s0x2e68e6faf20d69b5:0x116ab2ac2f5c5458!8m2!3d-6.8789218!4d107.6113953!16s%2Fg%2F11gf959qpv!19sChIJtWkN8vrmaC4RWFRcL6yyahE?authuser=0&hl=id&rclk=1,,
kos Sadang Serang Bandung,Sadang Serang,ITB Ganesha / UNPAD Dipatiukur / UNIKOM,Kost Putri Tirda,"4J3C+Q8P, Sadang Serang, Kecamatan Coblong, Kota Bandung, Jawa Barat 40133",,,,https://www.google.com/maps/place/Kost+Putri+Tirda/data=!4m7!3m6!1s0x2e68e70006631a01:0xb75cbafa065ebd97!8m2!3d-6.895305!4d107.620791!16s%2Fg%2F11x399fqfl!19sChIJARpjBgDnaC4Rl71eBvq6XLc?authuser=0&hl=id&rclk=1,,
kos Sadang Serang Bandung,Sadang Serang,ITB Ganesha / UNPAD Dipatiukur / UNIKOM,Kost aa Garut,"Kp Pasirkoja no. 71 Rt 05/16, Jl. Sadang Serang No.40133, Sadang Serang, Kecamatan Coblong, Kota Bandung, Jawa Barat 40133",,,,https://www.google.com/maps/place/Kost+aa+Garut/data=!4m7!3m6!1s0x2e68e74f70dc06e5:0xc3aadce39f7a6f9e!8m2!3d-6.8938947!4d107.6250898!16s%2Fg%2F11rc115mxp!19sChIJ5QbccE_naC4Rnm96n-PcqsM?authuser=0&hl=id&rclk=1,,
kost dekat ITB Ganesha,Sekeloa,ITB Ganesha,KOST PUTRI PAK KUMIS,"Jl. Sekeloa Sel. I Kelurahan No.94, RT.01/RW.02, Lebakgede, Kecamatan Coblong, Kota Bandung, Jawa Barat 40132",,,,https://www.google.com/maps/place/KOST+PUTRI+PAK+KUMIS/data=!4m7!3m6!1s0x2e68e7fc3980beeb:0x7143e9d0c7637f68!8m2!3d-6.8908591!4d107.6175719!16s%2Fg%2F11h07fv9yk!19sChIJ676AOfznaC4RaH9jx9DpQ3E?authuser=0&hl=id&rclk=1,,
kos Cisitu Bandung,Cisitu,ITB Ganesha / UNPAD Dipatiukur / UNIKOM,kos kenari,"Jl. Cisitu Lama VIII No.51, Dago, Kecamatan Coblong, Kota Bandung, Jawa Barat 40135",,,,https://www.google.com/maps/place/kos+kenari/data=!4m7!3m6!1s0x2e68e7797a6eeba9:0x64e1cf43801069d7!8m2!3d-6.8796551!4d107.6141105!16s%2Fg%2F11pdp0byk5!19sChIJqetuennnaC4R12kQgEPP4WQ?authuser=0&hl=id&rclk=1,,
kos Gegerkalong Bandung,Gegerkalong,UPI Setiabudi / POLBAN,Kosan Ibu Maya,"Jl. Gegerkalong Girang Gang Geger Sumi I No.33A, Gegerkalong, Kec. Sukasari, Kota Bandung, Jawa Barat 40153",,,,https://www.google.com/maps/place/Kosan+Ibu+Maya/data=!4m7!3m6!1s0x2e68e6bcf8cfe0b1:0xd159f7a2998aeecd!8m2!3d-6.8642885!4d107.5887838!16s%2Fg%2F11b6hsf_fz!19sChIJseDP-LzmaC4Rze6KmaL3WdE?authuser=0&hl=id&rclk=1,,
kost dekat ITB Ganesha,Sekeloa,ITB Ganesha,Kost Putra Pavilion 2,"Jl. Ciheulang Baru No.9, Sekeloa, Kecamatan Coblong, Kota Bandung, Jawa Barat 40134",,,,https://www.google.com/maps/place/Kost+Putra+Pavilion+2/data=!4m7!3m6!1s0x2e68e7fc5fbafbfb:0xb92faa88823b90d8!8m2!3d-6.8859582!4d107.6193439!16s%2Fg%2F11gk4vbg6m!19sChIJ-_u6X_znaC4R2JA7goiqL7k?authuser=0&hl=id&rclk=1,,
kos Tubagus Ismail Bandung,Sekeloa,ITB Ganesha / UNPAD Dipatiukur / UNIKOM,Kost Buchari,"Jl. Tubagus Ismail V No.77 157D, Sekeloa, Kecamatan Coblong, Kota Bandung, Jawa Barat 40134",,,,https://www.google.com/maps/place/Kost+Buchari/data=!4m7!3m6!1s0x2e68e700171f3b3b:0x80b6b7456fbe9e3d!8m2!3d-6.8836202!4d107.6177379!16s%2Fg%2F11x2p6xxyh!19sChIJOzsfFwDnaC4RPZ6-b0W3toA?authuser=0&hl=id&rclk=1,,
kos Setiabudi Bandung,Gegerkalong,UPI Setiabudi / POLBAN,Kost Putri 352,"Jl. Dr. Setiabudi No.174 B, Gegerkalong, Kec. Sukasari, Kota Bandung, Jawa Barat 40153",,,,https://www.google.com/maps/place/Kost+Putri+352/data=!4m7!3m6!1s0x2e68e79ec7e968c5:0x938b6b906060b071!8m2!3d-6.8677307!4d107.5929385!16s%2Fg%2F11q9ggmnkd!19sChIJxWjpx57naC4RcbBgYJBri5M?authuser=0&hl=id&rclk=1,,
kos Cisitu Bandung,Cisitu,ITB Ganesha / UNPAD Dipatiukur / UNIKOM,Kos Cisitu 47,"Gg. Cisitu Lama VIII No.48, Dago, Kecamatan Coblong, Kota Bandung, Jawa Barat 40135",,,,https://www.google.com/maps/place/Kos+Cisitu+47/data=!4m7!3m6!1s0x2e68e70050276fad:0x43453338e51a5607!8m2!3d-6.8797912!4d107.6131042!16s%2Fg%2F11vx41zcd3!19sChIJrW8nUADnaC4RB1Ya5TgzRUM?authuser=0&hl=id&rclk=1,,
kost dekat ITB Ganesha,Sangkuriang,ITB Ganesha,kosan bagas,"Jl. Sangkuriang No.35, Dago, Kecamatan Coblong, Kota Bandung, Jawa Barat 40135",,,,https://www.google.com/maps/place/kosan+bagas/data=!4m7!3m6!1s0x2e68e70421c179a3:0x42033dc77816fc77!8m2!3d-6.883126!4d107.607916!16s%2Fg%2F11hj11q6st!19sChIJo3nBIQTnaC4Rd_wWeMc9A0I?authuser=0&hl=id&rclk=1,,
kos mahasiswa dekat UPI,Setiabudi,UPI Setiabudi,Kost Khusus Putri,"Gg Bp Arsadi II No.5, RT.001/RW.002, Ledeng, Kec. Cidadap, Kota Bandung, Jawa Barat 40143",,,,https://www.google.com/maps/place/Kost+Khusus+Putri/data=!4m7!3m6!1s0x2e68e7a4ad7182e5:0x33b90e9b395442e7!8m2!3d-6.8606915!4d107.5961201!16s%2Fg%2F11t9bqm6x0!19sChIJ5YJxraTnaC4R50JUOZsOuTM?authuser=0&hl=id&rclk=1,,
kos mahasiswa dekat UPI,Gegerkalong,UPI Setiabudi,Kosan Abah Yeye,"Jl. Cilimus No.92, Isola, Kec. Sukasari, Kota Bandung, Jawa Barat 40154",,,,https://www.google.com/maps/place/Kosan+Abah+Yeye/data=!4m7!3m6!1s0x2e68e7ebdafb3961:0x4b7bd2f26626c914!8m2!3d-6.8576464!4d107.5904943!16s%2Fg%2F11ls5sntm_!19sChIJYTn72uvnaC4RFMkmZvLSe0s?authuser=0&hl=id&rclk=1,,
kos Setiabudi Bandung,Setiabudi,UPI Setiabudi / POLBAN,Kost Panji,"Jl. Hegarmanah No.17A, Hegarmanah, Kec. Cidadap, Kota Bandung, Jawa Barat 40141",,,,https://www.google.com/maps/place/Kost+Panji/data=!4m7!3m6!1s0x2e68e7fcbcc6b35b:0x16bb5aed1175ef46!8m2!3d-6.8804962!4d107.6007766!16s%2Fg%2F11hdsbxdyl!19sChIJW7PGvPznaC4RRu91Ee1auxY?authuser=0&hl=id&rclk=1,,
kos Setiabudi Bandung,Gegerkalong,UPI Setiabudi / POLBAN,Kost Mbah Sidik,"Mess Angkasa TNI AU, 4HGV+9W8, Jl. Budiasih, Gg. Bapa Erin I, Belakang Jl. Dr. Setiabudi, Gegerkalong, Kec. Sukasari, Kota Bandung, Jawa Barat 40153",,,,https://www.google.com/maps/place/Kost+Mbah+Sidik/data=!4m7!3m6!1s0x2e68e7782b7bb22b:0x91d8283248b560c2!8m2!3d-6.8741003!4d107.5950961!16s%2Fg%2F11s5n45fpt!19sChIJK7J7K3jnaC4RwmC1SDIo2JE?authuser=0&hl=id&rclk=1,,
kos Setiabudi Bandung,Gegerkalong,UPI Setiabudi / POLBAN,KOST BUMI ORANGE,"4J2R+X93, Neglasari, Kec. Cibeunying Kaler, Kota Bandung, Jawa Barat 40124",,,,https://www.google.com/maps/place/KOST+BUMI+ORANGE/data=!4m10!3m9!1s0x2e68e7d57004576d:0x432e4481a7b05567!5m2!4m1!1i2!8m2!3d-6.897615!4d107.6409198!16s%2Fg%2F11jcm6kcty!19sChIJbVcEcNXnaC4RZ1Wwp4FELkM?authuser=0&hl=id&rclk=1,,
kos Setiabudi Bandung,Setiabudi,UPI Setiabudi / POLBAN,Pinescape Kost C16 Setiabudi Terrace,"Setiabudi Terrace C16, Jl. Cipaku Indah II Jl. Dr. Setiabudi, Ledeng, Kec. Cidadap, Kota Bandung, Jawa Barat 40143",,,,https://www.google.com/maps/place/Pinescape+Kost+C16+Setiabudi+Terrace/data=!4m7!3m6!1s0x2e68e713aaf49f91:0x97009fa9c83f7e8a!8m2!3d-6.8609815!4d107.5991134!16s%2Fg%2F11xp6bpfz3!19sChIJkZ_0qhPnaC4Rin4_yKmfAJc?authuser=0&hl=id&rclk=1,,
kos Setiabudi Bandung,Setiabudi,UPI Setiabudi / POLBAN,Grand Setiabudi Apartemen,"Jl. Dr. Setiabudi No.130-134, Hegarmanah, Kec. Cidadap, Kota Bandung, Jawa Barat 40141",,,,https://www.google.com/maps/place/Grand+Setiabudi+Apartemen/data=!4m7!3m6!1s0x2e68e692d95964af:0xe1122f50b7e5d1af!8m2!3d-6.8748269!4d107.5971191!16s%2Fg%2F1tfncrs6!19sChIJr2RZ2ZLmaC4Rr9Hlt1AvEuE?authuser=0&hl=id&rclk=1,,
kos Setiabudi Bandung,Setiabudi,UPI Setiabudi / POLBAN,kost pria / wanita,"Jl. Gatot Subroto No.165, Samoja, Kec. Batununggal, Kota Bandung, Jawa Barat 40273",,,,https://www.google.com/maps/place/kost+pria+%2F+wanita/data=!4m10!3m9!1s0x2e68e7d6859b3567:0x4a1655ed1b3e629c!5m2!4m1!1i2!8m2!3d-6.9246577!4d107.6287719!16s%2Fg%2F11b6zrk_s5!19sChIJZzWbhdbnaC4RnGI-G-1VFko?authuser=0&hl=id&rclk=1,,
kos Setiabudi Bandung,Gegerkalong,UPI Setiabudi / POLBAN,Kosan puja/pa cucu setiabudi,"4HGV+RPV, Gegerkalong, Kec. Sukasari, Kota Bandung, Jawa Barat 40153",,,,https://www.google.com/maps/place/Kosan+puja%2Fpa+cucu+setiabudi/data=!4m7!3m6!1s0x2e68e7007032c4f1:0xf29f6f88ef5b5753!8m2!3d-6.8728576!4d107.5942796!16s%2Fg%2F11w4fvj5l2!19sChIJ8cQycADnaC4RU1db74hvn_I?authuser=0&hl=id&rclk=1,,
kos Gegerkalong Bandung,Gegerkalong,UPI Setiabudi / POLBAN,Nevada Kost,"4HJV+66C, Gegerkalong, Kec. Sukasari, Kota Bandung, Jawa Barat 40153",,,,https://www.google.com/maps/place/Nevada+Kost/data=!4m7!3m6!1s0x2e68e695cc652907:0xa19494c6ff21d7ee!8m2!3d-6.8694357!4d107.5930303!16s%2Fg%2F11f24swsx3!19sChIJByllzJXmaC4R7tch_8aUlKE?authuser=0&hl=id&rclk=1,,
kos Setiabudi Bandung,Gegerkalong,UPI Setiabudi / POLBAN,Kosan BL10,"Jl. Budi Luhur No.10, Gegerkalong, Kec. Sukasari, Kota Bandung, Jawa Barat 40153",,,,https://www.google.com/maps/place/Kosan+BL10/data=!4m7!3m6!1s0x2e68e694100a433d:0x35167c4e164f52c!8m2!3d-6.8715488!4d107.5928419!16s%2Fg%2F11b6gcb661!19sChIJPUMKEJTmaC4RLPVk4cRnUQM?authuser=0&hl=id&rclk=1,,
kos Sadang Serang Bandung,Sadang Serang,ITB Ganesha / UNPAD Dipatiukur / UNIKOM,Kost Abah C38,"Kp. Haur Mekar No.C 38, RT.03/RW.01, Kel, Sadang Serang, Coblong, Bandung City, West Java 40133",,,,https://www.google.com/maps/place/Kost+Abah+C38/data=!4m7!3m6!1s0x2e68e7a7c8e9288d:0x3895df270d5e400d!8m2!3d-6.8933711!4d107.6200858!16s%2Fg%2F11sgkykmvp!19sChIJjSjpyKfnaC4RDUBeDSfflTg?authuser=0&hl=id&rclk=1,,
kos Setiabudi Bandung,Setiabudi,UPI Setiabudi / POLBAN,Kost Setiabudi Hegarmanah,"4J73+FVJ, Cipaganti, Kecamatan Coblong, Kota Bandung, Jawa Barat 40131",,,,https://www.google.com/maps/place/Kost+Setiabudi+Hegarmanah/data=!4m7!3m6!1s0x2e68e79065d5f1ef:0x1fbe23fc24b96e93!8m2!3d-6.8862967!4d107.6046464!16s%2Fg%2F11fn8y71_8!19sChIJ7_HVZZDnaC4Rk265JPwjvh8?authuser=0&hl=id&rclk=1,,
kost dekat ITB Ganesha,Tamansari,ITB Ganesha,Kost Putra/Putri Pancawarna 16,"Jl. Kb. Kembang Gg. Panca Warna No.16, RT.02/RW.12, Tamansari, Kec. Bandung Wetan, Kota Bandung, Jawa Barat 40116",,,,https://www.google.com/maps/place/Kost+Putra%2FPutri+Pancawarna+16/data=!4m7!3m6!1s0x2e68e74547a4a65d:0xc56df79e436f6854!8m2!3d-6.899514!4d107.6078318!16s%2Fg%2F11qk1pm_2k!19sChIJXaakR0XnaC4RVGhvQ573bcU?authuser=0&hl=id&rclk=1,,
kos Setiabudi Bandung,Setiabudi,UPI Setiabudi / POLBAN,Kost Syariah Setiabudi Terrace Blok B No. 31 C,"Setiabudi Terrace Blok B No. 31 C, Ledeng, Cidadap, Bandung City, West Java 40143",,,,https://www.google.com/maps/place/Kost+Syariah+Setiabudi+Terrace+Blok+B+No.+31+C/data=!4m7!3m6!1s0x2e68e7004edf128f:0xcd556b737bd156eb!8m2!3d-6.8605993!4d107.5983489!16s%2Fg%2F11yyl6b3sj!19sChIJjxLfTgDnaC4R61bRe3NrVc0?authuser=0&hl=id&rclk=1,,
kos Setiabudi Bandung,Setiabudi,UPI Setiabudi / POLBAN,Kost Stokholm Bu Devy,"Setiabudi Terrace C3A, Belakang, Ledeng, Cidadap, Bandung City, West Java 40143",,,,https://www.google.com/maps/place/Kost+Stokholm+Bu+Devy/data=!4m7!3m6!1s0x2e68e7e52e965795:0x53a479c4972bc49e!8m2!3d-6.8601137!4d107.5984911!16s%2Fg%2F11rj3jw4l0!19sChIJlVeWLuXnaC4RnsQrl8R5pFM?authuser=0&hl=id&rclk=1,,
kos Cisitu Bandung,Cisitu,ITB Ganesha / UNPAD Dipatiukur / UNIKOM,Kost Riza Cisitu,"4JG7+35G, Jl. Cisitu Indah V, Dago, Kecamatan Coblong, Kota Bandung, Jawa Barat 40135",,,,https://www.google.com/maps/place/Kost+Riza+Cisitu/data=!4m7!3m6!1s0x2e68e71ed487aa79:0xee6e0a97ac768287!8m2!3d-6.8748248!4d107.6129611!16s%2Fg%2F11ghpy9cvd!19sChIJeaqH1B7naC4Rh4J2rJcKbu4?authuser=0&hl=id&rclk=1,,
kos Sadang Serang Bandung,Sadang Serang,ITB Ganesha / UNPAD Dipatiukur / UNIKOM,Kost Asik Banget (KAB),"Jl. Titiran No.25 C, Sadang Serang, Kecamatan Coblong, Kota Bandung, Jawa Barat 40133",,,,https://www.google.com/maps/place/Kost+Asik+Banget+%28KAB%29/data=!4m7!3m6!1s0x2e68e73a8bb9d363:0xb142294978ccbc03!8m2!3d-6.895736!4d107.6194087!16s%2Fg%2F11sqvfn693!19sChIJY9O5izrnaC4RA7zMeEkpQrE?authuser=0&hl=id&rclk=1,,
kos Setiabudi Bandung,Gegerkalong,UPI Setiabudi / POLBAN,Kost Manja,"Jl. Dr. Setiabudi No.199a, Gegerkalong, Kec. Sukasari, Kota Bandung, Jawa Barat 40153",,,,https://www.google.com/maps/place/Kost+Manja/data=!4m7!3m6!1s0x2e68e734bb4bff31:0xb63a0e9d25c4a3ec!8m2!3d-6.8655058!4d107.5930832!16s%2Fg%2F11rj70f0n0!19sChIJMf9LuzTnaC4R7KPEJZ0OOrY?authuser=0&hl=id&rclk=1,,
kos Cisitu Bandung,Cisitu,ITB Ganesha / UNPAD Dipatiukur / UNIKOM,Kost Amole,"Jl. Cisitu Indah III No.4, Dago, Kecamatan Coblong, Kota Bandung, Jawa Barat 40135",,,,https://www.google.com/maps/place/Kost+Amole/data=!4m7!3m6!1s0x2e68e7aa676e1a87:0x2d1c204e35c35e43!8m2!3d-6.8758099!4d107.6123806!16s%2Fg%2F11gjj31bb5!19sChIJhxpuZ6rnaC4RQ17DNU4gHC0?authuser=0&hl=id&rclk=1,,
kos Sadang Serang Bandung,Sadang Serang,ITB Ganesha / UNPAD Dipatiukur / UNIKOM,Kost Ibu Lelis,"Jl. Puyuh No.156, Sadang Serang, Kecamatan Coblong, Kota Bandung, Jawa Barat 40133",,,,https://www.google.com/maps/place/Kost+Ibu+Lelis/data=!4m7!3m6!1s0x2e68e73e41831121:0x1061914f873ee548!8m2!3d-6.8964094!4d107.6231968!16s%2Fg%2F11hdx7n_hs!19sChIJIRGDQT7naC4RSOU-h0-RYRA?authuser=0&hl=id&rclk=1,,
kos Cisitu Bandung,Cisitu,ITB Ganesha / UNPAD Dipatiukur / UNIKOM,Kost Serenity,"4J97+923, Gg. Cisitu Lama II, Dago, Kecamatan Coblong, Kota Bandung, Jawa Barat 40135",,,,https://www.google.com/maps/place/Kost+Serenity/data=!4m7!3m6!1s0x2e68e70044117353:0x98e0d1b6e321f4d8!8m2!3d-6.8816136!4d107.6125483!16s%2Fg%2F11z9yp3wk6!19sChIJU3MRRADnaC4R2PQh47bR4Jg?authuser=0&hl=id&rclk=1,,
kos Sadang Serang Bandung,Sadang Serang,ITB Ganesha / UNPAD Dipatiukur / UNIKOM,Kost Titiran dalam II,"Jl. Titiran Dalam II No.141 151c, Sadang Serang, Kecamatan Coblong, Kota Bandung, Jawa Barat 40133",,,,https://www.google.com/maps/place/Kost+Titiran+dalam+II/data=!4m7!3m6!1s0x2e68e7005a790823:0x8647311686eb976a!8m2!3d-6.8955601!4d107.6198965!16s%2Fg%2F11mssk2h0m!19sChIJIwh5WgDnaC4RapfrhhYxR4Y?authuser=0&hl=id&rclk=1,,
kos Setiabudi Bandung,Gegerkalong,UPI Setiabudi / POLBAN,Kosan Setiabudi 201B,"no.201B, Jl. Dr. Setiabudi, Gegerkalong, Kec. Sukasari, Kota Bandung, Jawa Barat 40153",,,,https://www.google.com/maps/place/Kosan+Setiabudi+201B/data=!4m7!3m6!1s0x2e68e716b5682653:0x78684657d707b8c!8m2!3d-6.865406!4d107.5937209!16s%2Fg%2F11jx568v32!19sChIJUyZotRbnaC4RjHtwfWWEhgc?authuser=0&hl=id&rclk=1,,
kos Setiabudi Bandung,Setiabudi,UPI Setiabudi / POLBAN,Kost sapphire setiabudi 331A,"Komplek Setiabudi Regency, Wing 2 IV Jl. Safir Biru No.331A, Ciwaruga, Parongpong, West Bandung Regency, West Java 40559",,,,https://www.google.com/maps/place/Kost+sapphire+setiabudi+331A/data=!4m7!3m6!1s0x2e68e76fd453223b:0x44cbc5cac1f1be99!8m2!3d-6.8500139!4d107.5847285!16s%2Fg%2F11shn70ydc!19sChIJOyJT1G_naC4Rmb7xwcrFy0Q?authuser=0&hl=id&rclk=1,,
kos Cisitu Bandung,Cisitu,ITB Ganesha / UNPAD Dipatiukur / UNIKOM,Kost Pak Herjon,"Jl. Cisitu Lama No.154, Dago, Kecamatan Coblong, Kota Bandung, Jawa Barat 40135",,,,https://www.google.com/maps/place/Kost+Pak+Herjon/data=!4m7!3m6!1s0x2e68e70034db7017:0x8afe8a9f2ba24bcc!8m2!3d-6.8828628!4d107.6126229!16s%2Fg%2F11ywbw6j33!19sChIJF3DbNADnaC4RzEuiK5-K_oo?authuser=0&hl=id&rclk=1,,
kos Cisitu Bandung,Cisitu,ITB Ganesha / UNPAD Dipatiukur / UNIKOM,Kost cisitu 72,"Jl. Cisitu Indah V No.72, Dago, Kecamatan Coblong, Kota Bandung, Jawa Barat 40135",,,,https://www.google.com/maps/place/Kost+cisitu+72/data=!4m7!3m6!1s0x2e68e7436026efa5:0x545553bee1903a9b!8m2!3d-6.875702!4d107.6129234!16s%2Fg%2F11ry3f5cyf!19sChIJpe8mYEPnaC4RmzqQ4b5TVVQ?authuser=0&hl=id&rclk=1,,
kos Sadang Serang Bandung,Sadang Serang,ITB Ganesha / UNPAD Dipatiukur / UNIKOM,Kost Putra Raflesia,"Jl. Caladi Dalam No.5, RT.02/RW.09, Sadang Serang, Kecamatan Coblong, Kota Bandung, Jawa Barat 40133",,,,https://www.google.com/maps/place/Kost+Putra+Raflesia/data=!4m7!3m6!1s0x2e68e75a5c02559d:0xbe6fc8005e86470!8m2!3d-6.8968753!4d107.6228482!16s%2Fg%2F11tcp_kkwz!19sChIJnVUCXFrnaC4RcGToBYD85gs?authuser=0&hl=id&rclk=1,,
kos murah Bandung,Bandung (Lainnya),Lainnya / Umum,SM KOS PUTRI 4,"3P45+VHF, Jl. Anyelir 1",,,,https://www.google.com/maps/search/?api=1&query=SM%20KOS%20PUTRI%204&query_place_id=ChIJHeb3CwDDaC4R4VmEzr1_I1w,,
kos murah Bandung,Bandung (Lainnya),Lainnya / Umum,Kos putri riska,Jl. Damar 3 No.3,,,,https://www.google.com/maps/search/?api=1&query=Kos%20putri%20riska&query_place_id=ChIJnRZ6OzzDaC4RfpTaTMSIBUc,,
kos Gegerkalong Bandung,Gegerkalong,UPI Setiabudi / POLBAN,kosan,"Jl. Gegerkalong Tengah No.4 No.24F, Gegerkalong, Kec. Sukasari, Kota Bandung, Jawa Barat 40153",,,,https://www.google.com/maps/place/kosan/data=!4m7!3m6!1s0x2e68e700074c7581:0x60b6c284c913299e!8m2!3d-6.8674034!4d107.5918963!16s%2Fg%2F11ldkxn_9t!19sChIJgXVMBwDnaC4RnikTyYTCtmA?authuser=0&hl=id&rclk=1,,
kos dekat UPI Bandung,Gegerkalong,UPI Setiabudi,Green Kost Setiabudhi,"Jl. Dr. Setiabudi No.199A, Gegerkalong, Kec. Sukasari, Kota Bandung, Jawa Barat 40153",,,,https://www.google.com/maps/place/Green+Kost+Setiabudhi/data=!4m7!3m6!1s0x2e68e6be473bc2cd:0x9f30ddec4ead37f6!8m2!3d-6.8654912!4d107.5934151!16s%2Fg%2F11clvqs479!19sChIJzcI7R77maC4R9jetTuzdMJ8?authuser=0&hl=id&rclk=1,,
kos murah Bandung,Bandung (Lainnya),Lainnya / Umum,Rumah Kost Pria GM (Gunawan Melani),"Jl. Kb. Bibit Utara II No.175, RT. 04/05",,,,https://www.google.com/maps/search/?api=1&query=Rumah%20Kost%20Pria%20GM%20(Gunawan%20Melani)&query_place_id=ChIJFx37axHnaC4RQ5pwi0PYTX0,,
kos murah Bandung,Bandung (Lainnya),Lainnya / Umum,Kost Putra,Jl. Garunggang Kulon No.162a/65,,,,https://www.google.com/maps/search/?api=1&query=Kost%20Putra&query_place_id=ChIJ-x000FnnaC4RDSNzvdmvyv0,,
kos Kanayakan Bandung,Kanayakan,ITB Ganesha / UNPAD Dipatiukur / UNIKOM,Kost Putra D'Mangkraks,Jl. Kanayakan Baru No.27,,,,https://www.google.com/maps/search/?api=1&query=Kost%20Putra%20D'Mangkraks&query_place_id=ChIJt4qZHADnaC4RV2Bi8DbOzG4,,
kos murah Bandung,Bandung (Lainnya),Lainnya / Umum,Kost Putra Ciheulang 4A,Jl. Ciheulang No.4a,,,,https://www.google.com/maps/search/?api=1&query=Kost%20Putra%20Ciheulang%204A&query_place_id=ChIJG4CDqbLnaC4R3COJEnZKawY,,
kos murah Bandung,Bandung (Lainnya),Lainnya / Umum,Kost Putra Muslim,"Jl. Kidang Pananjung dlm No.142A/154C, RT.01/RW.10",,,,https://www.google.com/maps/search/?api=1&query=Kost%20Putra%20Muslim&query_place_id=ChIJEbsFCfPnaC4RcpidZg6kvWI,,
kos murah Bandung,Bandung (Lainnya),Lainnya / Umum,Terima kost putra/putri,"4H4W+H2J yahya no. 49, Gg. P. Sarif",,,,https://www.google.com/maps/search/?api=1&query=Terima%20kost%20putra%2Fputri&query_place_id=ChIJm9b5YADnaC4Rd1710OYylcA,,
kos Sekeloa Bandung,Sekeloa,ITB Ganesha / UNPAD Dipatiukur / UNIKOM,Kos Dylan Putra,Jl. Sekeloa Utara 2 No.4,,,,https://www.google.com/maps/search/?api=1&query=Kos%20Dylan%20Putra&query_place_id=ChIJMSF0DADnaC4RlseImyr0bzo,,
kos dekat UPI Bandung,Setiabudi,UPI Setiabudi,Bumi Anggara Kost,"Jl. Cipaku Indah II No.28, Ledeng, Kec. Cidadap, Kota Bandung, Jawa Barat 40143",,,,https://www.google.com/maps/place/Bumi+Anggara+Kost/data=!4m7!3m6!1s0x2e68e7d098d317ad:0x9d724f8fbcd42cd7!8m2!3d-6.8611469!4d107.5964344!16s%2Fg%2F11hds3t6yh!19sChIJrRfTmNDnaC4R1yzUvI9Pcp0?authuser=0&hl=id&rclk=1,,
kos murah Bandung,Bandung (Lainnya),Lainnya / Umum,Kos V74 Bandung,"Komplek Bina Marga Jl. Golf Selatan I Blk. V No.74, RT.04/RW.10",,,,https://www.google.com/maps/search/?api=1&query=Kos%20V74%20Bandung&query_place_id=ChIJjw7eKTo6qWkRGxvfmU1Qk4o,,
kos Cisitu Bandung,Cisitu,ITB Ganesha / UNPAD Dipatiukur / UNIKOM,Kost Putra Nenek,Gg. Cisitu Lama IV No.123,,,,https://www.google.com/maps/search/?api=1&query=Kost%20Putra%20Nenek&query_place_id=ChIJI7oteADnaC4RrkAVXZuvspo,,
kos murah Bandung,Bandung (Lainnya),Lainnya / Umum,Deara Kost,Jl. Cikutra Baru XI No.40,,,,https://www.google.com/maps/search/?api=1&query=Deara%20Kost&query_place_id=ChIJp91Q4JznaC4RLPBIXD1G-5E,,
kos murah Bandung,Bandung (Lainnya),Lainnya / Umum,Kost ababil,"3P8C+C3W, Jl. Kosambi",,,,https://www.google.com/maps/search/?api=1&query=Kost%20ababil&query_place_id=ChIJzwsFNgDDaC4ReiFJ2RjI5wk,,
kos murah Bandung,Bandung (Lainnya),Lainnya / Umum,Kosan Putra,"3P54+6X9 Kosan Putra dekat Seserahan Bandung by Sofia, Jl. Sakola",,,,https://www.google.com/maps/search/?api=1&query=Kosan%20Putra&query_place_id=ChIJ0WU3HNTDaC4R52727Fxb__E,,
kos murah Bandung,Bandung (Lainnya),Lainnya / Umum,Kos Putra Ibu Venus,Jl. Cibangkong No.64,,,,https://www.google.com/maps/search/?api=1&query=Kos%20Putra%20Ibu%20Venus&query_place_id=ChIJ1RcSnLTnaC4R3YGbSeXFi-U,,
kos murah Bandung,Bandung (Lainnya),Lainnya / Umum,Kos Rafli (Putra),Jl. Merkuri Utara V No.5,,,,https://www.google.com/maps/search/?api=1&query=Kos%20Rafli%20(Putra)&query_place_id=ChIJh05WVQDpaC4RleZgVri63rs,,
kos murah Bandung,Bandung (Lainnya),Lainnya / Umum,Kos putra putri warna hijau sebelah kiri kalau dari bbws,"2MV6+X83, Jl. Rancabolang Blk. H",,,,https://www.google.com/maps/search/?api=1&query=Kos%20putra%20putri%20warna%20hijau%20sebelah%20kiri%20kalau%20dari%20bbws&query_place_id=ChIJpWAiDQDpaC4RMDKhHGZ19no,,
kos murah Bandung,Bandung (Lainnya),Lainnya / Umum,Kosan Putra Putri,"3JHG+CW5, Jl. Samoja No.14b",,,,https://www.google.com/maps/search/?api=1&query=Kosan%20Putra%20Putri&query_place_id=ChIJCQmoNwDnaC4RFKhIcNMTv_Q,,
kos Cisitu Bandung,Cisitu,ITB Ganesha / UNPAD Dipatiukur / UNIKOM,Kosan Miftah,"Jl. Cisitu Lama No.2 127B 154c, Dago, Coblong, Bandung City, West Java 40135",,,,https://www.google.com/maps/place/Kosan+Miftah/data=!4m7!3m6!1s0x2e68e7ee0aad783d:0xdfcdd0c92f3cd762!8m2!3d-6.8790746!4d107.6114514!16s%2Fg%2F11f6gjk0xy!19sChIJPXitCu7naC4RYtc8L8nQzd8?authuser=0&hl=id&rclk=1,,
kost dekat ITB Ganesha,Cisitu,ITB Ganesha,Kost Bu Aan,"Jl. Cisitu Lama No.52 A, Dago, Kecamatan Coblong, Kota Bandung, Jawa Barat 40135",,,,https://www.google.com/maps/place/Kost+Bu+Aan/data=!4m7!3m6!1s0x2e68e6fa4f10a2c3:0x593256f9a3fc57d6!8m2!3d-6.8801613!4d107.6120566!16s%2Fg%2F11bythyf0g!19sChIJw6IQT_rmaC4R1lf8o_lWMlk?authuser=0&hl=id&rclk=1,,
kos Sadang Serang Bandung,Sadang Serang,ITB Ganesha / UNPAD Dipatiukur / UNIKOM,Nanda kost,"4J5H+98Q, Sadang Serang, Kecamatan Coblong, Kota Bandung, Jawa Barat 40133",,,,https://www.google.com/maps/place/Nanda+kost/data=!4m7!3m6!1s0x2e68e7006e072573:0xdef8e5ec9db3e39d!8m2!3d-6.8915963!4d107.628407!16s%2Fg%2F11yd7xhjrm!19sChIJcyUHbgDnaC4RneOznezl-N4?authuser=0&hl=id&rclk=1,,
kos Cisitu Bandung,Cisitu,ITB Ganesha / UNPAD Dipatiukur / UNIKOM,Kos,"Gg. Cisitu Lama II No.68A, Dago, Kecamatan Coblong, Kota Bandung, Jawa Barat 40135",,,,https://www.google.com/maps/place/Kos/data=!4m7!3m6!1s0x2e68e73c859d91d7:0x5c46a837dd559ed3!8m2!3d-6.881565!4d107.6123708!16s%2Fg%2F11j833tbf7!19sChIJ15GdhTznaC4R055V3TeoRlw?authuser=0&hl=id&rclk=1,,
kos Cisitu Bandung,Cisitu,ITB Ganesha / UNPAD Dipatiukur / UNIKOM,Kost Bu Haji Yuyu,"Jl. Cisitu Lama No.40, Dago, Kecamatan Coblong, Kota Bandung, Jawa Barat 40135",,,,https://www.google.com/maps/place/Kost+Bu+Haji+Yuyu/data=!4m7!3m6!1s0x2e68e7ba50a8e47b:0xbc68e22a641cec8!8m2!3d-6.8807388!4d107.6119914!16s%2Fg%2F11jl1mf4_z!19sChIJe-SoULrnaC4RyM5BpiKOxgs?authuser=0&hl=id&rclk=1,,
kos Tubagus Ismail Bandung,Sekeloa,ITB Ganesha / UNPAD Dipatiukur / UNIKOM,Kost 19,"Jalan Tubagus Ismail Dalam, Gg. Kubang Sari VII Sari II No.19, Sekeloa, Coblong, Bandung City, West Java 40134",,,,https://www.google.com/maps/place/Kost+19/data=!4m7!3m6!1s0x2e68e7b43f8d27cf:0xcc2a18289db05330!8m2!3d-6.8886083!4d107.6170309!16s%2Fg%2F11pzbfbrsx!19sChIJzyeNP7TnaC4RMFOwnSgYKsw?authuser=0&hl=id&rclk=1,,
kos murah Bandung,Bandung (Lainnya),Lainnya / Umum,Kost Putra Jl Maleer 3 No 2,Jl. Maleer III No.2,,,,https://www.google.com/maps/search/?api=1&query=Kost%20Putra%20Jl%20Maleer%203%20No%202&query_place_id=ChIJdfs6egDpaC4RYnqPL99j7lo,,
kos Ciumbuleuit Bandung,Ciumbuleuit,ITB Ganesha,Kost Pondok Teratai dekat UNPAR & ITB,,4.9,,,https://www.google.com/maps/search/?api=1&query=Kost%20Pondok%20Teratai%20dekat%20UNPAR%20%26%20ITB&query_place_id=ChIJR-CN0jDnaC4RWjIRqheFn88,,
kos dekat UPI Bandung,Setiabudi,UPI Setiabudi,Kost Hj. Uher,"Jl. Geger Arum I No.73, Isola, Kec. Sukasari, Kota Bandung, Jawa Barat 40154",,,,https://www.google.com/maps/place/Kost+Hj.+Uher/data=!4m7!3m6!1s0x2e68e7398ff73ac7:0xb6d6435d750d5a6!8m2!3d-6.8614744!4d107.5880177!16s%2Fg%2F11rhnr_lrb!19sChIJxzr3jznnaC4RptVQ1zVkbQs?authuser=0&hl=id&rclk=1,,
kos Cisitu Bandung,Cisitu,ITB Ganesha / UNPAD Dipatiukur / UNIKOM,Kost CIB-12,"Jl. Cisitu Indah Baru No.6, Dago, Kecamatan Coblong, Kota Bandung, Jawa Barat 40135",,,,https://www.google.com/maps/place/Kost+CIB-12/data=!4m7!3m6!1s0x2e68e7d674767241:0xc45a682c34241ca1!8m2!3d-6.8774498!4d107.6123963!16s%2Fg%2F11h_xqb8m3!19sChIJQXJ2dNbnaC4RoRwkNCxoWsQ?authuser=0&hl=id&rclk=1,,
kos murah Bandung,Bandung (Lainnya),Lainnya / Umum,Kost PERMATA (Khusus Putri),Jl. Flamboyan Barat No.14,,,,https://www.google.com/maps/search/?api=1&query=Kost%20PERMATA%20(Khusus%20Putri)&query_place_id=ChIJN9hpRwDDaC4RV_s614ZZW-s,,
kos murah Bandung,Bandung (Lainnya),Lainnya / Umum,KOST BU YUYU,"3M34+8MP, Gg. Masterja II",,,,https://www.google.com/maps/search/?api=1&query=KOST%20BU%20YUYU&query_place_id=ChIJETFnXQDpaC4R1M2R4lLSFT4,,
kos murah Bandung,Bandung (Lainnya),Lainnya / Umum,Pondok Gayo 2,,4.6,,,https://www.google.com/maps/search/?api=1&query=Pondok%20Gayo%202&query_place_id=ChIJid94_yvDaC4R2pBe6WVwjn0,,
kos murah Bandung,Bandung (Lainnya),Lainnya / Umum,Kost Arkan 2,Jl. Turangga No.27D,,,,https://www.google.com/maps/search/?api=1&query=Kost%20Arkan%202&query_place_id=ChIJrY5fegDpaC4RUNhg1NThusY,,
kos murah Bandung,Bandung (Lainnya),Lainnya / Umum,kos putri sutardjo,Jl. Manisi No.38,,,,https://www.google.com/maps/search/?api=1&query=kos%20putri%20sutardjo&query_place_id=ChIJB4lffgDDaC4R3q60uBlgoE0,,
kos Cisitu Bandung,Cisitu,ITB Ganesha / UNPAD Dipatiukur / UNIKOM,Jatibening,"Jl. Cisitu Indah 4 No.30, Dago, Kecamatan Coblong, Kota Bandung, Jawa Barat 40135",,,,https://www.google.com/maps/place/Jatibening/data=!4m7!3m6!1s0x2e68e7887ac5447f:0x1db6c6af03a0f34e!8m2!3d-6.8763477!4d107.6138416!16s%2Fg%2F11hym34l4g!19sChIJf0TFeojnaC4RTvOgA6_Gth0?authuser=0&hl=id&rclk=1,,
kos Sadang Serang Bandung,Sadang Serang,ITB Ganesha / UNPAD Dipatiukur / UNIKOM,Kost Adel,"Jalan Gagak Dalam RT. 04 RW 18 No. 104, Sadang Serang, Kecamatan Coblong, Kota Bandung, Jawa Barat 40133",,,,https://www.google.com/maps/place/Kost+Adel/data=!4m7!3m6!1s0x2e68e74dc9171345:0x4b339f18700c2885!8m2!3d-6.8947734!4d107.6264123!16s%2Fg%2F11ysn1l6wz!19sChIJRRMXyU3naC4RhSgMcBifM0s?authuser=0&hl=id&rclk=1,,
kos Cisitu Bandung,Cisitu,ITB Ganesha / UNPAD Dipatiukur / UNIKOM,STARCO KOST,"Jl. Cisitu Indah V No.8, Dago, Kecamatan Coblong, Kota Bandung, Jawa Barat 40135",,,,https://www.google.com/maps/place/STARCO+KOST/data=!4m7!3m6!1s0x2e68e6e4db7890d3:0x66e50280631c56e2!8m2!3d-6.875702!4d107.6132078!16s%2Fg%2F11g87bbwqc!19sChIJ05B42-TmaC4R4lYcY4AC5WY?authuser=0&hl=id&rclk=1,,
kos murah Bandung,Bandung (Lainnya),Lainnya / Umum,Fazza Kost Putra,Jl. Siti Munigar No.54 22e,,,,https://www.google.com/maps/search/?api=1&query=Fazza%20Kost%20Putra&query_place_id=ChIJd6MvDQDpaC4RAeNmPiNomhI,,
kos Sadang Serang Bandung,Sadang Serang,ITB Ganesha / UNPAD Dipatiukur / UNIKOM,kost bunda,"Jl. Sadang Serang No.178, Sadang Serang, Kecamatan Coblong, Kota Bandung, Jawa Barat 40133",,,,https://www.google.com/maps/place/kost+bunda/data=!4m7!3m6!1s0x2e68e7f010f695c7:0xadf1d67af55f64e0!8m2!3d-6.8936087!4d107.6260456!16s%2Fg%2F11rcsq87t6!19sChIJx5X2EPDnaC4R4GRf9XrW8a0?authuser=0&hl=id&rclk=1,,
kos murah Bandung,Bandung (Lainnya),Lainnya / Umum,Kos Putri Sindang Mekar,"3P88+RHJ Kos puteri Sindang Mekar, RT./RW/RW.01/10",,,,https://www.google.com/maps/search/?api=1&query=Kos%20Putri%20Sindang%20Mekar&query_place_id=ChIJuxB7CgDDaC4Rnmol1bHQ_Vw,,
kos dekat UPI Bandung,Gegerkalong,UPI Setiabudi,Madeena Kost,"Jl. Gegerkalong Girang Baru III No.2, Isola, Kec. Sukasari, Kota Bandung, Jawa Barat 40154",,,,https://www.google.com/maps/place/Madeena+Kost/data=!4m7!3m6!1s0x2e68e7a4951da027:0x4daf743dfe8b0ca0!8m2!3d-6.8626398!4d107.5913516!16s%2Fg%2F11kj_mfwph!19sChIJJ6AdlaTnaC4RoAyL_j10r00?authuser=0&hl=id&rclk=1,,
kos Dago / Dipatiukur Bandung,Dago / Dipatiukur,ITB Ganesha / UNPAD Dipatiukur / UNIKOM,KOST PUTRA D'FILO,"Kost D'Filo, Jl. Dago Asri 1 No.C19",,,,https://www.google.com/maps/search/?api=1&query=KOST%20PUTRA%20D'FILO&query_place_id=ChIJUzOlMADnaC4RXXe_5Q4QkVI,,
kos murah Bandung,Bandung (Lainnya),Lainnya / Umum,Kos Putri Rengganis,"Kos Putri Rengganis, Jl. A.H. Nasution Gang Lio Selatan No.110, RT.02/RW.01",,,,https://www.google.com/maps/search/?api=1&query=Kos%20Putri%20Rengganis&query_place_id=ChIJ0SZbHQDDaC4RPAJixs_YZtg,,
kos Tubagus Ismail Bandung,Tubagus Ismail,ITB Ganesha / UNPAD Dipatiukur / UNIKOM,Kost Muslimah Putri,Jl. Tubagus Ismail Bawah No.9,,,,https://www.google.com/maps/search/?api=1&query=Kost%20Muslimah%20Putri&query_place_id=ChIJzc42puznaC4RLxQw-Mlt-dM,,
kos Tubagus Ismail Bandung,Tubagus Ismail,ITB Ganesha / UNPAD Dipatiukur / UNIKOM,Kos Putra,Jl. Tubagus Ismail V No.33,,,,https://www.google.com/maps/search/?api=1&query=Kos%20Putra&query_place_id=ChIJAa6COwDnaC4RWQWmJiet8Wk,,
kos murah Bandung,Bandung (Lainnya),Lainnya / Umum,Kost khusus putri,Jl. Panutan II No.15,,,,https://www.google.com/maps/search/?api=1&query=Kost%20khusus%20putri&query_place_id=ChIJtQMlQADdaC4RNSk7-qv0Dpw,,
kos dekat UPI Bandung,Gegerkalong,UPI Setiabudi,NT31 Rumah Kost,"Jl. Negla Tengah No.31, RT.05/RW.04, Isola, Kec. Sukasari, Kota Bandung, Jawa Barat 40154",,,,https://www.google.com/maps/place/NT31+Rumah+Kost/data=!4m7!3m6!1s0x2e68e724696144bd:0x42d06fc8a2bf21d4!8m2!3d-6.8546047!4d107.5930301!16s%2Fg%2F11h_1h5kvv!19sChIJvURhaSTnaC4R1CG_oshv0EI?authuser=0&hl=id&rclk=1,,
kos dekat UPI Bandung,Gegerkalong,UPI Setiabudi,Kos H. Jajang,"Jl. Gegerkalong Girang Jl. Guru Gantangan No.RT.04 BLK No.27, RW03, Kec. Sukasari, Kota Bandung, Jawa Barat 40153",,,,https://www.google.com/maps/place/Kos+H.+Jajang/data=!4m7!3m6!1s0x2e68e751f397b5bb:0xb6b36a1a6bfeb682!8m2!3d-6.865201!4d107.5923266!16s%2Fg%2F11j0h9h937!19sChIJu7WX81HnaC4Rgrb-axpqs7Y?authuser=0&hl=id&rclk=1,,
kos Tubagus Ismail Bandung,Sekeloa,ITB Ganesha / UNPAD Dipatiukur / UNIKOM,Kos Tubagus Ismail 88,"Jl. Tubagus Ismail No.88, Sekeloa, Kecamatan Coblong, Kota Bandung, Jawa Barat 40134",,,,https://www.google.com/maps/place/Kos+Tubagus+Ismail+88/data=!4m7!3m6!1s0x2e68e7c41d89ec2b:0xe91ae0850a5ac530!8m2!3d-6.8860989!4d107.6227352!16s%2Fg%2F11tsjxkm8d!19sChIJK-yJHcTnaC4RMMVaCoXgGuk?authuser=0&hl=id&rclk=1,,
kos Tubagus Ismail Bandung,Tubagus Ismail,ITB Ganesha / UNPAD Dipatiukur / UNIKOM,Kost Tubagus Ismail Dalam 17C,"Jl. Tubagus Ismail Dalam No.17C, Lebakgede, Kecamatan Coblong, Kota Bandung, Jawa Barat 40132",,,,https://www.google.com/maps/place/Kost+Tubagus+Ismail+Dalam+17C/data=!4m7!3m6!1s0x2e68e700145921b7:0x46950313015b603d!8m2!3d-6.8873191!4d107.6169895!16s%2Fg%2F11xp29rywd!19sChIJtyFZFADnaC4RPWBbARMDlUY?authuser=0&hl=id&rclk=1,,
kos Sadang Serang Bandung,Sadang Serang,ITB Ganesha / UNPAD Dipatiukur / UNIKOM,Kost Valora,"4J4G+GCM, Sadang Serang, Kecamatan Coblong, Kota Bandung, Jawa Barat 40133",,,,https://www.google.com/maps/place/Kost+Valora/data=!4m7!3m6!1s0x2e68e780873cd3b3:0x22bbca42e88a75ba!8m2!3d-6.8936415!4d107.6260183!16s%2Fg%2F11rtmhnh2y!19sChIJs9M8h4DnaC4RunWK6ELKuyI?authuser=0&hl=id&rclk=1,,
kos Tubagus Ismail Bandung,Sekeloa,ITB Ganesha / UNPAD Dipatiukur / UNIKOM,Kost Alima,"V No. 61A, Jl. Tubagus Ismail, Sekeloa, Kecamatan Coblong, Kota Bandung, Jawa Barat 40134",,,,https://www.google.com/maps/place/Kost+Alima/data=!4m7!3m6!1s0x2e68e6fef060616b:0x72ec1c705e7f9a97!8m2!3d-6.8834154!4d107.6179919!16s%2Fg%2F11hbkctp1s!19sChIJa2Fg8P7maC4Rl5p_XnAc7HI?authuser=0&hl=id&rclk=1,,
kos dekat UPI Bandung,Gegerkalong,UPI Setiabudi,kost putri zata,"4HRR+X76, Jl. Cilimus, Isola, Kec. Sukasari, Kota Bandung, Jawa Barat 40154",,,,https://www.google.com/maps/place/kost+putri+zata/data=!4m7!3m6!1s0x2e68e7007ca217db:0x8a3d8a5911d5dee5!8m2!3d-6.8575778!4d107.5906335!16s%2Fg%2F11zbrm432j!19sChIJ2xeifADnaC4R5d7VEVmKPYo?authuser=0&hl=id&rclk=1,,
kost dekat ITB Ganesha,Cisitu,ITB Ganesha,Kost Bu Ikeu,"Jl. Cisitu Lama No.29B 160C, Dago, Kecamatan Coblong, Kota Bandung, Jawa Barat 40135",,,,https://www.google.com/maps/place/Kost+Bu+Ikeu/data=!4m7!3m6!1s0x2e68e7a98c915c61:0xe8fc06611ee5f6a0!8m2!3d-6.878493!4d107.611149!16s%2Fg%2F11pkls97lp!19sChIJYVyRjKnnaC4RoPblHmEG_Og?authuser=0&hl=id&rclk=1,,
kos dekat UPI Bandung,Setiabudi,UPI Setiabudi,Kost pak Ridwan,"Jl. Geger Asih No.15, Isola, Kec. Sukasari, Kota Bandung, Jawa Barat 40154",,,,https://www.google.com/maps/place/Kost+pak+Ridwan/data=!4m7!3m6!1s0x2e68e733e186c951:0xc39b11b04dc7e510!8m2!3d-6.8626202!4d107.5893734!16s%2Fg%2F11nx2964ks!19sChIJUcmG4TPnaC4REOXHTbARm8M?authuser=0&hl=id&rclk=1,,
kos dekat UPI Bandung,Gegerkalong,UPI Setiabudi,MM kost violet,"Jl. Gegerkalong Tengah No.99, Gegerkalong, Kec. Sukasari, Kota Bandung, Jawa Barat 40153",,,,https://www.google.com/maps/place/MM+kost+violet/data=!4m7!3m6!1s0x2e68e742a3c74b7f:0x55e48631030ee82a!8m2!3d-6.8656031!4d107.592098!16s%2Fg%2F11j4vmwb65!19sChIJf0vHo0LnaC4RKugOAzGG5FU?authuser=0&hl=id&rclk=1,,
kos Cisitu Bandung,Cisitu,ITB Ganesha / UNPAD Dipatiukur / UNIKOM,Kos Cisitu Lama I No.92A,"Gg. Cisitu Lama I No.92A, Dago, Kecamatan Coblong, Kota Bandung, Jawa Barat 40135",,,,https://www.google.com/maps/place/Kos+Cisitu+Lama+I+No.92A/data=!4m7!3m6!1s0x2e68e7deacc4f44f:0x8bf081b65083da82!8m2!3d-6.8823268!4d107.6126208!16s%2Fg%2F11rnm5sjb7!19sChIJT_TErN7naC4RgtqDULaB8Is?authuser=0&hl=id&rclk=1,,
kos Sadang Serang Bandung,Sadang Serang,ITB Ganesha / UNPAD Dipatiukur / UNIKOM,Kost Jeptur,"Kp Jl. Pasir Kaliki Barat No.8, Sadang Serang, Kecamatan Coblong, Kota Bandung, Jawa Barat 40133",,,,https://www.google.com/maps/place/Kost+Jeptur/data=!4m7!3m6!1s0x2e68e794d9dbad59:0xa74bc3bc55553e9f!8m2!3d-6.8928446!4d107.6239005!16s%2Fg%2F11ts42c3dg!19sChIJWa3b2ZTnaC4Rnz5VVbzDS6c?authuser=0&hl=id&rclk=1,,
kost dekat ITB Ganesha,Sekeloa,ITB Ganesha,Wisma YRD Kost,"Jl. Sekeloa Tengah No.23B 152C, Lebakgede, Kecamatan Coblong, Kota Bandung, Jawa Barat 40132",,,,https://www.google.com/maps/place/Wisma+YRD+Kost/data=!4m7!3m6!1s0x2e68e654e8ec7c63:0x295239a5287d0abe!8m2!3d-6.8900785!4d107.6197582!16s%2Fg%2F11c5wlzchc!19sChIJY3zs6FTmaC4Rvgp9KKU5Uik?authuser=0&hl=id&rclk=1,,
kos dekat UPI Bandung,Setiabudi,UPI Setiabudi,Kos Putri ORCHID UPI,"4HRV+76V, Isola, Kec. Sukasari, Kota Bandung, Jawa Barat 40154",,,,https://www.google.com/maps/place/Kos+Putri+ORCHID+UPI/data=!4m7!3m6!1s0x2e68e7832c943f09:0x4a549b6362703953!8m2!3d-6.8592302!4d107.5930374!16s%2Fg%2F11l5wkv70r!19sChIJCT-ULIPnaC4RUzlwYmObVEo?authuser=0&hl=id&rclk=1,,
kost dekat ITB Ganesha,Sekeloa,ITB Ganesha,Kost Putra Pak Rudi,"Dalam, Jl. Tubagus Ismail VIII No.27, Sekeloa, Coblong, Bandung City, West Java 40134",,,,https://www.google.com/maps/place/Kost+Putra+Pak+Rudi/data=!4m7!3m6!1s0x2e68e701d37aa13f:0x28590d4d686bfd9d!8m2!3d-6.8840327!4d107.6218062!16s%2Fg%2F11c5s52898!19sChIJP6F60wHnaC4Rnf1raE0NWSg?authuser=0&hl=id&rclk=1,,
kos Cisitu Bandung,Cisitu,ITB Ganesha / UNPAD Dipatiukur / UNIKOM,Kos Cisitu Lama I No. 12,"Gg. Cisitu Lama I No.12, Dago, Kecamatan Coblong, Kota Bandung, Jawa Barat 40135",,,,https://www.google.com/maps/place/Kos+Cisitu+Lama+I+No.+12/data=!4m7!3m6!1s0x2e68e77ef3ec9b01:0x69cbcfd8d2222e91!8m2!3d-6.8822627!4d107.6123485!16s%2Fg%2F11vl3nywk3!19sChIJAZvs837naC4RkS4i0tjPy2k?authuser=0&hl=id&rclk=1,,
kos dekat UPI Bandung,Gegerkalong,UPI Setiabudi,Upi bandung,"4HQR+FVM, Jl. Gegerkalong Girang, Isola, Kec. Sukasari, Kota Bandung, Jawa Barat 40154",,,,https://www.google.com/maps/place/Upi+bandung/data=!4m7!3m6!1s0x2e68e73a84ea111d:0xcf04fadee4c999a9!8m2!3d-6.8612989!4d107.5921612!16s%2Fg%2F11v5_y2xs0!19sChIJHRHqhDrnaC4RqZnJ5N76BM8?authuser=0&hl=id&rclk=1,,
kos Sadang Serang Bandung,Sadang Serang,ITB Ganesha / UNPAD Dipatiukur / UNIKOM,kost riyandi,"No Jl. Piit No.6, Sadang Serang, Kecamatan Coblong, Kota Bandung, Jawa Barat 40133",,,,https://www.google.com/maps/place/kost+riyandi/data=!4m7!3m6!1s0x2e68e7b2b64b353f:0xab417983a3425e5c!8m2!3d-6.8980035!4d107.6219502!16s%2Fg%2F11bt_82sb7!19sChIJPzVLtrLnaC4RXF5Co4N5Qas?authuser=0&hl=id&rclk=1,,
kos Tubagus Ismail Bandung,Sekeloa,ITB Ganesha / UNPAD Dipatiukur / UNIKOM,Kos Eyang,"Jl. Tubagus Ismail V No.15, Sekeloa, Kecamatan Coblong, Kota Bandung, Jawa Barat 40134",,,,https://www.google.com/maps/place/Kos+Eyang/data=!4m7!3m6!1s0x2e68e70c7e6c9793:0x849a8a1a9528c83a!8m2!3d-6.8837502!4d107.6172735!16s%2Fg%2F11q9qrqvps!19sChIJk5dsfgznaC4ROsgolRqKmoQ?authuser=0&hl=id&rclk=1,,
kos Sadang Serang Bandung,Sadang Serang,ITB Ganesha / UNPAD Dipatiukur / UNIKOM,Kost Ibu ADE (Ibu Nova),"Jl. Titiran Dalam 1 No.222c, Sadang Serang, Kecamatan Coblong, Kota Bandung, Jawa Barat 40133",,,,https://www.google.com/maps/place/Kost+Ibu+ADE+%28Ibu+Nova%29/data=!4m7!3m6!1s0x2e68e7931363fe73:0x97e9f6ffc6432784!8m2!3d-6.8950414!4d107.6196269!16s%2Fg%2F11rwxh2r8s!19sChIJc_5jE5PnaC4RhCdDxv_26Zc?authuser=0&hl=id&rclk=1,,
kos Cisitu Bandung,Cisitu,ITB Ganesha / UNPAD Dipatiukur / UNIKOM,KOST PONDOK REMPAH DAGO,"Jl. Cisitu Lama VIII No.25, Dago, Kecamatan Coblong, Kota Bandung, Jawa Barat 40135",,,,https://www.google.com/maps/place/KOST+PONDOK+REMPAH+DAGO/data=!4m7!3m6!1s0x2e68e7001d2a3125:0xfd8a5212aabd4c4c!8m2!3d-6.8793706!4d107.612651!16s%2Fg%2F11y_2l_2m2!19sChIJJTEqHQDnaC4RTEy9qhJSiv0?authuser=0&hl=id&rclk=1,,
kos Tubagus Ismail Bandung,Sekeloa,ITB Ganesha / UNPAD Dipatiukur / UNIKOM,Kost Tuisda 17F,"Jl. Tubagus Ismail Dalam No.31, Sekeloa, Kecamatan Coblong, Kota Bandung, Jawa Barat 40134",,,,https://www.google.com/maps/place/Kost+Tuisda+17F/data=!4m7!3m6!1s0x2e68e7caf64d3fb1:0xf7515aa78d0cda72!8m2!3d-6.8873159!4d107.6167!16s%2Fg%2F11s4_dx3vp!19sChIJsT9N9srnaC4RctoMjadaUfc?authuser=0&hl=id&rclk=1,,
kos Sadang Serang Bandung,Sadang Serang,ITB Ganesha / UNPAD Dipatiukur / UNIKOM,Kosan Larva12,"4J3C+8V7, Jl. Calad I, Sadang Serang, Kecamatan Coblong, Kota Bandung, Jawa Barat 40133",,,,https://www.google.com/maps/place/Kosan+Larva12/data=!4m7!3m6!1s0x2e68e7ad57a27d5d:0xccd97b07dff31605!8m2!3d-6.8967246!4d107.622177!16s%2Fg%2F11c0vlgtlj!19sChIJXX2iV63naC4RBRbz3wd72cw?authuser=0&hl=id&rclk=1,,
kos Cisitu Bandung,Cisitu,ITB Ganesha / UNPAD Dipatiukur / UNIKOM,Kost Bu Ayu Cisitu 17,"Gg. Cisitu Lama I No.17, Dago, Kecamatan Coblong, Kota Bandung, Jawa Barat 40135",,,,https://www.google.com/maps/place/Kost+Bu+Ayu+Cisitu+17/data=!4m7!3m6!1s0x2e68e7b5659a20c3:0xc1470ea3f434bbc1!8m2!3d-6.8821434!4d107.6127653!16s%2Fg%2F11q43_gy3p!19sChIJwyCaZbXnaC4Rwbs09KMOR8E?authuser=0&hl=id&rclk=1,,
kos Tubagus Ismail Bandung,Sekeloa,ITB Ganesha / UNPAD Dipatiukur / UNIKOM,Sugenk Kost 16A,"Jl. Tubagus Ismail XV No.16a, Sekeloa, Kecamatan Coblong, Kota Bandung, Jawa Barat 40134",,,,https://www.google.com/maps/place/Sugenk+Kost+16A/data=!4m7!3m6!1s0x2e68e724f0fdb967:0x9a465a044cf9aaf4!8m2!3d-6.8824553!4d107.6183959!16s%2Fg%2F11gr2ch3p4!19sChIJZ7n98CTnaC4R9Kr5TARaRpo?authuser=0&hl=id&rclk=1,,
kos Tubagus Ismail Bandung,Sekeloa,ITB Ganesha / UNPAD Dipatiukur / UNIKOM,Kost Firdaus,"Jl. Tubagus Ismail VIII No.20, Sekeloa, Kecamatan Coblong, Kota Bandung, Jawa Barat 40134",,,,https://www.google.com/maps/place/Kost+Firdaus/data=!4m7!3m6!1s0x2e68e7001bb86cb7:0xc772001523893e85!8m2!3d-6.8845487!4d107.6209462!16s%2Fg%2F11m5pmq96z!19sChIJt2y4GwDnaC4RhT6JIxUAcsc?authuser=0&hl=id&rclk=1,,
kos Sadang Serang Bandung,Sadang Serang,ITB Ganesha / UNPAD Dipatiukur / UNIKOM,Kost pasbar 06,"Pasbar No.0, RW.6, Sadang Serang, Kecamatan Coblong, Kota Bandung, Jawa Barat 40133",,,,https://www.google.com/maps/place/Kost+pasbar+06/data=!4m7!3m6!1s0x2e68e7035607712d:0xe82e384f39137534!8m2!3d-6.8921523!4d107.6240746!16s%2Fg%2F11scq8zr7s!19sChIJLXEHVgPnaC4RNHUTOU84Lug?authuser=0&hl=id&rclk=1,,
kost dekat ITB Ganesha,Kanayakan,ITB Ganesha,Kost Putri Kanayakan Baru 3A,"Jl. Kanayakan Baru, Dago, Kecamatan Coblong, Kota Bandung, Jawa Barat 40135",,,,https://www.google.com/maps/place/Kost+Putri+Kanayakan+Baru+3A/data=!4m7!3m6!1s0x2e68e707692e6b77:0x8eeac29b41a1b902!8m2!3d-6.8787278!4d107.6182825!16s%2Fg%2F11p_228y30!19sChIJd2suaQfnaC4RArmhQZvC6o4?authuser=0&hl=id&rclk=1,,
kos Gegerkalong Bandung,Gegerkalong,UPI Setiabudi / POLBAN,Kost Pondok Aulia,"Kos Pondok Aulia, Jl. Taman Setiabudi Jl. Gegerkalong Girang No.22 Kav 21, RT.006/RW.003, Gegerkalong, Sukasari, Bandung City, West Java 40154",,,,https://www.google.com/maps/place/Kost+Pondok+Aulia/data=!4m7!3m6!1s0x2e68e6bdb6298acb:0x814e5b196924544!8m2!3d-6.8650277!4d107.5904738!16s%2Fg%2F11c3svm62y!19sChIJy4optr3maC4RREWSlrHlFAg?authuser=0&hl=id&rclk=1,,
kos Gegerkalong Bandung,Gegerkalong,UPI Setiabudi / POLBAN,Kosan Gerlong Tengah,"Jl. Gegerkalong Tengah, Gegerkalong, Kec. Sukasari, Kota Bandung, Jawa Barat 40153",,,,https://www.google.com/maps/place/Kosan+Gerlong+Tengah/data=!4m7!3m6!1s0x2e68e69652ea4825:0xae0e9d13d4213a6c!8m2!3d-6.8651227!4d107.5920272!16s%2Fg%2F11b6j7k_s1!19sChIJJUjqUpbmaC4RbDoh1BOdDq4?authuser=0&hl=id&rclk=1,,
kos dekat UPI Bandung,Gegerkalong,UPI Setiabudi,Kost twins,"Jl. Dr. Setiabudi No.199B, Gegerkalong, Kec. Sukasari, Kota Bandung, Jawa Barat 40153",,,,https://www.google.com/maps/place/Kost+twins/data=!4m7!3m6!1s0x2e68e708d0ccb737:0x7a23322a4bbc0c80!8m2!3d-6.8655791!4d107.5933998!16s%2Fg%2F11kn7z1h98!19sChIJN7fM0AjnaC4RgAy8SyoyI3o?authuser=0&hl=id&rclk=1,,
kos dekat UPI Bandung,Gegerkalong,UPI Setiabudi,Kosan Bunda,"Jl. Geger Kalong Girang Baru II No.3, O928, Isola, Kec. Sukasari, Kota Bandung, Jawa Barat 40154",,,,https://www.google.com/maps/place/Kosan+Bunda/data=!4m7!3m6!1s0x2e68e713557af349:0xb0f42b30ef1064d8!8m2!3d-6.8627846!4d107.5915136!16s%2Fg%2F11s32wzw04!19sChIJSfN6VRPnaC4R2GQQ7zAr9LA?authuser=0&hl=id&rclk=1,,
kos Tubagus Ismail Bandung,Sekeloa,ITB Ganesha / UNPAD Dipatiukur / UNIKOM,Kost Tubagus Ismail 9 No 2,"No Jl. Tubagus Ismail IX No.2, Sekeloa, Kecamatan Coblong, Kota Bandung, Jawa Barat 40134",,,,https://www.google.com/maps/place/Kost+Tubagus+Ismail+9+No+2/data=!4m7!3m6!1s0x2e68e6fe50498c65:0xc815ce257a13cce9!8m2!3d-6.8836201!4d107.618962!16s%2Fg%2F11clhq2mpw!19sChIJZYxJUP7maC4R6cwTeiXOFcg?authuser=0&hl=id&rclk=1,,
kos Sadang Serang Bandung,Sadang Serang,ITB Ganesha / UNPAD Dipatiukur / UNIKOM,Kost Caladi Dalam,"Jl. Caladi Dalam No.7, Sadang Serang, Kecamatan Coblong, Kota Bandung, Jawa Barat 40133",,,,https://www.google.com/maps/place/Kost+Caladi+Dalam/data=!4m7!3m6!1s0x2e68e7ad5f9c143b:0xab652ea1c87f7e0f!8m2!3d-6.8968516!4d107.6227749!16s%2Fg%2F1pzq54_9q!19sChIJOxScX63naC4RD35_yKEuZas?authuser=0&hl=id&rclk=1,,
kos Sadang Serang Bandung,Sadang Serang,ITB Ganesha / UNPAD Dipatiukur / UNIKOM,Kosan Soe,"Jl. Titiran Dalam 1 No.5, Sadang Serang, Kecamatan Coblong, Kota Bandung, Jawa Barat 40133",,,,https://www.google.com/maps/place/Kosan+Soe/data=!4m7!3m6!1s0x2e68e70003728e0b:0x8900e73e1360b90a!8m2!3d-6.8945417!4d107.6196431!16s%2Fg%2F11mdfjdcf2!19sChIJC45yAwDnaC4RCrlgEz7nAIk?authuser=0&hl=id&rclk=1,,
kos dekat UPI Bandung,Setiabudi,UPI Setiabudi,Kost Pak Ansor,"Unnamed Road, Isola, Kec. Sukasari, Kota Bandung, Jawa Barat 40154",,,,https://www.google.com/maps/place/Kost+Pak+Ansor/data=!4m7!3m6!1s0x2e68e7bffbf8bfd1:0xf6ff8a6c6a7dc66f!8m2!3d-6.8576558!4d107.5906578!16s%2Fg%2F11hdqwfdkw!19sChIJ0b_4-7_naC4Rb8Z9amyK__Y?authuser=0&hl=id&rclk=1,,
kos dekat UPI Bandung,Setiabudi,UPI Setiabudi,Erco Kost 2,"4HQP+X69, Jl. Geger Arum Baru, Isola, Kec. Sukasari, Kota Bandung, Jawa Barat 40154",,,,https://www.google.com/maps/place/Erco+Kost+2/data=!4m7!3m6!1s0x2e68e75837c4a933:0x5682a454afbb7fa6!8m2!3d-6.8600824!4d107.5856221!16s%2Fg%2F11gr62hxbh!19sChIJM6nEN1jnaC4Rpn-7r1SkglY?authuser=0&hl=id&rclk=1,,
kos Sadang Serang Bandung,Sadang Serang,ITB Ganesha / UNPAD Dipatiukur / UNIKOM,Kosan kencana putri,"4J2C+MJG, Sadang Serang, Kecamatan Coblong, Kota Bandung, Jawa Barat 40133",,,,https://www.google.com/maps/place/Kosan+kencana+putri/data=!4m7!3m6!1s0x2e68e7b448eff845:0x72b34cef9fcd3df0!8m2!3d-6.8983046!4d107.6215912!16s%2Fg%2F11st67wmfp!19sChIJRfjvSLTnaC4R8D3Nn-9Ms3I?authuser=0&hl=id&rclk=1,,
kos dekat UPI Bandung,Setiabudi,UPI Setiabudi,Kost Cempaka Merah,"Gg. Cempaka No.161, Isola, Kec. Sukasari, Kota Bandung, Jawa Barat 40154",,,,https://www.google.com/maps/place/Kost+Cempaka+Merah/data=!4m7!3m6!1s0x2e68e7220bc0e0a1:0xad6c3857a3e057fd!8m2!3d-6.8617321!4d107.5892296!16s%2Fg%2F11s1y0j519!19sChIJoeDACyLnaC4R_Vfgo1c4bK0?authuser=0&hl=id&rclk=1,,
kos Sekeloa Bandung,Sekeloa,ITB Ganesha / UNPAD Dipatiukur / UNIKOM,Kost Azza,"Jl. Sekeloa Utara 2 No.8, Sekeloa, Kecamatan Coblong, Kota Bandung, Jawa Barat 40134",,,,https://www.google.com/maps/place/Kost+Azza/data=!4m7!3m6!1s0x2e68e6ff7d18c00b:0x5da7e90446564d62!8m2!3d-6.8865372!4d107.6178934!16s%2Fg%2F11gfh_v71c!19sChIJC8AYff_maC4RYk1WRgTpp10?authuser=0&hl=id&rclk=1,,
kos dekat UPI Bandung,Gegerkalong,UPI Setiabudi,Kosan Al-Huda Hj. Dedeh,"Jl. Cilimus Rt 07/06 No. 90, Isola, Kec. Sukasari, Kota Bandung, Jawa Barat 40154",,,,https://www.google.com/maps/place/Kosan+Al-Huda+Hj.+Dedeh/data=!4m7!3m6!1s0x2e68e73a83aae0f1:0x374834c7c0e9aa40!8m2!3d-6.8581989!4d107.5903961!16s%2Fg%2F11s57gk46j!19sChIJ8eCqgzrnaC4RQKrpwMc0SDc?authuser=0&hl=id&rclk=1,,
kos Tubagus Ismail Bandung,Sekeloa,ITB Ganesha / UNPAD Dipatiukur / UNIKOM,Kosan Tubagus Ismail VIII Dalam,"Jl. Tubagus Ismail VIII Dalam No.28, Sekeloa, Kecamatan Coblong, Kota Bandung, Jawa Barat 40134",,,,https://www.google.com/maps/place/Kosan+Tubagus+Ismail+VIII+Dalam/data=!4m7!3m6!1s0x2e68e701d53f4e53:0xe1a60bdb1b33482!8m2!3d-6.8839519!4d107.6216281!16s%2Fg%2F11c57jjl9y!19sChIJU04_1QHnaC4RgjSzsb1gGg4?authuser=0&hl=id&rclk=1,,
kos Cisitu Bandung,Cisitu,ITB Ganesha / UNPAD Dipatiukur / UNIKOM,Kost Apik Cisitu Indah V,"4JG7+3GR, Dago, Kecamatan Coblong, Kota Bandung, Jawa Barat 40135",,,,https://www.google.com/maps/place/Kost+Apik+Cisitu+Indah+V/data=!4m7!3m6!1s0x2e68e70000633b5b:0x59427a604b0dcd91!8m2!3d-6.8747857!4d107.6138418!16s%2Fg%2F11x2pb9t7k!19sChIJWztjAADnaC4Rkc0NS2B6Qlk?authuser=0&hl=id&rclk=1,,
kos Cisitu Bandung,Cisitu,ITB Ganesha / UNPAD Dipatiukur / UNIKOM,Kost Putri Cisitu Indah II No. 12,"Jl. Cisitu Indah 2 No.12, Dago, Kecamatan Coblong, Kota Bandung, Jawa Barat 40135",,,,https://www.google.com/maps/place/Kost+Putri+Cisitu+Indah+II+No.+12/data=!4m10!3m9!1s0x2e68e7dcbfd54459:0xd6bb1bb3b808e131!5m2!4m1!1i2!8m2!3d-6.876374!4d107.6122434!16s%2Fg%2F11p5n5p37f!19sChIJWUTVv9znaC4RMeEIuLMbu9Y?authuser=0&hl=id&rclk=1,,
kos Cisitu Bandung,Cisitu,ITB Ganesha / UNPAD Dipatiukur / UNIKOM,Kost joseph,"4J97+W82, Jl. Cisitu Lama IX, Dago, Kecamatan Coblong, Kota Bandung, Jawa Barat 40135",,,,https://www.google.com/maps/place/Kost+joseph/data=!4m7!3m6!1s0x2e68e70053970693:0x57118932eb8fa908!8m2!3d-6.8802474!4d107.6132779!16s%2Fg%2F11y_1txhx2!19sChIJkwaXUwDnaC4RCKmP6zKJEVc?authuser=0&hl=id&rclk=1,,
kos dekat UPI Bandung,Gegerkalong,UPI Setiabudi,Kosan Pondok Putri,"Jl. Gegerkalong Tengah No.78, Gegerkalong, Kec. Sukasari, Kota Bandung, Jawa Barat 40153",,,,https://www.google.com/maps/place/Kosan+Pondok+Putri/data=!4m7!3m6!1s0x2e68e6bdd250be8f:0x88ed5cb2aaffe88d!8m2!3d-6.8649784!4d107.5915164!16s%2Fg%2F11g7_h3dm_!19sChIJj75Q0r3maC4Rjej_qrJc7Yg?authuser=0&hl=id&rclk=1,,
kos Sadang Serang Bandung,Sadang Serang,ITB Ganesha / UNPAD Dipatiukur / UNIKOM,Kosan gagak 35,"Jl. Gagak No.35, Sadang Serang, Kecamatan Coblong, Kota Bandung, Jawa Barat 40133",,,,https://www.google.com/maps/place/Kosan+gagak+35/data=!4m7!3m6!1s0x2e68e7f7e1b94a0d:0x125f73f7ea2d692a!8m2!3d-6.8964257!4d107.6249477!16s%2Fg%2F11vklvmsfw!19sChIJDUq54ffnaC4RKmkt6vdzXxI?authuser=0&hl=id&rclk=1,,
kos Tubagus Ismail Bandung,Sekeloa,ITB Ganesha / UNPAD Dipatiukur / UNIKOM,Tubagus Mansion,"Jl. Tubagus Ismail VII No.9, Sekeloa, Kecamatan Coblong, Kota Bandung, Jawa Barat 40134",,,,https://www.google.com/maps/place/Tubagus+Mansion/data=!4m7!3m6!1s0x2e68e7d52805ddf7:0xdd9213d0e9990085!8m2!3d-6.8841218!4d107.6192163!16s%2Fg%2F11g0h8k3d0!19sChIJ990FKNXnaC4RhQCZ6dATkt0?authuser=0&hl=id&rclk=1,,
kost dekat ITB Ganesha,Ciumbuleuit,ITB Ganesha,Kos Bu Rita,"Jl. Ciumbuleuit No.35 Blok 155A, Hegarmanah, Kec. Cidadap, Kota Bandung, Jawa Barat 40142",,,,https://www.google.com/maps/place/Kos+Bu+Rita/data=!4m7!3m6!1s0x2e68e77e832b77e9:0x94a0e4aafd33cb81!8m2!3d-6.8822633!4d107.6058027!16s%2Fg%2F11nxqn4wvr!19sChIJ6Xcrg37naC4Rgcsz_arkoJQ?authuser=0&hl=id&rclk=1,,
kos Sadang Serang Bandung,Sadang Serang,ITB Ganesha / UNPAD Dipatiukur / UNIKOM,Kost Pak Ahmad,"4J4C+797, Sadang Serang, Kecamatan Coblong, Kota Bandung, Jawa Barat 40133",,,,https://www.google.com/maps/place/Kost+Pak+Ahmad/data=!4m7!3m6!1s0x2e68e7b5f7f79679:0xa92c41fbf7edd657!8m2!3d-6.8943304!4d107.6209304!16s%2Fg%2F11vlspfzy4!19sChIJeZb397XnaC4RV9bt9_tBLKk?authuser=0&hl=id&rclk=1,,
kos Cisitu Bandung,Cisitu,ITB Ganesha / UNPAD Dipatiukur / UNIKOM,KOS HAS NO 8,"Jl. Cisitu Lama XI No.8, Dago, Kecamatan Coblong, Kota Bandung, Jawa Barat 40135",,,,https://www.google.com/maps/place/KOS+HAS+NO+8/data=!4m7!3m6!1s0x2e68e7d8b1ef135f:0xfede919e295bfa4c!8m2!3d-6.8792904!4d107.6147919!16s%2Fg%2F11qnfm_4bk!19sChIJXxPvsdjnaC4RTPpbKZ6R3v4?authuser=0&hl=id&rclk=1,,
kos Sadang Serang Bandung,Sadang Serang,ITB Ganesha / UNPAD Dipatiukur / UNIKOM,Kost Pak Nana,"Sadang Serang, Kecamatan Coblong, Kota Bandung, Jawa Barat 40133",,,,https://www.google.com/maps/place/Kost+Pak+Nana/data=!4m7!3m6!1s0x2e68e73e052817db:0xc1a7f9eb0f4fd8cf!8m2!3d-6.8952334!4d107.626798!16s%2Fg%2F11rzjfgwwh!19sChIJ2xcoBT7naC4Rz9hPD-v5p8E?authuser=0&hl=id&rclk=1,,
kos Cisitu Bandung,Cisitu,ITB Ganesha / UNPAD Dipatiukur / UNIKOM,Kost Cisitu Baru No. 7,"Jl. Cisitu Baru No.7, Dago, Kecamatan Coblong, Kota Bandung, Jawa Barat 40135",,,,https://www.google.com/maps/place/Kost+Cisitu+Baru+No.+7/data=!4m7!3m6!1s0x2e68e71620b25a03:0x5c4cdd3c4d38de91!8m2!3d-6.8843699!4d107.6130047!16s%2Fg%2F11hdw8_8mm!19sChIJA1qyIBbnaC4Rkd44TTzdTFw?authuser=0&hl=id&rclk=1,,
kos Cisitu Bandung,Cisitu,ITB Ganesha / UNPAD Dipatiukur / UNIKOM,Kos Bu Rita,"Jl. Cisitu Lama No.V No.141/154C, RT.2/RW.10, Dago, Coblong, Bandung City, West Java 40135",,,,https://www.google.com/maps/place/Kos+Bu+Rita/data=!4m7!3m6!1s0x2e68e7745574067f:0xfc799264739aca65!8m2!3d-6.8810647!4d107.6136633!16s%2Fg%2F11pdfz_bw9!19sChIJfwZ0VXTnaC4RZcqac2SSefw?authuser=0&hl=id&rclk=1,,
kos Cisitu Bandung,Cisitu,ITB Ganesha / UNPAD Dipatiukur / UNIKOM,Kost Bu Lulu,"Jl. Cisitu Lama VIII No.50, Dago, Kecamatan Coblong, Kota Bandung, Jawa Barat 40135",,,,https://www.google.com/maps/place/Kost+Bu+Lulu/data=!4m7!3m6!1s0x2e68e7004189b3c9:0xbedbb00ac7cfc31b!8m2!3d-6.8794943!4d107.613047!16s%2Fg%2F11wj75pcm9!19sChIJybOJQQDnaC4RG8PPxwqw274?authuser=0&hl=id&rclk=1,,
kos Sadang Serang Bandung,Sadang Serang,ITB Ganesha / UNPAD Dipatiukur / UNIKOM,Kost Ibu Rohaeti,"Jl. Haur Mekar 40133 No.E-19, RT.05/RW.01, Sadang Serang, Kecamatan Coblong, Kota Bandung, Jawa Barat 40133",,,,https://www.google.com/maps/place/Kost+Ibu+Rohaeti/data=!4m7!3m6!1s0x2e68e65340fcc2a5:0x129673d7d5ebc48d!8m2!3d-6.8929224!4d107.6202779!16s%2Fg%2F11c1nzr538!19sChIJpcL8QFPmaC4RjcTr1ddzlhI?authuser=0&hl=id&rclk=1,,
kos Sadang Serang Bandung,Sadang Serang,ITB Ganesha / UNPAD Dipatiukur / UNIKOM,Mim's House,"Jl. Titimplik Dalam No.121 121/151C, Sadang Serang, Coblong, Bandung City, West Java 40133",,,,https://www.google.com/maps/place/Mim%27s+House/data=!4m7!3m6!1s0x2e68e74627c783bb:0xa0629ca65b6944d8!8m2!3d-6.895625!4d107.6207105!16s%2Fg%2F11v0llx8vg!19sChIJu4PHJ0bnaC4R2ERpW6acYqA?authuser=0&hl=id&rclk=1,,
kos dekat UPI Bandung,Gegerkalong,UPI Setiabudi,Kost 7b,"Jl. Gegerkalong Girang No.7b, Gegerkalong, Kec. Sukasari, Kota Bandung, Jawa Barat 40153",,,,https://www.google.com/maps/place/Kost+7b/data=!4m7!3m6!1s0x2e68e73f66d5e20b:0xffa26bbc9d49e7ce!8m2!3d-6.8655095!4d107.592671!16s%2Fg%2F11j6wk586v!19sChIJC-LVZj_naC4RzudJnbxrov8?authuser=0&hl=id&rclk=1,,
kos Sadang Serang Bandung,Sadang Serang,ITB Ganesha / UNPAD Dipatiukur / UNIKOM,KOST ZARLIA,"Jl. Puyuh Dalam No.259 151a, Sadang Serang, Coblong, Bandung City, West Java 40133",,,,https://www.google.com/maps/place/KOST+ZARLIA/data=!4m7!3m6!1s0x2e68e726ce80911f:0x8b48cea030338138!8m2!3d-6.8949887!4d107.6233859!16s%2Fg%2F11t353x1ry!19sChIJH5GAzibnaC4ROIEzMKDOSIs?authuser=0&hl=id&rclk=1,,
kos murah Bandung,Bandung (Lainnya),Lainnya / Umum,Kost Bukit Sari 9,37, dekat UNPAR ITB - Kos Mahasiswa,https://sites.google.com/view/kostbukitsari,ID,,,
kos Sadang Serang Bandung,Sadang Serang,ITB Ganesha / UNPAD Dipatiukur / UNIKOM,Kost Putra Jl. Ciung 5 Bandung,"Jl. Ciung No.5, Sadang Serang, Kecamatan Coblong, Kota Bandung, Jawa Barat 40133",,0818-8286-0306,https://www.google.com/maps/place/Kost+Putra+Jl.+Ciung+5+Bandung/data=!4m7!3m6!1s0x2e68e7001b028c97:0x52525b2f08f83987!8m2!3d-6.8974697!4d107.6208517!16s%2Fg%2F11ys6wj0lx!19sChIJl4wCGwDnaC4Rhzn4CC9bUlI?authuser=0&hl=id&rclk=1,,,
kos murah Bandung,Bandung (Lainnya),Lainnya / Umum,AB Kost Putra,4, No. 45,,ID,,,
kos Sekeloa Bandung,Sekeloa,ITB Ganesha / UNPAD Dipatiukur / UNIKOM,Kosan Sumantri (Sekeloa,23, Coblong),,ID,,,
kos murah Bandung,Bandung (Lainnya),Lainnya / Umum,Rumah Kost - Graha Sejahtera (Hubungi no. Hp dibawah,31, no HP selain itu penipuan),,ID,,,